# claycore OBJ export (vertex-color extension: v x y z r g b)
mtllib 05_star.mtl
usemtl clay_default
o claycore
v 0.233333409 -0.727511823 -0.300000012 0.949019611 0.75686276 0.305882365
v 0.225430071 -0.735415161 -0.274569988 0.949019611 0.75686276 0.305882365
v 0.218660027 -0.727511823 -0.281340033 0.949019611 0.75686276 0.305882365
v 0.233333409 -0.744641483 -0.28379634 0.949019611 0.75686276 0.305882365
v 0.246661276 -0.727511823 -0.266666681 0.949019611 0.75686276 0.305882365
v 0.199999988 -0.694178522 -0.300000012 0.949019611 0.75686276 0.305882365
v 0.199999988 -0.705728173 -0.278216302 0.949019611 0.75686276 0.305882365
v 0.179291755 -0.681553423 -0.287374914 0.949019611 0.75686276 0.305882365
v 0.214170888 -0.713340998 -0.285829157 0.949019611 0.75686276 0.305882365
v 0.233333409 -0.694178522 -0.300000012 0.949019611 0.75686276 0.305882365
v 0.248069704 -0.712775528 -0.266666681 0.949019611 0.75686276 0.305882365
v 0.252558231 -0.694178522 -0.266666681 0.949019611 0.75686276 0.305882365
v 0.148532912 -0.645645618 -0.28480047 0.949019611 0.75686276 0.305882365
v 0.166666687 -0.66084516 -0.300000012 0.949019611 0.75686276 0.305882365
v 0.199999988 -0.66084516 -0.300000012 0.949019611 0.75686276 0.305882365
v 0.233333409 -0.66084516 -0.300000012 0.949019611 0.75686276 0.305882365
v 0.255230546 -0.66084516 -0.266666681 0.949019611 0.75686276 0.305882365
v 0.166666687 -0.627511859 -0.300000012 0.949019611 0.75686276 0.305882365
v 0.133333385 -0.627511859 -0.300000012 0.949019611 0.75686276 0.305882365
v 0.233333409 -0.627511859 -0.300000012 0.949019611 0.75686276 0.305882365
v 0.257902861 -0.627511859 -0.266666681 0.949019611 0.75686276 0.305882365
v 0.104445837 -0.594178498 -0.295554191 0.949019611 0.75686276 0.305882365
v 0.117774054 -0.609737813 -0.282225996 0.949019611 0.75686276 0.305882365
v 0.104445837 -0.594178498 -0.266666681 0.949019611 0.75686276 0.305882365
v 0.133333385 -0.594178498 -0.300000012 0.949019611 0.75686276 0.305882365
v 0.233333409 -0.594178498 -0.300000012 0.949019611 0.75686276 0.305882365
v 0.262949497 -0.564562321 -0.266666681 0.949019611 0.75686276 0.305882365
v 0.100000024 -0.588988483 -0.266666681 0.949019611 0.75686276 0.305882365
v 0.0870151818 -0.573830009 -0.279651523 0.949019611 0.75686276 0.305882365
v 0.100000024 -0.588988483 -0.294809997 0.949019611 0.75686276 0.305882365
v 0.0758922547 -0.560845137 -0.290774465 0.949019611 0.75686276 0.305882365
v 0.0758922547 -0.560845137 -0.266666681 0.949019611 0.75686276 0.305882365
v 0.100000024 -0.560845137 -0.300000012 0.949019611 0.75686276 0.305882365
v 0.103065886 -0.591112614 -0.296934158 0.949019611 0.75686276 0.305882365
v 0.103065886 -0.591112614 -0.266666681 0.949019611 0.75686276 0.305882365
v 0.133333385 -0.560845137 -0.300000012 0.949019611 0.75686276 0.305882365
v 0.233333409 -0.560845137 -0.300000012 0.949019611 0.75686276 0.305882365
v 0.0666667223 -0.550075293 -0.266666681 0.949019611 0.75686276 0.305882365
v 0.0562563315 -0.537922204 -0.277077079 0.949019611 0.75686276 0.305882365
v 0.0666667223 -0.550075293 -0.289230138 0.949019611 0.75686276 0.305882365
v 0.0473387316 -0.527511835 -0.285994649 0.949019611 0.75686276 0.305882365
v 0.0473387316 -0.527511835 -0.266666681 0.949019611 0.75686276 0.305882365
v 0.0666667223 -0.527511835 -0.300000012 0.949019611 0.75686276 0.305882365
v 0.0724562109 -0.555055618 -0.294210523 0.949019611 0.75686276 0.305882365
v 0.0724562109 -0.555055618 -0.266666681 0.949019611 0.75686276 0.305882365
v 0.100000024 -0.527511835 -0.300000012 0.949019611 0.75686276 0.305882365
v 0.26666671 -0.51819557 -0.266666681 0.949019611 0.75686276 0.305882365
v 0.233333409 -0.527511835 -0.300000012 0.949019611 0.75686276 0.305882365
v 0.0333333611 -0.494178504 -0.300000012 0.949019611 0.75686276 0.305882365
v 0.0254974738 -0.502014399 -0.274502575 0.949019611 0.75686276 0.305882365
v 0.0101180514 -0.484060496 -0.289882004 0.949019611 0.75686276 0.305882365
v 0.0413968451 -0.51944834 -0.291936547 0.949019611 0.75686276 0.305882365
v 0.0413968451 -0.51944834 -0.266666681 0.949019611 0.75686276 0.305882365
v 0.0666667223 -0.494178504 -0.300000012 0.949019611 0.75686276 0.305882365
v 0.26666671 -0.51819557 -0.290683717 0.949019611 0.75686276 0.305882365
v 0.26666671 -0.494178504 -0.300000012 0.949019611 0.75686276 0.305882365
v 0.268592149 -0.494178504 -0.266666681 0.949019611 0.75686276 0.305882365
v -0.633333325 -0.460845172 -0.300000012 0.949019611 0.75686276 0.305882365
v -0.638688922 -0.466200739 -0.272022247 0.949019611 0.75686276 0.305882365
v -0.640491486 -0.460845172 -0.273824811 0.949019611 0.75686276 0.305882365
v -0.633333325 -0.466917247 -0.272738755 0.949019611 0.75686276 0.305882365
v -0.607877791 -0.460845172 -0.266666681 0.949019611 0.75686276 0.305882365
v 5.96046448e-08 -0.460845172 -0.300000012 0.949019611 0.75686276 0.305882365
v -0.0052613765 -0.466106594 -0.271928102 0.949019611 0.75686276 0.305882365
v -0.0206408203 -0.448152691 -0.287307531 0.949019611 0.75686276 0.305882365
v 0.0333333611 -0.460845172 -0.300000012 0.949019611 0.75686276 0.305882365
v 0.26666671 -0.427511841 -0.300000012 0.949019611 0.75686276 0.305882365
v 0.26666671 -0.460845172 -0.300000012 0.949019611 0.75686276 0.305882365
v 0.271264464 -0.460845172 -0.266666681 0.949019611 0.75686276 0.305882365
v -0.600000024 -0.457776338 -0.266666681 0.949019611 0.75686276 0.305882365
v -0.600000024 -0.457776338 -0.296931177 0.949019611 0.75686276 0.305882365
v -0.621122599 -0.427511841 -0.266666681 0.949019611 0.75686276 0.305882365
v -0.621122599 -0.427511841 -0.287789255 0.949019611 0.75686276 0.305882365
v -0.600000024 -0.427511841 -0.300000012 0.949019611 0.75686276 0.305882365
v -0.597532213 -0.458377361 -0.297532201 0.949019611 0.75686276 0.305882365
v -0.566666663 -0.427511841 -0.300000012 0.949019611 0.75686276 0.305882365
v -0.553756833 -0.447935343 -0.287090182 0.949019611 0.75686276 0.305882365
v -0.533333302 -0.427511841 -0.300000012 0.949019611 0.75686276 0.305882365
v -0.509981453 -0.437493324 -0.276648164 0.949019611 0.75686276 0.305882365
v -0.5 -0.427511841 -0.300000012 0.949019611 0.75686276 0.305882365
v -0.466666669 -0.427161157 -0.266666681 0.949019611 0.75686276 0.305882365
v -0.0333333015 -0.427511841 -0.300000012 0.949019611 0.75686276 0.305882365
v -0.0360202529 -0.430198789 -0.269353628 0.949019611 0.75686276 0.305882365
v -0.0513996929 -0.412244886 -0.284733057 0.949019611 0.75686276 0.305882365
v 5.96046448e-08 -0.427511841 -0.300000012 0.949019611 0.75686276 0.305882365
v 0.274570405 -0.419608116 -0.266666681 0.949019611 0.75686276 0.305882365
v -0.601959646 -0.396138161 -0.268626332 0.949019611 0.75686276 0.305882365
v -0.600000024 -0.39417851 -0.300000012 0.949019611 0.75686276 0.305882365
v -0.566666663 -0.360845149 -0.300000012 0.949019611 0.75686276 0.305882365
v -0.466666669 -0.39417851 -0.300000012 0.949019611 0.75686276 0.305882365
v -0.466206104 -0.427051276 -0.299539447 0.949019611 0.75686276 0.305882365
v -0.433333337 -0.39417851 -0.300000012 0.949019611 0.75686276 0.305882365
v -0.422430754 -0.416609257 -0.289097428 0.949019611 0.75686276 0.305882365
v -0.399999976 -0.39417851 -0.300000012 0.949019611 0.75686276 0.305882365
v -0.378655374 -0.406167239 -0.27865541 0.949019611 0.75686276 0.305882365
v -0.366666645 -0.39417851 -0.300000012 0.949019611 0.75686276 0.305882365
v -0.334880024 -0.39572522 -0.268213391 0.949019611 0.75686276 0.305882365
v -0.333333313 -0.39417851 -0.300000012 0.949019611 0.75686276 0.305882365
v -0.0666666627 -0.39417851 -0.300000012 0.949019611 0.75686276 0.305882365
v -0.0821585506 -0.376337051 -0.282158583 0.949019611 0.75686276 0.305882365
v -0.0333333015 -0.39417851 -0.300000012 0.949019611 0.75686276 0.305882365
v 0.26666671 -0.39417851 -0.300000012 0.949019611 0.75686276 0.305882365
v 0.276609093 -0.39417851 -0.266666681 0.949019611 0.75686276 0.305882365
v -0.566666663 -0.338356197 -0.266666681 0.949019611 0.75686276 0.305882365
v -0.580402851 -0.360845149 -0.280402839 0.949019611 0.75686276 0.305882365
v -0.291104704 -0.385283202 -0.291104704 0.949019611 0.75686276 0.305882365
v -0.300000012 -0.360845149 -0.300000012 0.949019611 0.75686276 0.305882365
v -0.24732931 -0.374841154 -0.280662686 0.949019611 0.75686276 0.305882365
v -0.266666651 -0.360845149 -0.300000012 0.949019611 0.75686276 0.305882365
v -0.23333329 -0.360845149 -0.300000012 0.949019611 0.75686276 0.305882365
v -0.203553975 -0.364399135 -0.270220667 0.949019611 0.75686276 0.305882365
v -0.199999988 -0.360845149 -0.300000012 0.949019611 0.75686276 0.305882365
v -0.095429033 -0.360845149 -0.295429081 0.949019611 0.75686276 0.305882365
v -0.095429033 -0.360845149 -0.262095749 0.949019611 0.75686276 0.305882365
v -0.0666666627 -0.360845149 -0.300000012 0.949019611 0.75686276 0.305882365
v 0.26666671 -0.360845149 -0.300000012 0.949019611 0.75686276 0.305882365
v 0.279281408 -0.360845149 -0.266666681 0.949019611 0.75686276 0.305882365
v -0.560042977 -0.327511817 -0.266666681 0.949019611 0.75686276 0.305882365
v -0.560042977 -0.327511817 -0.293376327 0.949019611 0.75686276 0.305882365
v -0.533333302 -0.327511817 -0.300000012 0.949019611 0.75686276 0.305882365
v -0.466666669 -0.227511823 -0.300000012 0.949019611 0.75686276 0.305882365
v -0.166666627 -0.355600178 -0.266666681 0.949019611 0.75686276 0.305882365
v -0.166666627 -0.355600178 -0.294755042 0.949019611 0.75686276 0.305882365
v -0.166666627 -0.327511817 -0.300000012 0.949019611 0.75686276 0.305882365
v -0.159778595 -0.353957117 -0.29311198 0.949019611 0.75686276 0.305882365
v -0.133333325 -0.327511817 -0.300000012 0.949019611 0.75686276 0.305882365
v -0.133333325 -0.347648948 -0.286803812 0.949019611 0.75686276 0.305882365
v -0.0999999642 -0.355612546 -0.266666681 0.949019611 0.75686276 0.305882365
v -0.119741 -0.347252846 -0.286407709 0.949019611 0.75686276 0.305882365
v -0.0999999642 -0.355612546 -0.29476741 0.949019611 0.75686276 0.305882365
v -0.0999999642 -0.327511817 -0.300000012 0.949019611 0.75686276 0.305882365
v -0.0968559682 -0.357701153 -0.296856016 0.949019611 0.75686276 0.305882365
v -0.0968559682 -0.357701153 -0.266666681 0.949019611 0.75686276 0.305882365
v -0.0666666627 -0.327511817 -0.300000012 0.949019611 0.75686276 0.305882365
v 0.26666671 -0.327511817 -0.300000012 0.949019611 0.75686276 0.305882365
v 0.281953722 -0.327511817 -0.266666681 0.949019611 0.75686276 0.305882365
v -0.549648106 -0.310493261 -0.282981455 0.949019611 0.75686276 0.305882365
v -0.51932323 -0.260845184 -0.266666681 0.949019611 0.75686276 0.305882365
v -0.533333302 -0.294178486 -0.300000012 0.949019611 0.75686276 0.305882365
v -0.5 -0.260845184 -0.300000012 0.949019611 0.75686276 0.305882365
v 0.300000012 0.172488213 -0.300000012 0.949019611 0.75686276 0.305882365
v 0.26666671 -0.294178486 -0.300000012 0.949019611 0.75686276 0.305882365
v -0.51932323 -0.260845184 -0.28598994 0.949019611 0.75686276 0.305882365
v 0.26666671 -0.260845184 -0.300000012 0.949019611 0.75686276 0.305882365
v 0.287298381 -0.260845184 -0.266666681 0.949019611 0.75686276 0.305882365
v -0.498963356 -0.227511823 -0.266666681 0.949019611 0.75686276 0.305882365
v -0.498963356 -0.227511823 -0.298963368 0.949019611 0.75686276 0.305882365
v 0.26666671 -0.227511823 -0.300000012 0.949019611 0.75686276 0.305882365
v 0.289970696 -0.227511823 -0.266666681 0.949019611 0.75686276 0.305882365
v -0.497336507 -0.22484833 -0.297336519 0.949019611 0.75686276 0.305882365
v -0.466666669 -0.194178462 -0.300000012 0.949019611 0.75686276 0.305882365
v -0.433333337 -0.16084516 -0.300000012 0.949019611 0.75686276 0.305882365
v 0.300000012 -0.21284683 -0.266666681 0.949019611 0.75686276 0.305882365
v 0.300000012 -0.21284683 -0.285335034 0.949019611 0.75686276 0.305882365
v 0.300000012 -0.194178462 -0.300000012 0.949019611 0.75686276 0.305882365
v 0.333139002 -0.194178462 -0.266666681 0.949019611 0.75686276 0.305882365
v -0.466666669 -0.17463544 -0.266666681 0.949019611 0.75686276 0.305882365
v -0.458243608 -0.16084516 -0.266666681 0.949019611 0.75686276 0.305882365
v -0.458243608 -0.16084516 -0.291576952 0.949019611 0.75686276 0.305882365
v 0.333471894 -0.19404 -0.266528219 0.949019611 0.75686276 0.305882365
v 0.333471894 -0.19404 -0.29986155 0.949019611 0.75686276 0.305882365
v 0.366666734 -0.16084516 -0.300000012 0.949019611 0.75686276 0.305882365
v 0.390542001 -0.170303196 -0.276124716 0.949019611 0.75686276 0.305882365
v 0.400000036 -0.16084516 -0.300000012 0.949019611 0.75686276 0.305882365
v 0.413281858 -0.16084516 -0.266666681 0.949019611 0.75686276 0.305882365
v -0.445024878 -0.13920337 -0.278358221 0.949019611 0.75686276 0.305882365
v -0.417523891 -0.0941784978 -0.266666681 0.949019611 0.75686276 0.305882365
v -0.433333337 -0.127511799 -0.300000012 0.949019611 0.75686276 0.305882365
v -0.399999976 -0.0941784978 -0.300000012 0.949019611 0.75686276 0.305882365
v 0.433333337 -0.127511799 -0.300000012 0.949019611 0.75686276 0.305882365
v 0.433333337 -0.152505279 -0.266666681 0.949019611 0.75686276 0.305882365
v 0.433333337 -0.152505279 -0.29166013 0.949019611 0.75686276 0.305882365
v 0.447612107 -0.146566406 -0.285721272 0.949019611 0.75686276 0.305882365
v 0.493424863 -0.127511799 -0.266666681 0.949019611 0.75686276 0.305882365
v 0.466666758 -0.127511799 -0.300000012 0.949019611 0.75686276 0.305882365
v -0.417523891 -0.0941784978 -0.284190565 0.949019611 0.75686276 0.305882365
v -0.366666645 -0.0608451366 -0.300000012 0.949019611 0.75686276 0.305882365
v 0.50000006 -0.124777012 -0.297265232 0.949019611 0.75686276 0.305882365
v 0.50000006 -0.0941784978 -0.300000012 0.949019611 0.75686276 0.305882365
v 0.504682302 -0.122829556 -0.295317769 0.949019611 0.75686276 0.305882365
v 0.533333361 -0.0941784978 -0.300000012 0.949019611 0.75686276 0.305882365
v 0.561752558 -0.0990927145 -0.271580905 0.949019611 0.75686276 0.305882365
v 0.566666782 -0.0941784978 -0.300000012 0.949019611 0.75686276 0.305882365
v -0.399999976 -0.0654882193 -0.266666681 0.949019611 0.75686276 0.305882365
v -0.397163987 -0.0608451366 -0.266666681 0.949019611 0.75686276 0.305882365
v -0.397163987 -0.0608451366 -0.297164023 0.949019611 0.75686276 0.305882365
v -0.333333313 0.00582152605 -0.300000012 0.949019611 0.75686276 0.305882365
v 0.600000083 -0.0831846595 -0.266666681 0.949019611 0.75686276 0.305882365
v 0.600000083 -0.0831846595 -0.289006174 0.949019611 0.75686276 0.305882365
v 0.600000083 -0.0608451366 -0.300000012 0.949019611 0.75686276 0.305882365
v 0.618822634 -0.0753559247 -0.281177461 0.949019611 0.75686276 0.305882365
v 0.633333385 -0.0608451366 -0.300000012 0.949019611 0.75686276 0.305882365
v 0.666666687 -0.0554564595 -0.266666681 0.949019611 0.75686276 0.305882365
v -0.392713368 -0.0535585321 -0.292713404 0.949019611 0.75686276 0.305882365
v -0.366666645 -0.0275118351 -0.300000012 0.949019611 0.75686276 0.305882365
v -0.376804113 -0.0275118351 -0.276804149 0.949019611 0.75686276 0.305882365
v 0.533333361 0.0724881887 -0.300000012 0.949019611 0.75686276 0.305882365
v 0.600000083 0.0391548872 -0.300000012 0.949019611 0.75686276 0.305882365
v 0.666666687 -0.0275118351 -0.300000012 0.949019611 0.75686276 0.305882365
v 0.666666687 -0.0554564595 -0.294611335 0.949019611 0.75686276 0.305882365
v 0.675892711 -0.0516191348 -0.290773988 0.949019611 0.75686276 0.305882365
v 0.700000107 -0.0275118351 -0.300000012 0.949019611 0.75686276 0.305882365
v 0.733853638 -0.0275118351 -0.266146451 0.949019611 0.75686276 0.305882365
v 0.733333409 -0.0275118351 -0.300000012 0.949019611 0.75686276 0.305882365
v -0.363711894 0.00582152605 -0.266666681 0.949019611 0.75686276 0.305882365
v -0.363711894 0.00582152605 -0.297045261 0.949019611 0.75686276 0.305882365
v -0.333333313 0.0391548872 -0.300000012 0.949019611 0.75686276 0.305882365
v 0.700000107 0.00582152605 -0.300000012 0.949019611 0.75686276 0.305882365
v 0.733333409 0.00582152605 -0.300000012 0.949019611 0.75686276 0.305882365
v 0.786003351 0.00582152605 -0.266666681 0.949019611 0.75686276 0.305882365
v 0.76666671 0.00582152605 -0.300000012 0.949019611 0.75686276 0.305882365
v -0.364735395 0.00775278639 -0.26473543 0.949019611 0.75686276 0.305882365
v -0.377375036 0.0284464993 -0.277375072 0.949019611 0.75686276 0.305882365
v -0.366666645 0.0109146573 -0.294906884 0.949019611 0.75686276 0.305882365
v -0.366666645 0.0391548872 -0.300000012 0.949019611 0.75686276 0.305882365
v -0.364207685 0.00828050077 -0.297541052 0.949019611 0.75686276 0.305882365
v -0.364207685 0.00828050077 -0.266666681 0.949019611 0.75686276 0.305882365
v 0.633333385 0.0391548872 -0.300000012 0.949019611 0.75686276 0.305882365
v 0.666666687 0.0391548872 -0.300000012 0.949019611 0.75686276 0.305882365
v 0.700000107 0.0391548872 -0.300000012 0.949019611 0.75686276 0.305882365
v 0.733333409 0.0277282 -0.266666681 0.949019611 0.75686276 0.305882365
v 0.705860376 0.0391548872 -0.266666681 0.949019611 0.75686276 0.305882365
v 0.76666671 0.0138640953 -0.266666681 0.949019611 0.75686276 0.305882365
v -0.399999976 0.0724881887 -0.300000012 0.949019611 0.75686276 0.305882365
v -0.390014648 0.0491401963 -0.290014684 0.949019611 0.75686276 0.305882365
v -0.415293932 0.090527609 -0.281960607 0.949019611 0.75686276 0.305882365
v -0.366666645 0.0724881887 -0.300000012 0.949019611 0.75686276 0.305882365
v 0.50000006 0.10582155 -0.300000012 0.949019611 0.75686276 0.305882365
v 0.566666782 0.0724881887 -0.300000012 0.949019611 0.75686276 0.305882365
v 0.600000083 0.0724881887 -0.300000012 0.949019611 0.75686276 0.305882365
v 0.63064456 0.0697993785 -0.266666681 0.949019611 0.75686276 0.305882365
v 0.625717521 0.0724881887 -0.266666681 0.949019611 0.75686276 0.305882365
v 0.666666687 0.0554564632 -0.266666681 0.949019611 0.75686276 0.305882365
v 0.700000107 0.0415923074 -0.266666681 0.949019611 0.75686276 0.305882365
v -0.42463541 0.10582155 -0.291302085 0.949019611 0.75686276 0.305882365
v -0.42463541 0.10582155 -0.266666681 0.949019611 0.75686276 0.305882365
v -0.399999976 0.10582155 -0.300000012 0.949019611 0.75686276 0.305882365
v -0.399999976 0.139154851 -0.300000012 0.949019611 0.75686276 0.305882365
v 0.333333433 0.172488213 -0.300000012 0.949019611 0.75686276 0.305882365
v 0.466666758 0.10582155 -0.300000012 0.949019611 0.75686276 0.305882365
v 0.433333337 0.10582155 -0.300000012 0.949019611 0.75686276 0.305882365
v 0.533333361 0.10582155 -0.300000012 0.949019611 0.75686276 0.305882365
v 0.566666782 0.0970487744 -0.266666681 0.949019611 0.75686276 0.305882365
v 0.560150206 0.0993049964 -0.266666681 0.949019611 0.75686276 0.305882365
v 0.545574486 0.10582155 -0.266666681 0.949019611 0.75686276 0.305882365
v 0.600000083 0.0831846744 -0.266666681 0.949019611 0.75686276 0.305882365
v -0.427933574 0.111221313 -0.261266917 0.949019611 0.75686276 0.305882365
v -0.440573186 0.131915003 -0.273906529 0.949019611 0.75686276 0.305882365
v -0.433333337 0.120061859 -0.285759687 0.949019611 0.75686276 0.305882365
v -0.466666669 0.17463544 -0.264519453 0.949019611 0.75686276 0.305882365
v -0.453212827 0.152608708 -0.286546171 0.949019611 0.75686276 0.305882365
v -0.433333337 0.139154851 -0.300000012 0.949019611 0.75686276 0.305882365
v -0.427262396 0.111892469 -0.2939291 0.949019611 0.75686276 0.305882365
v -0.427262396 0.111892469 -0.266666681 0.949019611 0.75686276 0.305882365
v 0.366666734 0.139154851 -0.300000012 0.949019611 0.75686276 0.305882365
v 0.400000036 0.139154851 -0.300000012 0.949019611 0.75686276 0.305882365
v 0.433333337 0.139154851 -0.300000012 0.949019611 0.75686276 0.305882365
v 0.46619907 0.138687164 -0.266666681 0.949019611 0.75686276 0.305882365
v 0.50000006 0.124777026 -0.266666681 0.949019611 0.75686276 0.305882365
v 0.533333361 0.110912926 -0.266666681 0.949019611 0.75686276 0.305882365
v -0.465355158 0.172488213 -0.298688501 0.949019611 0.75686276 0.305882365
v -0.433333337 0.172488213 -0.300000012 0.949019611 0.75686276 0.305882365
v 0.366666734 0.172488213 -0.300000012 0.949019611 0.75686276 0.305882365
v 0.400000036 0.166369379 -0.266666681 0.949019611 0.75686276 0.305882365
v 0.395169169 0.167657346 -0.266666681 0.949019611 0.75686276 0.305882365
v 0.385288596 0.172488213 -0.266666681 0.949019611 0.75686276 0.305882365
v 0.433333337 0.152505279 -0.266666681 0.949019611 0.75686276 0.305882365
v 0.442762136 0.148583621 -0.266666681 0.949019611 0.75686276 0.305882365
v -0.478492081 0.193996102 -0.278492093 0.949019611 0.75686276 0.305882365
v -0.466666669 0.17463544 -0.297852784 0.949019611 0.75686276 0.305882365
v -0.491073728 0.214747787 -0.29107374 0.949019611 0.75686276 0.305882365
v -0.466666669 0.205821514 -0.300000012 0.949019611 0.75686276 0.305882365
v -0.199999988 0.33915484 -0.300000012 0.949019611 0.75686276 0.305882365
v 0.300000012 0.205821514 -0.300000012 0.949019611 0.75686276 0.305882365
v 0.26666671 0.205821514 -0.300000012 0.949019611 0.75686276 0.305882365
v 0.333333433 0.194097579 -0.266666681 0.949019611 0.75686276 0.305882365
v 0.305145741 0.205821514 -0.266666681 0.949019611 0.75686276 0.305882365
v 0.366666734 0.180233479 -0.266666681 0.949019611 0.75686276 0.305882365
v -0.503771365 0.235383481 -0.270438015 0.949019611 0.75686276 0.305882365
v -0.5 0.239154816 -0.300000012 0.949019611 0.75686276 0.305882365
v -0.466666669 0.239154816 -0.300000012 0.949019611 0.75686276 0.305882365
v -0.0666666627 0.37248826 -0.300000012 0.949019611 0.75686276 0.305882365
v 5.96046448e-08 0.439154863 -0.300000012 0.949019611 0.75686276 0.305882365
v 0.300000012 0.210926235 -0.266666681 0.949019611 0.75686276 0.305882365
v 0.289931536 0.229086339 -0.266666681 0.949019611 0.75686276 0.305882365
v 0.28737694 0.259865105 -0.266666681 0.949019611 0.75686276 0.305882365
v 0.26666671 0.239154816 -0.300000012 0.949019611 0.75686276 0.305882365
v 0.301511556 0.207333058 -0.266666681 0.949019611 0.75686276 0.305882365
v -0.516411006 0.2560772 -0.283077687 0.949019611 0.75686276 0.305882365
v -0.526434779 0.272488236 -0.266666681 0.949019611 0.75686276 0.305882365
v -0.526434779 0.272488236 -0.29310149 0.949019611 0.75686276 0.305882365
v -0.5 0.272488236 -0.300000012 0.949019611 0.75686276 0.305882365
v 0.26666671 0.272488236 -0.300000012 0.949019611 0.75686276 0.305882365
v -0.529050648 0.27677092 -0.262383997 0.949019611 0.75686276 0.305882365
v -0.54169023 0.297464609 -0.275023609 0.949019611 0.75686276 0.305882365
v -0.533333302 0.283782572 -0.288705677 0.949019611 0.75686276 0.305882365
v -0.533333302 0.305821538 -0.300000012 0.949019611 0.75686276 0.305882365
v -0.554329872 0.318158299 -0.287663221 0.949019611 0.75686276 0.305882365
v -0.52832979 0.277491748 -0.2949965 0.949019611 0.75686276 0.305882365
v -0.52832979 0.277491748 -0.266666681 0.949019611 0.75686276 0.305882365
v -0.5 0.305821538 -0.300000012 0.949019611 0.75686276 0.305882365
v -0.166666627 0.33915484 -0.300000012 0.949019611 0.75686276 0.305882365
v -0.133333325 0.33915484 -0.300000012 0.949019611 0.75686276 0.305882365
v 0.26666671 0.305821538 -0.300000012 0.949019611 0.75686276 0.305882365
v 0.283692628 0.305821538 -0.266666681 0.949019611 0.75686276 0.305882365
v -0.533333302 0.33915484 -0.300000012 0.949019611 0.75686276 0.305882365
v -0.566666663 0.33915484 -0.300000012 0.949019611 0.75686276 0.305882365
v -0.399999976 0.37248826 -0.300000012 0.949019611 0.75686276 0.305882365
v -0.366666645 0.37248826 -0.300000012 0.949019611 0.75686276 0.305882365
v -0.23333329 0.33915484 -0.300000012 0.949019611 0.75686276 0.305882365
v -0.266666651 0.33915484 -0.300000012 0.949019611 0.75686276 0.305882365
v -0.0999999642 0.33915484 -0.300000012 0.949019611 0.75686276 0.305882365
v 0.26666671 0.33915484 -0.300000012 0.949019611 0.75686276 0.305882365
v 0.233333409 0.505821586 -0.300000012 0.949019611 0.75686276 0.305882365
v 0.281020314 0.33915484 -0.266666681 0.949019611 0.75686276 0.305882365
v -0.579609156 0.359545738 -0.279609174 0.949019611 0.75686276 0.305882365
v -0.566666663 0.37248826 -0.300000012 0.949019611 0.75686276 0.305882365
v -0.59192574 0.380562514 -0.291925758 0.949019611 0.75686276 0.305882365
v -0.333333313 0.37248826 -0.300000012 0.949019611 0.75686276 0.305882365
v -0.300000012 0.37248826 -0.300000012 0.949019611 0.75686276 0.305882365
v -0.266666651 0.37248826 -0.300000012 0.949019611 0.75686276 0.305882365
v -0.237465382 0.37248826 -0.266666681 0.949019611 0.75686276 0.305882365
v -0.199999988 0.363551378 -0.266666681 0.949019611 0.75686276 0.305882365
v -0.166666627 0.355600178 -0.266666681 0.949019611 0.75686276 0.305882365
v -0.133333325 0.347648948 -0.266666681 0.949019611 0.75686276 0.305882365
v -0.0999999642 0.355509073 -0.266666681 0.949019611 0.75686276 0.305882365
v -0.119069427 0.353418767 -0.266666681 0.949019611 0.75686276 0.305882365
v -0.0854554772 0.37248826 -0.266666681 0.949019611 0.75686276 0.305882365
v -0.0854554772 0.37248826 -0.285455525 0.949019611 0.75686276 0.305882365
v -0.0333333015 0.405821562 -0.300000012 0.949019611 0.75686276 0.305882365
v 0.26666671 0.37248826 -0.300000012 0.949019611 0.75686276 0.305882365
v 0.278347999 0.37248826 -0.266666681 0.949019611 0.75686276 0.305882365
v -0.607874274 0.405821562 -0.274540931 0.949019611 0.75686276 0.305882365
v -0.600000024 0.405821562 -0.300000012 0.949019611 0.75686276 0.305882365
v -0.566666663 0.405821562 -0.300000012 0.949019611 0.75686276 0.305882365
v -0.533333302 0.405821562 -0.300000012 0.949019611 0.75686276 0.305882365
v -0.5 0.405821562 -0.300000012 0.949019611 0.75686276 0.305882365
v -0.466666669 0.405821562 -0.300000012 0.949019611 0.75686276 0.305882365
v -0.433333337 0.405821562 -0.300000012 0.949019611 0.75686276 0.305882365
v -0.399999976 0.405821562 -0.300000012 0.949019611 0.75686276 0.305882365
v -0.368944943 0.403543264 -0.266666681 0.949019611 0.75686276 0.305882365
v -0.377206206 0.405821562 -0.266666681 0.949019611 0.75686276 0.305882365
v -0.333333313 0.395356268 -0.266666681 0.949019611 0.75686276 0.305882365
v -0.300000012 0.387405068 -0.266666681 0.949019611 0.75686276 0.305882365
v -0.266666651 0.379453838 -0.266666681 0.949019611 0.75686276 0.305882365
v -0.0666666627 0.394422263 -0.266666681 0.949019611 0.75686276 0.305882365
v -0.0569019541 0.405821562 -0.266666681 0.949019611 0.75686276 0.305882365
v -0.0569019541 0.405821562 -0.290235311 0.949019611 0.75686276 0.305882365
v 0.26666671 0.405821562 -0.300000012 0.949019611 0.75686276 0.305882365
v 0.26666671 0.439154863 -0.300000012 0.949019611 0.75686276 0.305882365
v 0.275675684 0.405821562 -0.266666681 0.949019611 0.75686276 0.305882365
v -0.615668118 0.423486769 -0.282334805 0.949019611 0.75686276 0.305882365
v -0.600000024 0.439154863 -0.300000012 0.949019611 0.75686276 0.305882365
v -0.627192676 0.439154863 -0.293859363 0.949019611 0.75686276 0.305882365
v -0.566666663 0.439154863 -0.300000012 0.949019611 0.75686276 0.305882365
v -0.533333302 0.439154863 -0.300000012 0.949019611 0.75686276 0.305882365
v -0.5 0.435112357 -0.266666681 0.949019611 0.75686276 0.305882365
v -0.516947031 0.439154863 -0.266666681 0.949019611 0.75686276 0.305882365
v -0.466666669 0.427161157 -0.266666681 0.949019611 0.75686276 0.305882365
v -0.433333337 0.419209927 -0.266666681 0.949019611 0.75686276 0.305882365
v -0.399999976 0.411258698 -0.266666681 0.949019611 0.75686276 0.305882365
v -0.0333333015 0.433335543 -0.266666681 0.949019611 0.75686276 0.305882365
v -0.0283484347 0.439154863 -0.266666681 0.949019611 0.75686276 0.305882365
v -0.0283484347 0.439154863 -0.295015156 0.949019611 0.75686276 0.305882365
v 0.27300337 0.439154863 -0.266666681 0.949019611 0.75686276 0.305882365
v -0.600000024 0.458966047 -0.266666681 0.949019611 0.75686276 0.305882365
v -0.566666663 0.451014817 -0.266666681 0.949019611 0.75686276 0.305882365
v -0.584004343 0.455150485 -0.266666681 0.949019611 0.75686276 0.305882365
v -0.530177355 0.44231078 -0.266666681 0.949019611 0.75686276 0.305882365
v -0.557090878 0.448730648 -0.266666681 0.949019611 0.75686276 0.305882365
v 0.000205095319 0.472488165 -0.266666681 0.949019611 0.75686276 0.305882365
v 0.000205095319 0.472488165 -0.299794972 0.949019611 0.75686276 0.305882365
v 0.26666671 0.472488165 -0.300000012 0.949019611 0.75686276 0.305882365
v 0.270331055 0.472488165 -0.266666681 0.949019611 0.75686276 0.305882365
v 0.26666671 0.505821586 -0.300000012 0.949019611 0.75686276 0.305882365
v 0.26666671 0.51819551 -0.266666681 0.949019611 0.75686276 0.305882365
v 0.0573122427 0.539154887 -0.276021153 0.949019611 0.75686276 0.305882365
v 0.0333333611 0.505821586 -0.300000012 0.949019611 0.75686276 0.305882365
v 0.0666667223 0.539154887 -0.300000012 0.949019611 0.75686276 0.305882365
v 0.100000024 0.572488189 -0.300000012 0.949019611 0.75686276 0.305882365
v 0.233333409 0.539154887 -0.300000012 0.949019611 0.75686276 0.305882365
v 0.0666667223 0.550075293 -0.266666681 0.949019611 0.75686276 0.305882365
v 0.0858657733 0.572488189 -0.266666681 0.949019611 0.75686276 0.305882365
v 0.0858657733 0.572488189 -0.280800939 0.949019611 0.75686276 0.305882365
v 0.133333385 0.605821609 -0.300000012 0.949019611 0.75686276 0.305882365
v 0.233333409 0.572488189 -0.300000012 0.949019611 0.75686276 0.305882365
v 0.262314081 0.572488189 -0.266666681 0.949019611 0.75686276 0.305882365
v 0.100000024 0.588988483 -0.266666681 0.949019611 0.75686276 0.305882365
v 0.114419386 0.605821609 -0.266666681 0.949019611 0.75686276 0.305882365
v 0.114419386 0.605821609 -0.285580665 0.949019611 0.75686276 0.305882365
v 0.233333409 0.605821609 -0.300000012 0.949019611 0.75686276 0.305882365
v 0.259641767 0.605821609 -0.266666681 0.949019611 0.75686276 0.305882365
v 0.133333385 0.627901733 -0.266666681 0.949019611 0.75686276 0.305882365
v 0.142972916 0.639154911 -0.266666681 0.949019611 0.75686276 0.305882365
v 0.142972916 0.639154911 -0.290360481 0.949019611 0.75686276 0.305882365
v 0.166666687 0.639154911 -0.300000012 0.949019611 0.75686276 0.305882365
v 0.233333409 0.639154911 -0.300000012 0.949019611 0.75686276 0.305882365
v 0.254297137 0.672488213 -0.266666681 0.949019611 0.75686276 0.305882365
v 0.166666687 0.666814923 -0.266666681 0.949019611 0.75686276 0.305882365
v 0.171526447 0.672488213 -0.266666681 0.949019611 0.75686276 0.305882365
v 0.171526447 0.672488213 -0.295140266 0.949019611 0.75686276 0.305882365
v 0.199999988 0.672488213 -0.300000012 0.949019611 0.75686276 0.305882365
v 0.233333409 0.672488213 -0.300000012 0.949019611 0.75686276 0.305882365
v 0.199999988 0.705728114 -0.266666681 0.949019611 0.75686276 0.305882365
v 0.200110674 0.705821514 -0.299889326 0.949019611 0.75686276 0.305882365
v 0.233333409 0.705821514 -0.300000012 0.949019611 0.75686276 0.305882365
v 0.250267237 0.722755432 -0.266666681 0.949019611 0.75686276 0.305882365
v 0.233333409 0.739154935 -0.300000012 0.949019611 0.75686276 0.305882365
v 0.238938421 0.739154935 -0.266666681 0.949019611 0.75686276 0.305882365
v 0.233333409 0.744641483 -0.266666681 0.949019611 0.75686276 0.305882365
v 0.237867489 0.743689001 -0.266666681 0.949019611 0.75686276 0.305882365
v 0.218660027 -0.727511823 0.26666671 0.949019611 0.75686276 0.305882365
v 0.271665186 -0.455846697 -0.12833485 0.949019611 0.75686276 0.305882365
v 0.0408768952 -0.519968331 -0.259123147 0.949019611 0.75686276 0.305882365
v 0.0716357529 -0.555876136 -0.26169765 0.949019611 0.75686276 0.305882365
v 0.289970696 -0.227511823 0.26666671 0.949019611 0.75686276 0.305882365
v -0.133333325 -0.347648948 0.0798628703 0.949019611 0.75686276 0.305882365
v -0.376804113 -0.0275118351 -0.110137478 0.949019611 0.75686276 0.305882365
v 0.733333409 -0.0277282074 0.266450346 0.949019611 0.75686276 0.305882365
v 0.701721549 0.0408763215 -0.166666672 0.949019611 0.75686276 0.305882365
v 0.733333409 0.0277282 -0.244760022 0.949019611 0.75686276 0.305882365
v -0.363711894 0.00582152605 0 0.949019611 0.75686276 0.305882365
v 0.625717521 0.0724881887 -0.240949243 0.949019611 0.75686276 0.305882365
v 0.625717521 0.0724881887 -0.233333349 0.949019611 0.75686276 0.305882365
v 0.63064456 0.0697993785 -0.236022159 0.949019611 0.75686276 0.305882365
v 0.560150206 0.0993049964 -0.239849895 0.949019611 0.75686276 0.305882365
v 0.466666758 0.138641119 -0.233333349 0.949019611 0.75686276 0.305882365
v 0.50000006 0.124777026 -0.21437785 0.949019611 0.75686276 0.305882365
v 0.385288596 0.172488213 -0.233333349 0.949019611 0.75686276 0.305882365
v 0.400000036 0.166369379 -0.239452183 0.949019611 0.75686276 0.305882365
v 0.395169169 0.167657346 -0.238164216 0.949019611 0.75686276 0.305882365
v 0.442762136 0.148583621 -0.233333349 0.949019611 0.75686276 0.305882365
v 0.301511556 0.207333058 -0.233333349 0.949019611 0.75686276 0.305882365
v 0.333333433 0.194097579 -0.245057285 0.949019611 0.75686276 0.305882365
v 0.348595113 0.187749892 -0.251405001 0.949019611 0.75686276 0.305882365
v 0.372136861 0.177958339 -0.261196554 0.949019611 0.75686276 0.305882365
v 0.275675684 0.405821562 -0.200000003 0.949019611 0.75686276 0.305882365
v -0.237465382 0.37248826 -0.237465441 0.949019611 0.75686276 0.305882365
v -0.23333329 0.371502608 -0.234319001 0.949019611 0.75686276 0.305882365
v -0.207215637 0.365272582 -0.207215667 0.949019611 0.75686276 0.305882365
v -0.133333325 0.347648948 -0.22483924 0.949019611 0.75686276 0.305882365
v -0.368944943 0.403543264 -0.235611662 0.949019611 0.75686276 0.305882365
v -0.333333313 0.395356268 -0.166666672 0.949019611 0.75686276 0.305882365
v -0.261042595 0.378112286 -0.261042655 0.949019611 0.75686276 0.305882365
v -0.23333329 0.371502608 -0.200985655 0.949019611 0.75686276 0.305882365
v -0.50351727 0.435637623 -0.236850604 0.949019611 0.75686276 0.305882365
v -0.5 0.435112357 -0.233333349 0.949019611 0.75686276 0.305882365
v -0.399999976 0.411258698 -0.233333349 0.949019611 0.75686276 0.305882365
v 0.200557783 0.706379294 0.13389115 0.949019611 0.75686276 0.305882365
v -0.533333302 0.443063587 -0.262757957 0.949019611 0.75686276 0.305882365
v -0.530177355 0.44231078 -0.263510764 0.949019611 0.75686276 0.305882365
v 0.259641767 0.605821609 -0.240358293 0.949019611 0.75686276 0.305882365
v 0.250267237 0.722755432 0.0502671786 0.949019611 0.75686276 0.305882365
v 0.200557783 0.706379294 -0.200000003 0.949019611 0.75686276 0.305882365
v 0.233333409 0.744641483 -0.261180133 0.949019611 0.75686276 0.305882365
v 0.238938421 0.739154935 -0.261061668 0.949019611 0.75686276 0.305882365
v 0.237867489 0.743689001 -0.262132585 0.949019611 0.75686276 0.305882365
v 0.786003351 0.00582152605 -0.200000003 0.949019611 0.75686276 0.305882365
v 0.466666758 0.138641119 -0.200513735 0.949019611 0.75686276 0.305882365
v 0.442762136 0.148583621 -0.0239045694 0.949019611 0.75686276 0.305882365
v 0.442762136 0.148583621 -0.22390458 0.949019611 0.75686276 0.305882365
v 0.325053364 0.19754146 -0.200000003 0.949019611 0.75686276 0.305882365
v 0.348595113 0.187749892 -0.200000003 0.949019611 0.75686276 0.305882365
v 0.289931536 0.229086339 -0.200000003 0.949019611 0.75686276 0.305882365
v -0.180302128 0.358852744 -0.180302173 0.949019611 0.75686276 0.305882365
v -0.153388634 0.352432877 -0.220055342 0.949019611 0.75686276 0.305882365
v -0.119069427 0.353418767 -0.219069466 0.949019611 0.75686276 0.305882365
v -0.287956119 0.384532154 -0.221289456 0.949019611 0.75686276 0.305882365
v -0.300000012 0.387405068 -0.200000003 0.949019611 0.75686276 0.305882365
v -0.533333302 0.443063587 -0.0960912704 0.949019611 0.75686276 0.305882365
v -0.422523499 0.416631401 -0.22252351 0.949019611 0.75686276 0.305882365
v -0.399999976 0.411258698 -0.227896199 0.949019611 0.75686276 0.305882365
v 0.228633597 0.739154935 -0.204699799 0.949019611 0.75686276 0.305882365
v 0.233333409 0.744641483 0.0721532181 0.949019611 0.75686276 0.305882365
v 0.238938421 0.739154935 -0.227728337 0.949019611 0.75686276 0.305882365
v 0.748805046 0.0212931875 -0.166666672 0.949019611 0.75686276 0.305882365
v 0.76666671 0.0138640953 -0.191957444 0.949019611 0.75686276 0.305882365
v 0.748805046 0.0212931875 -0.184528351 0.949019611 0.75686276 0.305882365
v 0.700000107 0.0415923074 -0.13333334 0.949019611 0.75686276 0.305882365
v 0.305145741 0.205821514 -0.194854304 0.949019611 0.75686276 0.305882365
v 0.301511556 0.207333058 -0.165155128 0.949019611 0.75686276 0.305882365
v 0.289931536 0.229086339 -0.176735163 0.949019611 0.75686276 0.305882365
v 0.300000012 0.210926235 -0.194895267 0.949019611 0.75686276 0.305882365
v -0.133333325 0.347648948 -0.13333334 0.949019611 0.75686276 0.305882365
v -0.422523499 0.416631401 -0.166666672 0.949019611 0.75686276 0.305882365
v -0.530177355 0.44231078 -0.163510755 0.949019611 0.75686276 0.305882365
v 0.271264464 -0.460845172 -0.099999994 0.949019611 0.75686276 0.305882365
v 0.190106496 -0.694178522 0.26666671 0.949019611 0.75686276 0.305882365
v 0.786003351 0.00582152605 -0.113996729 0.949019611 0.75686276 0.305882365
v 0.748805046 0.0212931875 -0.13333334 0.949019611 0.75686276 0.305882365
v 0.748805046 0.0212931875 -0.151195019 0.949019611 0.75686276 0.305882365
v 0.700000107 0.0415923074 -0.164229244 0.949019611 0.75686276 0.305882365
v 0.465431601 0.139154851 -0.0679018125 0.949019611 0.75686276 0.305882365
v 0.372136861 0.177958339 -0.13333334 0.949019611 0.75686276 0.305882365
v 0.372136861 0.177958339 -0.127863213 0.949019611 0.75686276 0.305882365
v 0.333333433 0.194097579 -0.13333334 0.949019611 0.75686276 0.305882365
v 0.325053364 0.19754146 -0.108280055 0.949019611 0.75686276 0.305882365
v 0.305145741 0.205821514 -0.13333334 0.949019611 0.75686276 0.305882365
v 0.348595113 0.187749892 -0.151404977 0.949019611 0.75686276 0.305882365
v 0.301511556 0.207333058 -0.0984884575 0.949019611 0.75686276 0.305882365
v 0.300000012 0.210926235 -0.161561936 0.949019611 0.75686276 0.305882365
v -0.287956119 0.384532154 -0.099999994 0.949019611 0.75686276 0.305882365
v -0.119069427 0.353418767 -0.152402788 0.949019611 0.75686276 0.305882365
v -0.395610005 0.410211533 -0.0956100151 0.949019611 0.75686276 0.305882365
v 0.238938421 0.739154935 -0.161061659 0.949019611 0.75686276 0.305882365
v 0.238938421 0.739154935 -0.13333334 0.949019611 0.75686276 0.305882365
v 0.233333409 -0.744641483 0.26666671 0.949019611 0.75686276 0.305882365
v 0.246661276 -0.727511823 0.279994577 0.949019611 0.75686276 0.305882365
v -0.633333325 -0.448786706 0.26666671 0.949019611 0.75686276 0.305882365
v 0.600000083 0.0831846744 -0.122636862 0.949019611 0.75686276 0.305882365
v 0.600000083 0.0831846744 -0.099999994 0.949019611 0.75686276 0.305882365
v 0.566666782 0.0970487744 -0.10877277 0.949019611 0.75686276 0.305882365
v 0.560470998 0.0996257514 -0.106195793 0.949019611 0.75686276 0.305882365
v 0.560470998 0.0996257514 -0.099999994 0.949019611 0.75686276 0.305882365
v 0.489845663 0.12900047 -0.099999994 0.949019611 0.75686276 0.305882365
v 0.333333433 0.194097579 -0.099999994 0.949019611 0.75686276 0.305882365
v 0.333333433 0.194097579 -0.111723945 0.949019611 0.75686276 0.305882365
v 0.348595113 0.187749892 -0.099999994 0.949019611 0.75686276 0.305882365
v 0.348595113 0.187749892 -0.118071638 0.949019611 0.75686276 0.305882365
v 0.289931536 0.229086339 0.0333333313 0.949019611 0.75686276 0.305882365
v -0.133333325 0.347648948 -0.099999994 0.949019611 0.75686276 0.305882365
v 0.277481019 0.383302569 -0.122519016 0.949019611 0.75686276 0.305882365
v -0.333333313 0.395356268 -0.099999994 0.949019611 0.75686276 0.305882365
v -0.341783047 0.397371829 -0.108449727 0.949019611 0.75686276 0.305882365
v -0.300000012 0.387405068 -0.099999994 0.949019611 0.75686276 0.305882365
v 0.275675684 0.405821562 -0.0666666627 0.949019611 0.75686276 0.305882365
v -0.627192676 0.439154863 -0.099999994 0.949019611 0.75686276 0.305882365
v -0.600000024 0.458966047 -0.0801888034 0.949019611 0.75686276 0.305882365
v -0.566666663 0.451014817 -0.099999994 0.949019611 0.75686276 0.305882365
v 0.237867489 0.743689001 -0.128799245 0.949019611 0.75686276 0.305882365
v 0.194671184 -0.699507296 -0.0719954669 0.949019611 0.75686276 0.305882365
v 0.199999988 -0.705728173 0.26666671 0.949019611 0.75686276 0.305882365
v -0.600000024 -0.457776338 0.26666671 0.949019611 0.75686276 0.305882365
v -0.0999999642 -0.355612546 0.233333349 0.949019611 0.75686276 0.305882365
v -0.621122599 -0.427511841 0.199999988 0.949019611 0.75686276 0.305882365
v 0.700000107 -0.0415923074 0.26666671 0.949019611 0.75686276 0.305882365
v 0.748805046 0.0212931875 -0.0666666627 0.949019611 0.75686276 0.305882365
v 0.733333409 0.0277282 -0.078093335 0.949019611 0.75686276 0.305882365
v 0.633333385 0.0693205595 -0.0333333313 0.949019611 0.75686276 0.305882365
v 0.76666671 0.0138640953 -0.091957435 0.949019611 0.75686276 0.305882365
v 0.748805046 0.0212931875 -0.0845283493 0.949019611 0.75686276 0.305882365
v 0.560470998 0.0996257514 -0.0728624538 0.949019611 0.75686276 0.305882365
v 0.600000083 0.0831846744 -0.0893035233 0.949019611 0.75686276 0.305882365
v 0.584012747 0.089834176 -0.0826540217 0.949019611 0.75686276 0.305882365
v 0.607554495 0.0800426155 -0.0924455747 0.949019611 0.75686276 0.305882365
v 0.53692919 0.109417342 0.0369291268 0.949019611 0.75686276 0.305882365
v 0.465431601 0.139154851 -0.0666666627 0.949019611 0.75686276 0.305882365
v 0.333333433 0.194097579 -0.0783906057 0.949019611 0.75686276 0.305882365
v 0.348595113 0.187749892 -0.0666666627 0.949019611 0.75686276 0.305882365
v 0.348595113 0.187749892 -0.0847382993 0.949019611 0.75686276 0.305882365
v -0.314869583 0.390951991 -0.0815362409 0.949019611 0.75686276 0.305882365
v -0.530177355 0.44231078 -0.0666666627 0.949019611 0.75686276 0.305882365
v -0.533333302 0.443063587 -0.0666666627 0.949019611 0.75686276 0.305882365
v -0.557090878 0.448730648 -0.0904242173 0.949019611 0.75686276 0.305882365
v 0.238938421 0.739154935 -0.0666666627 0.949019611 0.75686276 0.305882365
v -0.607877791 -0.460845172 0.26666671 0.949019611 0.75686276 0.305882365
v 0.300000012 -0.21284683 0.26666671 0.949019611 0.75686276 0.305882365
v 0.786003351 0.00582152605 0.0526699275 0.949019611 0.75686276 0.305882365
v 0.772346795 0.0115016103 -0.0609865822 0.949019611 0.75686276 0.305882365
v 0.666666687 0.0554564632 -0.0170317404 0.949019611 0.75686276 0.305882365
v 0.325053364 0.19754146 0.0250532757 0.949019611 0.75686276 0.305882365
v 0.300000012 0.210926235 -0.0282285996 0.949019611 0.75686276 0.305882365
v 0.301511556 0.207333058 0.0666666627 0.949019611 0.75686276 0.305882365
v -0.119069427 0.353418767 -0.0333333313 0.949019611 0.75686276 0.305882365
v 0.281020314 0.33915484 -0.0333333313 0.949019611 0.75686276 0.305882365
v -0.516947031 0.439154863 -0.0333333313 0.949019611 0.75686276 0.305882365
v -0.50326395 0.435890943 -0.00326392986 0.949019611 0.75686276 0.305882365
v -0.516947031 0.439154863 -0.0502803996 0.949019611 0.75686276 0.305882365
v 0.238938421 0.739154935 -0.0610616468 0.949019611 0.75686276 0.305882365
v 0.214170888 -0.713340998 0.26666671 0.949019611 0.75686276 0.305882365
v 0.748805046 0.0212931875 0 0.949019611 0.75686276 0.305882365
v 0.76666671 0.0138640953 0 0.949019611 0.75686276 0.305882365
v 0.705860376 0.0391548872 0 0.949019611 0.75686276 0.305882365
v 0.705860376 0.0391548872 0.0333333313 0.949019611 0.75686276 0.305882365
v 0.465431601 0.139154851 0 0.949019611 0.75686276 0.305882365
v 0.305145741 0.205821514 -0.0281876307 0.949019611 0.75686276 0.305882365
v 0.305145741 0.205821514 0 0.949019611 0.75686276 0.305882365
v -0.366666645 0.403307498 0 0.949019611 0.75686276 0.305882365
v -0.341783047 0.397371829 -0.00844973139 0.949019611 0.75686276 0.305882365
v -0.368696511 0.403791696 0 0.949019611 0.75686276 0.305882365
v -0.333333313 0.395356268 0 0.949019611 0.75686276 0.305882365
v -0.516947031 0.439154863 0 0.949019611 0.75686276 0.305882365
v -0.5 0.435112357 0.0959575251 0.949019611 0.75686276 0.305882365
v -0.530177355 0.44231078 0 0.949019611 0.75686276 0.305882365
v -0.566666663 0.451014817 -0.0333333313 0.949019611 0.75686276 0.305882365
v 0.26765871 0.505821586 0 0.949019611 0.75686276 0.305882365
v 0.256969452 0.639154911 0.0236360673 0.949019611 0.75686276 0.305882365
v 0.238938421 0.739154935 -0.0277283154 0.949019611 0.75686276 0.305882365
v 0.238938421 0.739154935 0 0.949019611 0.75686276 0.305882365
v -0.638688922 -0.466200739 0.26666671 0.949019611 0.75686276 0.305882365
v -0.119741 -0.347252846 0.26666671 0.949019611 0.75686276 0.305882365
v 0.748805046 0.0212931875 0.0154716475 0.949019611 0.75686276 0.305882365
v 0.700000107 0.0415923074 0.166666687 0.949019611 0.75686276 0.305882365
v -0.133333325 0.347648948 0.0666666627 0.949019611 0.75686276 0.305882365
v -0.119069427 0.353418767 0.0333333313 0.949019611 0.75686276 0.305882365
v -0.341783047 0.397371829 0.0248836 0.949019611 0.75686276 0.305882365
v -0.341783047 0.397371829 0.0582169294 0.949019611 0.75686276 0.305882365
v -0.600000024 0.458966047 0.0198111907 0.949019611 0.75686276 0.305882365
v -0.557090878 0.448730648 0.00957577862 0.949019611 0.75686276 0.305882365
v 0.238938421 0.739154935 0.00560501684 0.949019611 0.75686276 0.305882365
v 0.238938421 0.739154935 0.0333333313 0.949019611 0.75686276 0.305882365
v -0.640491486 -0.460845172 0.26666671 0.949019611 0.75686276 0.305882365
v -0.633333325 -0.466917247 0.26666671 0.949019611 0.75686276 0.305882365
v 0.348595113 0.187749892 0.100000024 0.949019611 0.75686276 0.305882365
v 0.513387442 0.11920891 0.0666666627 0.949019611 0.75686276 0.305882365
v 0.289931536 0.229086339 0.289931536 0.949019611 0.75686276 0.305882365
v 0.300000012 0.210926235 0.0666666627 0.949019611 0.75686276 0.305882365
v -0.333333313 0.395356268 0.100000024 0.949019611 0.75686276 0.305882365
v -0.627192676 0.439154863 0.26666671 0.949019611 0.75686276 0.305882365
v 0.255215198 0.66103673 0.0666666627 0.949019611 0.75686276 0.305882365
v 0.265111119 0.537599325 0.100000024 0.949019611 0.75686276 0.305882365
v 0.238938421 0.739154935 0.0389383473 0.949019611 0.75686276 0.305882365
v -0.433333337 -0.419209927 0.26666671 0.949019611 0.75686276 0.305882365
v 0.489845663 0.12900047 0.133333355 0.949019611 0.75686276 0.305882365
v 0.305145741 0.205821514 0.105145723 0.949019611 0.75686276 0.305882365
v 0.325053364 0.19754146 0.0917199627 0.949019611 0.75686276 0.305882365
v -0.566666663 0.338356197 0.26666671 0.949019611 0.75686276 0.305882365
v -0.584004343 0.455150485 0.0826623142 0.949019611 0.75686276 0.305882365
v -0.516947031 0.439154863 0.133333355 0.949019611 0.75686276 0.305882365
v 0.228633597 0.739154935 0.09530022 0.949019611 0.75686276 0.305882365
v 0.233333409 0.744641483 0.105486572 0.949019611 0.75686276 0.305882365
v -0.399999976 -0.411258698 0.26666671 0.949019611 0.75686276 0.305882365
v -0.133333325 -0.347648948 0.26666671 0.949019611 0.75686276 0.305882365
v -0.363711894 0.00582152605 0.233333349 0.949019611 0.75686276 0.305882365
v 0.513387442 0.11920891 0.146720722 0.949019611 0.75686276 0.305882365
v -0.530177355 0.44231078 0.203155905 0.949019611 0.75686276 0.305882365
v -0.422523499 0.416631401 0.17747651 0.949019611 0.75686276 0.305882365
v -0.600000024 0.458966047 0.219811201 0.949019611 0.75686276 0.305882365
v -0.584004343 0.455150485 0.11599566 0.949019611 0.75686276 0.305882365
v 0.257689178 0.630177379 0.133333355 0.949019611 0.75686276 0.305882365
v 0.166666687 -0.666814923 0.26666671 0.949019611 0.75686276 0.305882365
v 0.260044277 -0.600800931 0.293377578 0.949019611 0.75686276 0.305882365
v 0.333471894 -0.19404 0.26666671 0.949019611 0.75686276 0.305882365
v -0.42463541 0.10582155 0.233333349 0.949019611 0.75686276 0.305882365
v 0.533333361 0.110912926 0.238424733 0.949019611 0.75686276 0.305882365
v 0.300000012 0.210926235 0.205104724 0.949019611 0.75686276 0.305882365
v -0.266666651 0.379453838 0.140298933 0.949019611 0.75686276 0.305882365
v 0.259641767 0.605821609 0.292975068 0.949019611 0.75686276 0.305882365
v 0.199999988 0.705728114 0.26657334 0.949019611 0.75686276 0.305882365
v 0.250267237 0.722755432 0.250267208 0.949019611 0.75686276 0.305882365
v 0.238938421 0.739154935 0.138938367 0.949019611 0.75686276 0.305882365
v 0.238938421 0.739154935 0.172271699 0.949019611 0.75686276 0.305882365
v 0.248069704 -0.712775528 0.281403005 0.949019611 0.75686276 0.305882365
v 0.104445837 -0.594178498 0.233333349 0.949019611 0.75686276 0.305882365
v 0.268759966 -0.492085248 0.268759966 0.949019611 0.75686276 0.305882365
v -0.597532213 -0.458377361 0.26666671 0.949019611 0.75686276 0.305882365
v -0.566666663 -0.451014817 0.26666671 0.949019611 0.75686276 0.305882365
v -0.095429033 -0.360845149 0.233333349 0.949019611 0.75686276 0.305882365
v -0.417523891 -0.0941784978 0.26666671 0.949019611 0.75686276 0.305882365
v -0.399999976 -0.0654882193 0.26666671 0.949019611 0.75686276 0.305882365
v 0.584012747 0.089834176 0.250679344 0.949019611 0.75686276 0.305882365
v -0.433333337 0.120061859 0.233333349 0.949019611 0.75686276 0.305882365
v 0.466666758 0.138641119 0.199999988 0.949019611 0.75686276 0.305882365
v 0.465431601 0.139154851 0.199999988 0.949019611 0.75686276 0.305882365
v 0.465431601 0.139154851 0.198764831 0.949019611 0.75686276 0.305882365
v 0.489845663 0.12900047 0.199999988 0.949019611 0.75686276 0.305882365
v 0.400000036 0.166369379 0.199999988 0.949019611 0.75686276 0.305882365
v 0.400000036 0.166369379 0.193881169 0.949019611 0.75686276 0.305882365
v 0.39567861 0.168166772 0.195678547 0.949019611 0.75686276 0.305882365
v 0.372136861 0.177958339 0.205470115 0.949019611 0.75686276 0.305882365
v 0.385288596 0.172488213 0.199999988 0.949019611 0.75686276 0.305882365
v 0.385288596 0.172488213 0.185288548 0.949019611 0.75686276 0.305882365
v 0.277481019 0.383302569 0.210814312 0.949019611 0.75686276 0.305882365
v -0.366666645 0.403307498 0.23081927 0.949019611 0.75686276 0.305882365
v 5.96046448e-08 0.472248793 0.26666671 0.949019611 0.75686276 0.305882365
v -0.0283484347 0.439154863 0.26666671 0.949019611 0.75686276 0.305882365
v 0.100000024 0.588988483 0.26666671 0.949019611 0.75686276 0.305882365
v 0.238938421 0.739154935 0.272271723 0.949019611 0.75686276 0.305882365
v 0.237867489 0.743689001 0.271200806 0.949019611 0.75686276 0.305882365
v 0.161552936 -0.66084516 0.26666671 0.949019611 0.75686276 0.305882365
v 0.0758922547 -0.560845137 0.233333349 0.949019611 0.75686276 0.305882365
v 0.100000024 -0.588988483 0.238523379 0.949019611 0.75686276 0.305882365
v 0.0473387316 -0.527511835 0.26666671 0.949019611 0.75686276 0.305882365
v 0.0408768952 -0.519968331 0.233333349 0.949019611 0.75686276 0.305882365
v 0.0666667223 -0.550075293 0.233333349 0.949019611 0.75686276 0.305882365
v -0.621122599 -0.427511841 0.26666671 0.949019611 0.75686276 0.305882365
v -0.366666645 -0.403307498 0.26666671 0.949019611 0.75686276 0.305882365
v -0.18865481 -0.360845149 0.26666671 0.949019611 0.75686276 0.305882365
v -0.23333329 -0.371502608 0.26666671 0.949019611 0.75686276 0.305882365
v 0.466666758 -0.138641134 0.26666671 0.949019611 0.75686276 0.305882365
v 0.433333337 -0.152505279 0.26666671 0.949019611 0.75686276 0.305882365
v 0.493424863 -0.127511799 0.26666671 0.949019611 0.75686276 0.305882365
v 0.573567748 -0.0941784978 0.26666671 0.949019611 0.75686276 0.305882365
v 0.600000083 -0.0831846595 0.26666671 0.949019611 0.75686276 0.305882365
v -0.363711894 0.00582152605 0.26666671 0.949019611 0.75686276 0.305882365
v -0.383915663 0.0391548872 0.26666671 0.949019611 0.75686276 0.305882365
v -0.366666645 0.0109146573 0.238426477 0.949019611 0.75686276 0.305882365
v 0.772346795 0.0115016103 0.272346795 0.949019611 0.75686276 0.305882365
v 0.678179741 0.0506679118 0.278179735 0.949019611 0.75686276 0.305882365
v -0.465355158 0.172488213 0.233333349 0.949019611 0.75686276 0.305882365
v 0.39567861 0.168166772 0.262345254 0.949019611 0.75686276 0.305882365
v -0.485715002 0.205821514 0.26666671 0.949019611 0.75686276 0.305882365
v 0.348595113 0.187749892 0.233333349 0.949019611 0.75686276 0.305882365
v 0.372136861 0.177958339 0.272136837 0.949019611 0.75686276 0.305882365
v 0.348595113 0.187749892 0.215261698 0.949019611 0.75686276 0.305882365
v 0.301511556 0.207333058 0.268178254 0.949019611 0.75686276 0.305882365
v -0.526434779 0.272488236 0.233333349 0.949019611 0.75686276 0.305882365
v -0.533333302 0.283782572 0.233333349 0.949019611 0.75686276 0.305882365
v -0.506074846 0.239154816 0.26666671 0.949019611 0.75686276 0.305882365
v -0.600000024 0.392929822 0.233333349 0.949019611 0.75686276 0.305882365
v -0.607874274 0.405821562 0.26666671 0.949019611 0.75686276 0.305882365
v -0.377206206 0.405821562 0.26666671 0.949019611 0.75686276 0.305882365
v -0.261042595 0.378112286 0.233333349 0.949019611 0.75686276 0.305882365
v 0.275007039 0.414161891 0.275007039 0.949019611 0.75686276 0.305882365
v -0.615668118 0.423486769 0.26666671 0.949019611 0.75686276 0.305882365
v -0.600000024 0.458966047 0.286477894 0.949019611 0.75686276 0.305882365
v -0.566666663 0.451014817 0.233333349 0.949019611 0.75686276 0.305882365
v 0.133333385 0.627901733 0.26666671 0.949019611 0.75686276 0.305882365
v 0.142972916 0.639154911 0.26666671 0.949019611 0.75686276 0.305882365
v 0.133153498 -0.627691746 0.26666671 0.949019611 0.75686276 0.305882365
v 0.104445837 -0.594178498 0.26666671 0.949019611 0.75686276 0.305882365
v 0.100000024 -0.588988483 0.26666671 0.949019611 0.75686276 0.305882365
v 0.0758922547 -0.560845137 0.26666671 0.949019611 0.75686276 0.305882365
v 0.103065893 -0.591112614 0.236399218 0.949019611 0.75686276 0.305882365
v 0.103065893 -0.591112614 0.26666671 0.949019611 0.75686276 0.305882365
v 0.0666667223 -0.550075293 0.26666671 0.949019611 0.75686276 0.305882365
v 0.0724562183 -0.555055618 0.239122853 0.949019611 0.75686276 0.305882365
v 0.0724562183 -0.555055618 0.26666671 0.949019611 0.75686276 0.305882365
v 0.0333333611 -0.511161983 0.26666671 0.949019611 0.75686276 0.305882365
v 0.0413968489 -0.51944834 0.241396844 0.949019611 0.75686276 0.305882365
v 0.0413968489 -0.51944834 0.26666671 0.949019611 0.75686276 0.305882365
v 5.96046448e-08 -0.472248793 0.26666671 0.949019611 0.75686276 0.305882365
v -0.00976835564 -0.460845172 0.26666671 0.949019611 0.75686276 0.305882365
v 0.0187851973 -0.494178504 0.26666671 0.949019611 0.75686276 0.305882365
v -0.533333302 -0.443063587 0.26666671 0.949019611 0.75686276 0.305882365
v -0.5 -0.435112357 0.26666671 0.949019611 0.75686276 0.305882365
v -0.468136847 -0.427511841 0.26666671 0.949019611 0.75686276 0.305882365
v -0.0333333015 -0.433335543 0.26666671 0.949019611 0.75686276 0.305882365
v -0.600000024 -0.392929822 0.26666671 0.949019611 0.75686276 0.305882365
v -0.328395873 -0.39417851 0.26666671 0.949019611 0.75686276 0.305882365
v -0.0668754727 -0.39417851 0.26666671 0.949019611 0.75686276 0.305882365
v -0.0383219123 -0.427511841 0.26666671 0.949019611 0.75686276 0.305882365
v -0.580402851 -0.360845149 0.26666671 0.949019611 0.75686276 0.305882365
v -0.566666663 -0.338356197 0.26666671 0.949019611 0.75686276 0.305882365
v -0.300000012 -0.387405068 0.26666671 0.949019611 0.75686276 0.305882365
v -0.266666651 -0.379453838 0.26666671 0.949019611 0.75686276 0.305882365
v -0.18865481 -0.360845149 0.278011858 0.949019611 0.75686276 0.305882365
v -0.095429033 -0.360845149 0.26666671 0.949019611 0.75686276 0.305882365
v -0.560042977 -0.327511817 0.26666671 0.949019611 0.75686276 0.305882365
v -0.533333302 -0.283782572 0.26666671 0.949019611 0.75686276 0.305882365
v -0.166666627 -0.355600178 0.26666671 0.949019611 0.75686276 0.305882365
v -0.0999999642 -0.355612546 0.26666671 0.949019611 0.75686276 0.305882365
v -0.0968559608 -0.357701153 0.23647736 0.949019611 0.75686276 0.305882365
v -0.0968559608 -0.357701153 0.26666671 0.949019611 0.75686276 0.305882365
v 0.280380875 -0.347130954 0.280380875 0.949019611 0.75686276 0.305882365
v 0.276609093 -0.39417851 0.276609093 0.949019611 0.75686276 0.305882365
v 0.286191344 -0.274653852 0.286191344 0.949019611 0.75686276 0.305882365
v -0.51932323 -0.260845184 0.26666671 0.949019611 0.75686276 0.305882365
v -0.5 -0.229209021 0.26666671 0.949019611 0.75686276 0.305882365
v -0.478603482 -0.194178462 0.26666671 0.949019611 0.75686276 0.305882365
v -0.466666669 -0.17463544 0.26666671 0.949019611 0.75686276 0.305882365
v -0.458243608 -0.16084516 0.26666671 0.949019611 0.75686276 0.305882365
v -0.433333337 -0.120061859 0.26666671 0.949019611 0.75686276 0.305882365
v 0.366666734 -0.180233479 0.26666671 0.949019611 0.75686276 0.305882365
v 0.400000036 -0.166369379 0.26666671 0.949019611 0.75686276 0.305882365
v 0.413281858 -0.16084516 0.26666671 0.949019611 0.75686276 0.305882365
v 0.50000006 -0.124777012 0.26666671 0.949019611 0.75686276 0.305882365
v 0.533333361 -0.110912919 0.26666671 0.949019611 0.75686276 0.305882365
v 0.573567748 -0.0941784978 0.273567677 0.949019611 0.75686276 0.305882365
v -0.397163987 -0.0608451366 0.26666671 0.949019611 0.75686276 0.305882365
v 0.633333385 -0.0693205595 0.26666671 0.949019611 0.75686276 0.305882365
v 0.653710723 -0.0608451366 0.26666671 0.949019611 0.75686276 0.305882365
v -0.376804113 -0.0275118351 0.26666671 0.949019611 0.75686276 0.305882365
v 0.666666687 -0.0554564595 0.26666671 0.949019611 0.75686276 0.305882365
v -0.366666645 -0.00200553611 0.26666671 0.949019611 0.75686276 0.305882365
v 0.76666671 -0.00653818436 0.26666671 0.949019611 0.75686276 0.305882365
v -0.366666645 0.0109146573 0.26666671 0.949019611 0.75686276 0.305882365
v -0.364207685 0.00828050263 0.235792324 0.949019611 0.75686276 0.305882365
v -0.364207685 0.00828050263 0.26666671 0.949019611 0.75686276 0.305882365
v 0.748805046 0.0212931875 0.282138348 0.949019611 0.75686276 0.305882365
v 0.705860376 0.0391548872 0.272526979 0.949019611 0.75686276 0.305882365
v -0.404275507 0.0724881887 0.26666671 0.949019611 0.75686276 0.305882365
v -0.399999976 0.0654882342 0.26666671 0.949019611 0.75686276 0.305882365
v 0.63064456 0.0697993785 0.26666671 0.949019611 0.75686276 0.305882365
v 0.633333385 0.0693205595 0.26666671 0.949019611 0.75686276 0.305882365
v -0.42463541 0.10582155 0.26666671 0.949019611 0.75686276 0.305882365
v 0.600000083 0.0831846744 0.26666671 0.949019611 0.75686276 0.305882365
v -0.427262396 0.111892469 0.239404276 0.949019611 0.75686276 0.305882365
v -0.427262396 0.111892469 0.26666671 0.949019611 0.75686276 0.305882365
v -0.433333337 0.120061859 0.26666671 0.949019611 0.75686276 0.305882365
v 0.489845663 0.12900047 0.26666671 0.949019611 0.75686276 0.305882365
v 0.489845663 0.12900047 0.289845616 0.949019611 0.75686276 0.305882365
v 0.466666758 0.138641119 0.26666671 0.949019611 0.75686276 0.305882365
v -0.444995254 0.139154851 0.26666671 0.949019611 0.75686276 0.305882365
v -0.465583771 0.17357111 0.26666671 0.949019611 0.75686276 0.305882365
v -0.466666669 0.17463544 0.26666671 0.949019611 0.75686276 0.305882365
v 0.385288596 0.172488213 0.26666671 0.949019611 0.75686276 0.305882365
v -0.5 0.229209021 0.26666671 0.949019611 0.75686276 0.305882365
v -0.526434779 0.272488236 0.26666671 0.949019611 0.75686276 0.305882365
v -0.546794653 0.305821538 0.26666671 0.949019611 0.75686276 0.305882365
v -0.533333302 0.283782572 0.26666671 0.949019611 0.75686276 0.305882365
v -0.52832979 0.277491748 0.238336861 0.949019611 0.75686276 0.305882365
v -0.52832979 0.277491748 0.26666671 0.949019611 0.75686276 0.305882365
v 0.28737694 0.259865105 0.28737694 0.949019611 0.75686276 0.305882365
v 0.28490296 0.290724486 0.28490296 0.949019611 0.75686276 0.305882365
v -0.23333329 0.371502608 0.26666671 0.949019611 0.75686276 0.305882365
v -0.237465382 0.37248826 0.262534618 0.949019611 0.75686276 0.305882365
v -0.180302128 0.358852744 0.26666671 0.949019611 0.75686276 0.305882365
v -0.133333325 0.347648948 0.26666671 0.949019611 0.75686276 0.305882365
v -0.0999999642 0.355509073 0.26666671 0.949019611 0.75686276 0.305882365
v -0.119069427 0.353418767 0.280930579 0.949019611 0.75686276 0.305882365
v -0.0854554772 0.37248826 0.26666671 0.949019611 0.75686276 0.305882365
v -0.600000024 0.392929822 0.26666671 0.949019611 0.75686276 0.305882365
v -0.5875144 0.37248826 0.26666671 0.949019611 0.75686276 0.305882365
v -0.59192574 0.380562514 0.241407618 0.949019611 0.75686276 0.305882365
v -0.59192574 0.380562514 0.26666671 0.949019611 0.75686276 0.305882365
v -0.314869583 0.390951991 0.285130441 0.949019611 0.75686276 0.305882365
v -0.0666666627 0.394422263 0.26666671 0.949019611 0.75686276 0.305882365
v -0.0569019541 0.405821562 0.26666671 0.949019611 0.75686276 0.305882365
v 0.277481019 0.383302569 0.277481019 0.949019611 0.75686276 0.305882365
v -0.5 0.435112357 0.26666671 0.949019611 0.75686276 0.305882365
v -0.449436963 0.423051238 0.283896387 0.949019611 0.75686276 0.305882365
v -0.50326395 0.435890943 0.26340279 0.949019611 0.75686276 0.305882365
v -0.50351727 0.435637593 0.26666671 0.949019611 0.75686276 0.305882365
v -0.530177355 0.44231078 0.269822627 0.949019611 0.75686276 0.305882365
v -0.0333333015 0.433335543 0.26666671 0.949019611 0.75686276 0.305882365
v -0.557090878 0.448730648 0.276242495 0.949019611 0.75686276 0.305882365
v 0.0333333611 0.511161983 0.272007108 0.949019611 0.75686276 0.305882365
v 0.262637138 0.568458617 0.29597044 0.949019611 0.75686276 0.305882365
v 0.270331055 0.472488165 0.270331055 0.949019611 0.75686276 0.305882365
v 0.0573122427 0.539154887 0.26666671 0.949019611 0.75686276 0.305882365
v 0.0666667223 0.550075293 0.26666671 0.949019611 0.75686276 0.305882365
v 0.0858657733 0.572488189 0.26666671 0.949019611 0.75686276 0.305882365
v 0.114419386 0.605821609 0.26666671 0.949019611 0.75686276 0.305882365
v 0.166666687 0.666814923 0.26666671 0.949019611 0.75686276 0.305882365
v 0.171526447 0.672488213 0.26666671 0.949019611 0.75686276 0.305882365
v 0.251624823 0.705821514 0.284958124 0.949019611 0.75686276 0.305882365
v 0.255215198 0.66103673 0.288548499 0.949019611 0.75686276 0.305882365
v 0.250267237 0.722755432 0.26666671 0.949019611 0.75686276 0.305882365
v 0.233333409 0.744641483 0.272153258 0.949019611 0.75686276 0.305882365
v 0.233333409 -0.727511823 0.300000012 0.949019611 0.75686276 0.305882365
v 0.199999988 -0.694178522 0.300000012 0.949019611 0.75686276 0.305882365
v 0.233333409 -0.694178522 0.300000012 0.949019611 0.75686276 0.305882365
v 0.252558231 -0.694178522 0.285891533 0.949019611 0.75686276 0.305882365
v 0.166666687 -0.66084516 0.300000012 0.949019611 0.75686276 0.305882365
v 0.199999988 -0.66084516 0.300000012 0.949019611 0.75686276 0.305882365
v 0.233333409 -0.66084516 0.300000012 0.949019611 0.75686276 0.305882365
v 0.254233807 -0.673278093 0.287567109 0.949019611 0.75686276 0.305882365
v 0.166666687 -0.627511859 0.300000012 0.949019611 0.75686276 0.305882365
v 0.133333385 -0.627511859 0.300000012 0.949019611 0.75686276 0.305882365
v 0.233333409 -0.627511859 0.300000012 0.949019611 0.75686276 0.305882365
v 0.257139057 -0.637039542 0.290472358 0.949019611 0.75686276 0.305882365
v 0.133333385 -0.594178498 0.300000012 0.949019611 0.75686276 0.305882365
v 0.233333409 -0.594178498 0.300000012 0.949019611 0.75686276 0.305882365
v 0.26324752 -0.560845137 0.296580821 0.949019611 0.75686276 0.305882365
v 0.100000024 -0.560845137 0.300000012 0.949019611 0.75686276 0.305882365
v 0.133333385 -0.560845137 0.300000012 0.949019611 0.75686276 0.305882365
v 0.233333409 -0.560845137 0.300000012 0.949019611 0.75686276 0.305882365
v 0.0666667223 -0.527511835 0.300000012 0.949019611 0.75686276 0.305882365
v 0.100000024 -0.527511835 0.300000012 0.949019611 0.75686276 0.305882365
v 0.233333409 -0.527511835 0.300000012 0.949019611 0.75686276 0.305882365
v 0.265919834 -0.527511835 0.299253136 0.949019611 0.75686276 0.305882365
v 0.0333333611 -0.494178504 0.300000012 0.949019611 0.75686276 0.305882365
v 0.0666667223 -0.494178504 0.300000012 0.949019611 0.75686276 0.305882365
v 0.26666671 -0.494178504 0.300000012 0.949019611 0.75686276 0.305882365
v -0.633333325 -0.460845172 0.300000012 0.949019611 0.75686276 0.305882365
v -0.607877791 -0.460845172 0.292122245 0.949019611 0.75686276 0.305882365
v 5.96046448e-08 -0.460845172 0.300000012 0.949019611 0.75686276 0.305882365
v 0.0333333611 -0.460845172 0.300000012 0.949019611 0.75686276 0.305882365
v 0.26666671 -0.460845172 0.300000012 0.949019611 0.75686276 0.305882365
v 0.271264464 -0.460845172 0.271264464 0.949019611 0.75686276 0.305882365
v -0.633333325 -0.448786706 0.278725147 0.949019611 0.75686276 0.305882365
v -0.600000024 -0.427511841 0.300000012 0.949019611 0.75686276 0.305882365
v -0.566666663 -0.427511841 0.300000012 0.949019611 0.75686276 0.305882365
v -0.533333302 -0.427511841 0.300000012 0.949019611 0.75686276 0.305882365
v -0.5 -0.427511841 0.300000012 0.949019611 0.75686276 0.305882365
v -0.468136847 -0.427511841 0.298529834 0.949019611 0.75686276 0.305882365
v -0.0333333015 -0.427511841 0.300000012 0.949019611 0.75686276 0.305882365
v 5.96046448e-08 -0.427511841 0.300000012 0.949019611 0.75686276 0.305882365
v 0.26666671 -0.427511841 0.300000012 0.949019611 0.75686276 0.305882365
v 0.274570405 -0.419608116 0.274570405 0.949019611 0.75686276 0.305882365
v -0.600000024 -0.39417851 0.300000012 0.949019611 0.75686276 0.305882365
v -0.466666669 -0.39417851 0.300000012 0.949019611 0.75686276 0.305882365
v -0.433333337 -0.39417851 0.300000012 0.949019611 0.75686276 0.305882365
v -0.399999976 -0.39417851 0.300000012 0.949019611 0.75686276 0.305882365
v -0.366666645 -0.39417851 0.300000012 0.949019611 0.75686276 0.305882365
v -0.333333313 -0.39417851 0.300000012 0.949019611 0.75686276 0.305882365
v -0.0333333015 -0.39417851 0.300000012 0.949019611 0.75686276 0.305882365
v -0.0666666627 -0.39417851 0.300000012 0.949019611 0.75686276 0.305882365
v 0.26666671 -0.39417851 0.300000012 0.949019611 0.75686276 0.305882365
v -0.566666663 -0.360845149 0.300000012 0.949019611 0.75686276 0.305882365
v -0.300000012 -0.360845149 0.300000012 0.949019611 0.75686276 0.305882365
v -0.266666651 -0.360845149 0.300000012 0.949019611 0.75686276 0.305882365
v -0.23333329 -0.360845149 0.300000012 0.949019611 0.75686276 0.305882365
v -0.199999988 -0.360845149 0.300000012 0.949019611 0.75686276 0.305882365
v -0.0666666627 -0.360845149 0.300000012 0.949019611 0.75686276 0.305882365
v 0.26666671 -0.360845149 0.300000012 0.949019611 0.75686276 0.305882365
v -0.566666663 -0.338356197 0.289155662 0.949019611 0.75686276 0.305882365
v -0.533333302 -0.327511817 0.300000012 0.949019611 0.75686276 0.305882365
v -0.466666669 -0.227511823 0.300000012 0.949019611 0.75686276 0.305882365
v -0.166666627 -0.327511817 0.300000012 0.949019611 0.75686276 0.305882365
v -0.133333325 -0.327511817 0.300000012 0.949019611 0.75686276 0.305882365
v -0.0999999642 -0.327511817 0.300000012 0.949019611 0.75686276 0.305882365
v -0.0666666627 -0.327511817 0.300000012 0.949019611 0.75686276 0.305882365
v 0.26666671 -0.260845184 0.300000012 0.949019611 0.75686276 0.305882365
v 0.26666671 -0.327511817 0.300000012 0.949019611 0.75686276 0.305882365
v 0.283286095 -0.310892403 0.283286095 0.949019611 0.75686276 0.305882365
v -0.533333302 -0.294178486 0.300000012 0.949019611 0.75686276 0.305882365
v 0.26666671 -0.294178486 0.300000012 0.949019611 0.75686276 0.305882365
v -0.533333302 -0.283782572 0.277062625 0.949019611 0.75686276 0.305882365
v -0.5 -0.260845184 0.300000012 0.949019611 0.75686276 0.305882365
v 0.289096564 -0.238415286 0.289096564 0.949019611 0.75686276 0.305882365
v -0.5 -0.229209021 0.298302829 0.949019611 0.75686276 0.305882365
v 0.26666671 -0.227511823 0.300000012 0.949019611 0.75686276 0.305882365
v 0.289970696 -0.227511823 0.289970696 0.949019611 0.75686276 0.305882365
v -0.466666669 -0.194178462 0.300000012 0.949019611 0.75686276 0.305882365
v 0.300000012 -0.194178462 0.300000012 0.949019611 0.75686276 0.305882365
v 0.333139002 -0.194178462 0.299805582 0.949019611 0.75686276 0.305882365
v -0.466666669 -0.17463544 0.286209732 0.949019611 0.75686276 0.305882365
v -0.433333337 -0.16084516 0.300000012 0.949019611 0.75686276 0.305882365
v 0.333333433 -0.16084516 0.300000012 0.949019611 0.75686276 0.305882365
v 0.366666734 -0.16084516 0.300000012 0.949019611 0.75686276 0.305882365
v 0.400000036 -0.16084516 0.300000012 0.949019611 0.75686276 0.305882365
v 0.413281858 -0.16084516 0.279948533 0.949019611 0.75686276 0.305882365
v -0.433333337 -0.127511799 0.300000012 0.949019611 0.75686276 0.305882365
v 0.433333337 -0.127511799 0.300000012 0.949019611 0.75686276 0.305882365
v 0.466666758 -0.127511799 0.300000012 0.949019611 0.75686276 0.305882365
v 0.493424863 -0.127511799 0.293424815 0.949019611 0.75686276 0.305882365
v -0.433333337 -0.120061859 0.274116635 0.949019611 0.75686276 0.305882365
v -0.399999976 -0.0941784978 0.300000012 0.949019611 0.75686276 0.305882365
v -0.133333325 -0.0275118351 0.300000012 0.949019611 0.75686276 0.305882365
v 0.50000006 -0.0941784978 0.300000012 0.949019611 0.75686276 0.305882365
v 0.533333361 -0.0941784978 0.300000012 0.949019611 0.75686276 0.305882365
v 0.566666782 -0.0941784978 0.300000012 0.949019611 0.75686276 0.305882365
v -0.399999976 -0.0654882193 0.295356929 0.949019611 0.75686276 0.305882365
v -0.366666645 -0.0608451366 0.300000012 0.949019611 0.75686276 0.305882365
v 0.600000083 -0.0608451366 0.300000012 0.949019611 0.75686276 0.305882365
v 0.633333385 -0.0608451366 0.300000012 0.949019611 0.75686276 0.305882365
v 0.653710723 -0.0608451366 0.287044078 0.949019611 0.75686276 0.305882365
v -0.366666645 -0.0275118351 0.300000012 0.949019611 0.75686276 0.305882365
v 0.600000083 0.0391548872 0.300000012 0.949019611 0.75686276 0.305882365
v 0.666666687 -0.0275118351 0.300000012 0.949019611 0.75686276 0.305882365
v 0.700000107 -0.0275118351 0.300000012 0.949019611 0.75686276 0.305882365
v 0.733333409 -0.0275118351 0.300000012 0.949019611 0.75686276 0.305882365
v -0.366666645 -0.00200553611 0.292172968 0.949019611 0.75686276 0.305882365
v -0.333333313 0.00582152605 0.300000012 0.949019611 0.75686276 0.305882365
v 0.633333385 0.0391548872 0.300000012 0.949019611 0.75686276 0.305882365
v 0.700000107 0.00582152605 0.300000012 0.949019611 0.75686276 0.305882365
v 0.733333409 0.00582152605 0.300000012 0.949019611 0.75686276 0.305882365
v 0.76666671 0.00582152605 0.300000012 0.949019611 0.75686276 0.305882365
v 0.786003351 0.00582152605 0.286003292 0.949019611 0.75686276 0.305882365
v -0.366666645 0.0391548872 0.300000012 0.949019611 0.75686276 0.305882365
v -0.333333313 0.0391548872 0.300000012 0.949019611 0.75686276 0.305882365
v 0.433333337 0.139154851 0.300000012 0.949019611 0.75686276 0.305882365
v 0.666666687 0.0391548872 0.300000012 0.949019611 0.75686276 0.305882365
v 0.700000107 0.0391548872 0.300000012 0.949019611 0.75686276 0.305882365
v 0.725263298 0.0310847536 0.291929901 0.949019611 0.75686276 0.305882365
v -0.399999976 0.0724881887 0.300000012 0.949019611 0.75686276 0.305882365
v -0.366666645 0.0724881887 0.300000012 0.949019611 0.75686276 0.305882365
v 0.466666758 0.10582155 0.300000012 0.949019611 0.75686276 0.305882365
v 0.533333361 0.0724881887 0.300000012 0.949019611 0.75686276 0.305882365
v 0.566666782 0.0724881887 0.300000012 0.949019611 0.75686276 0.305882365
v 0.600000083 0.0724881887 0.300000012 0.949019611 0.75686276 0.305882365
v 0.633333385 0.0693205595 0.296832383 0.949019611 0.75686276 0.305882365
v 0.63064456 0.0697993785 0.297311187 0.949019611 0.75686276 0.305882365
v 0.666666687 0.0554564632 0.282968283 0.949019611 0.75686276 0.305882365
v 0.654637992 0.0604594797 0.287971318 0.949019611 0.75686276 0.305882365
v -0.399999976 0.10582155 0.300000012 0.949019611 0.75686276 0.305882365
v 0.50000006 0.10582155 0.300000012 0.949019611 0.75686276 0.305882365
v 0.533333361 0.10582155 0.300000012 0.949019611 0.75686276 0.305882365
v 0.566666782 0.0970487744 0.291227251 0.949019611 0.75686276 0.305882365
v 0.560150206 0.099304989 0.293483466 0.949019611 0.75686276 0.305882365
v 0.53692919 0.109417342 0.27026251 0.949019611 0.75686276 0.305882365
v 0.607554495 0.0800426155 0.274221122 0.949019611 0.75686276 0.305882365
v 0.584012747 0.089834176 0.284012675 0.949019611 0.75686276 0.305882365
v -0.433333337 0.139154851 0.300000012 0.949019611 0.75686276 0.305882365
v -0.399999976 0.139154851 0.300000012 0.949019611 0.75686276 0.305882365
v 0.26666671 0.205821514 0.300000012 0.949019611 0.75686276 0.305882365
v 0.400000036 0.139154851 0.300000012 0.949019611 0.75686276 0.305882365
v 0.366666734 0.139154851 0.300000012 0.949019611 0.75686276 0.305882365
v 0.466666758 0.138641119 0.299486279 0.949019611 0.75686276 0.305882365
v 0.533333361 0.110912926 0.27175808 0.949019611 0.75686276 0.305882365
v 0.513387442 0.11920891 0.280054063 0.949019611 0.75686276 0.305882365
v -0.433333337 0.172488213 0.300000012 0.949019611 0.75686276 0.305882365
v 0.333333433 0.172488213 0.300000012 0.949019611 0.75686276 0.305882365
v 0.300000012 0.172488213 0.300000012 0.949019611 0.75686276 0.305882365
v 0.366666734 0.172488213 0.300000012 0.949019611 0.75686276 0.305882365
v 0.400000036 0.166369379 0.293881178 0.949019611 0.75686276 0.305882365
v 0.395169169 0.167657346 0.295169145 0.949019611 0.75686276 0.305882365
v 0.385288596 0.172488213 0.285288572 0.949019611 0.75686276 0.305882365
v 0.442762136 0.148583621 0.27609545 0.949019611 0.75686276 0.305882365
v 0.419220358 0.158375204 0.285887033 0.949019611 0.75686276 0.305882365
v -0.466666669 0.205821514 0.300000012 0.949019611 0.75686276 0.305882365
v -0.433333337 0.205821514 0.300000012 0.949019611 0.75686276 0.305882365
v 0.300000012 0.205821514 0.300000012 0.949019611 0.75686276 0.305882365
v 0.348595113 0.187749892 0.28192839 0.949019611 0.75686276 0.305882365
v 0.325053364 0.19754146 0.291719973 0.949019611 0.75686276 0.305882365
v -0.5 0.239154816 0.300000012 0.949019611 0.75686276 0.305882365
v -0.466666669 0.239154816 0.300000012 0.949019611 0.75686276 0.305882365
v -0.23333329 0.33915484 0.300000012 0.949019611 0.75686276 0.305882365
v -0.0999999642 0.33915484 0.300000012 0.949019611 0.75686276 0.305882365
v 0.26666671 0.239154816 0.300000012 0.949019611 0.75686276 0.305882365
v -0.5 0.272488236 0.300000012 0.949019611 0.75686276 0.305882365
v 0.26666671 0.272488236 0.300000012 0.949019611 0.75686276 0.305882365
v -0.533333302 0.305821538 0.300000012 0.949019611 0.75686276 0.305882365
v -0.5 0.305821538 0.300000012 0.949019611 0.75686276 0.305882365
v 0.26666671 0.305821538 0.300000012 0.949019611 0.75686276 0.305882365
v -0.533333302 0.33915484 0.300000012 0.949019611 0.75686276 0.305882365
v -0.566666663 0.33915484 0.300000012 0.949019611 0.75686276 0.305882365
v -0.300000012 0.37248826 0.300000012 0.949019611 0.75686276 0.305882365
v -0.199999988 0.33915484 0.300000012 0.949019611 0.75686276 0.305882365
v -0.166666627 0.33915484 0.300000012 0.949019611 0.75686276 0.305882365
v -0.133333325 0.33915484 0.300000012 0.949019611 0.75686276 0.305882365
v 0.26666671 0.33915484 0.300000012 0.949019611 0.75686276 0.305882365
v 0.28242898 0.321583807 0.28242898 0.949019611 0.75686276 0.305882365
v 0.279955 0.352443188 0.279955 0.949019611 0.75686276 0.305882365
v -0.566666663 0.37248826 0.300000012 0.949019611 0.75686276 0.305882365
v -0.399999976 0.37248826 0.300000012 0.949019611 0.75686276 0.305882365
v -0.366666645 0.37248826 0.300000012 0.949019611 0.75686276 0.305882365
v -0.333333313 0.37248826 0.300000012 0.949019611 0.75686276 0.305882365
v -0.266666651 0.37248826 0.300000012 0.949019611 0.75686276 0.305882365
v -0.23333329 0.371502608 0.29901436 0.949019611 0.75686276 0.305882365
v -0.207215637 0.365272582 0.292784363 0.949019611 0.75686276 0.305882365
v -0.153388634 0.352432877 0.279944718 0.949019611 0.75686276 0.305882365
v -0.180302128 0.358852744 0.286364526 0.949019611 0.75686276 0.305882365
v -0.133333325 0.347648948 0.275160789 0.949019611 0.75686276 0.305882365
v -0.0999999642 0.355509073 0.283020884 0.949019611 0.75686276 0.305882365
v -0.0666666627 0.37248826 0.300000012 0.949019611 0.75686276 0.305882365
v 0.26666671 0.37248826 0.300000012 0.949019611 0.75686276 0.305882365
v 0.278347999 0.37248826 0.278347999 0.949019611 0.75686276 0.305882365
v -0.600000024 0.405821562 0.300000012 0.949019611 0.75686276 0.305882365
v -0.566666663 0.405821562 0.300000012 0.949019611 0.75686276 0.305882365
v -0.533333302 0.405821562 0.300000012 0.949019611 0.75686276 0.305882365
v -0.5 0.405821562 0.300000012 0.949019611 0.75686276 0.305882365
v -0.466666669 0.405821562 0.300000012 0.949019611 0.75686276 0.305882365
v -0.433333337 0.405821562 0.300000012 0.949019611 0.75686276 0.305882365
v -0.399999976 0.405821562 0.300000012 0.949019611 0.75686276 0.305882365
v -0.368944973 0.403543234 0.297721684 0.949019611 0.75686276 0.305882365
v -0.341783047 0.397371829 0.291550279 0.949019611 0.75686276 0.305882365
v -0.287956119 0.384532154 0.278710604 0.949019611 0.75686276 0.305882365
v -0.261042595 0.378112286 0.272290736 0.949019611 0.75686276 0.305882365
v -0.0666666627 0.394422263 0.288600713 0.949019611 0.75686276 0.305882365
v -0.0333333015 0.405821562 0.300000012 0.949019611 0.75686276 0.305882365
v 5.96046448e-08 0.439154863 0.300000012 0.949019611 0.75686276 0.305882365
v 0.26666671 0.405821562 0.300000012 0.949019611 0.75686276 0.305882365
v -0.600000024 0.439154863 0.300000012 0.949019611 0.75686276 0.305882365
v -0.566666663 0.439154863 0.300000012 0.949019611 0.75686276 0.305882365
v -0.533333302 0.439154863 0.300000012 0.949019611 0.75686276 0.305882365
v -0.5 0.435112357 0.295957506 0.949019611 0.75686276 0.305882365
v -0.476350456 0.429471076 0.290316224 0.949019611 0.75686276 0.305882365
v -0.433333337 0.419209927 0.280055076 0.949019611 0.75686276 0.305882365
v -0.399999976 0.411258698 0.272103846 0.949019611 0.75686276 0.305882365
v -0.422523499 0.416631401 0.277476549 0.949019611 0.75686276 0.305882365
v -0.395610005 0.410211533 0.271056682 0.949019611 0.75686276 0.305882365
v -0.0333333015 0.433335543 0.294180691 0.949019611 0.75686276 0.305882365
v 0.26666671 0.439154863 0.300000012 0.949019611 0.75686276 0.305882365
v -0.584004343 0.455150485 0.282662332 0.949019611 0.75686276 0.305882365
v 5.96046448e-08 0.472248793 0.29976064 0.949019611 0.75686276 0.305882365
v 0.0333333611 0.472488165 0.300000012 0.949019611 0.75686276 0.305882365
v 0.26666671 0.505821586 0.300000012 0.949019611 0.75686276 0.305882365
v 0.233333409 0.539154887 0.300000012 0.949019611 0.75686276 0.305882365
v 0.26666671 0.472488165 0.300000012 0.949019611 0.75686276 0.305882365
v 0.0333333611 0.505821586 0.300000012 0.949019611 0.75686276 0.305882365
v 0.0666667223 0.539154887 0.300000012 0.949019611 0.75686276 0.305882365
v 0.0666667223 0.550075293 0.277587116 0.949019611 0.75686276 0.305882365
v 0.100000024 0.572488189 0.300000012 0.949019611 0.75686276 0.305882365
v 0.233333409 0.572488189 0.300000012 0.949019611 0.75686276 0.305882365
v 0.100000024 0.588988483 0.283166945 0.949019611 0.75686276 0.305882365
v 0.133333385 0.605821609 0.300000012 0.949019611 0.75686276 0.305882365
v 0.233333409 0.605821609 0.300000012 0.949019611 0.75686276 0.305882365
v 0.133333385 0.627901733 0.288746864 0.949019611 0.75686276 0.305882365
v 0.166666687 0.639154911 0.300000012 0.949019611 0.75686276 0.305882365
v 0.233333409 0.639154911 0.300000012 0.949019611 0.75686276 0.305882365
v 0.166666687 0.666814923 0.294326752 0.949019611 0.75686276 0.305882365
v 0.199999988 0.672488213 0.300000012 0.949019611 0.75686276 0.305882365
v 0.233333409 0.672488213 0.300000012 0.949019611 0.75686276 0.305882365
v 0.199999988 0.705728114 0.299906641 0.949019611 0.75686276 0.305882365
v 0.233333409 0.705821514 0.300000012 0.949019611 0.75686276 0.305882365
v 0.233333409 0.739154935 0.300000012 0.949019611 0.75686276 0.305882365
v 0.250267237 0.722755432 0.283600539 0.949019611 0.75686276 0.305882365
vn 0 0 -1
vn -0.75940913 -0.650613368 0
vn -0.759407163 -0.650615633 -6.03854915e-06
vn -0.759412467 -0.650609493 3.01928321e-06
vn 0.996801376 -0.0799189657 -9.31307204e-06
vn 0 0 -1
vn -0.759412169 -0.650609851 -6.03858871e-06
vn -0.759407461 -0.650615335 0
vn -0.759407341 -0.650615394 -1.16404783e-06
vn 0 0 -1
vn 0.996801376 -0.0799183324 -8.73099998e-06
vn 0.996800065 -0.079935208 -2.63786501e-06
vn -0.759393752 -0.650631309 0
vn 0 0 -1
vn 0 0 -1
vn 0 0 -1
vn 0.996800184 -0.0799337849 1.81924413e-08
vn 0 0 -1
vn 0 0 -1
vn 0 0 -1
vn 0.996800303 -0.079932861 3.63844528e-08
vn -0.7593835 -0.650643289 -2.82645706e-05
vn -0.759409487 -0.65061301 0
vn -0.7593835 -0.650643289 -2.82645706e-05
vn 0 0 -1
vn 0 0 -1
vn 0.996800303 -0.079932861 3.63844528e-08
vn -0.759409487 -0.65061301 0
vn -0.759404004 -0.650619328 -2.01882358e-05
vn -0.759409487 -0.65061301 0
vn -0.759429395 -0.650589645 0
vn -0.759429395 -0.650589645 0
vn 0 0 -1
vn -0.759433389 -0.650584996 0
vn -0.759433389 -0.650584996 0
vn 0 0 -1
vn 0 0 -1
vn -0.759404302 -0.65061903 -3.23401473e-05
vn -0.759426057 -0.650593638 -7.27552134e-08
vn -0.759404302 -0.65061903 -3.23401473e-05
vn -0.759450555 -0.650565028 -8.03919738e-06
vn -0.759450555 -0.650565028 -8.03919738e-06
vn 0 0 -1
vn -0.759401977 -0.650621772 4.88899605e-05
vn -0.759401977 -0.650621772 4.88899605e-05
vn 0 0 -1
vn 0.996799827 -0.0799378157 -4.65722951e-06
vn 0 0 -1
vn 0 0 -1
vn -0.759355545 -0.650675893 2.02261181e-05
vn -0.759531856 -0.650470078 2.83389381e-05
vn -0.759385228 -0.650641263 -3.92880065e-06
vn -0.759385228 -0.650641263 -3.92880065e-06
vn 0 0 -1
vn 0.996799827 -0.0799378157 -4.65722951e-06
vn 0 0 -1
vn 0.996801794 -0.0799132138 -1.32803621e-06
vn 0 0 -1
vn 0.232103035 -0.972691238 3.49291477e-05
vn -0.853470623 0.521140933 -1.16405351e-06
vn 0.232088506 -0.972694755 -1.81198793e-05
vn 0.232081234 -0.972696483 -1.72642231e-05
vn 0 0 -1
vn -0.759533346 -0.650468469 8.18541957e-06
vn -0.759448946 -0.650566816 -5.65761038e-05
vn 0 0 -1
vn 0 0 -1
vn 0 0 -1
vn 0.996801555 -0.0799166486 -1.67369967e-06
vn 0.232092202 -0.972693861 0
vn 0.232092202 -0.972693861 0
vn -0.853467941 0.521145344 4.84719976e-06
vn -0.853467941 0.521145344 4.84719976e-06
vn 0 0 -1
vn 0.232066631 -0.972699881 -8.18658975e-07
vn 0 0 -1
vn 0.232093692 -0.972693384 0
vn 0 0 -1
vn 0.232080907 -0.972696543 1.72823893e-05
vn 0 0 -1
vn 0.232034519 -0.97270751 -1.81925479e-08
vn 0 0 -1
vn -0.759534359 -0.650467157 -8.11284553e-06
vn -0.759493411 -0.65051502 8.1498265e-06
vn 0 0 -1
vn 0.996802032 -0.0799104497 -1.6736949e-06
vn -0.853471398 0.521139622 -9.71257214e-06
vn 0 0 -1
vn 0 0 -1
vn 0 0 -1
vn 0.232025757 -0.972709656 -8.36828576e-07
vn 0 0 -1
vn 0.232025757 -0.972709656 8.36828633e-07
vn 0 0 -1
vn 0.232026696 -0.972709417 0
vn 0 0 -1
vn 0.232020214 -0.972710967 -9.0778758e-06
vn 0 0 -1
vn -0.243684441 -0.243684441 -0.938741624
vn -0.759541929 -0.650458336 3.63804453e-08
vn 0 0 -1
vn 0 0 -1
vn 0.996801496 -0.0799168646 -2.29222883e-06
vn -0.853468776 0.521143913 -3.50121877e-06
vn -0.853471518 0.521139443 9.09427378e-09
vn 0.232029811 -0.972708702 -1.81922459e-08
vn 0 0 -1
vn 0.232064381 -0.972700357 -4.00225844e-07
vn 0 0 -1
vn 0 0 -1
vn 0.232055724 -0.972702503 8.85956615e-06
vn 0 0 -1
vn -0.759434044 -0.65058434 -5.65762057e-05
vn -0.759434044 -0.65058434 -5.65762057e-05
vn 0 0 -1
vn 0 0 -1
vn 0.99680227 -0.0799070597 -1.6555008e-06
vn -0.853468776 0.521143973 3.501219e-06
vn -0.853468776 0.521143973 3.501219e-06
vn 0 0 -1
vn 0 0 -1
vn 0.23205851 -0.972701848 2.25582744e-06
vn 0.23205851 -0.972701848 2.25582744e-06
vn 0 0 -1
vn 0.23205851 -0.972701848 -2.36498067e-06
vn 0 0 -1
vn 0.23205933 -0.972701609 1.12791224e-06
vn -0.759574175 -0.650420606 -8.18481567e-06
vn 0.232058451 -0.972701788 0
vn -0.759574175 -0.650420606 -8.18481567e-06
vn 0 0 -1
vn -0.759434044 -0.65058434 -5.67581119e-05
vn -0.759434044 -0.65058434 -5.67581119e-05
vn 0 0 -1
vn 0 0 -1
vn 0.996801734 -0.0799146891 -1.49177322e-06
vn -0.853471518 0.521139443 1.2386402e-05
vn -0.853473663 0.521135926 2.72832832e-08
vn 0 0 -1
vn 0 0 -1
vn 0 0 -1
vn 0 0 -1
vn -0.853473663 0.521135926 2.72832832e-08
vn 0 0 -1
vn 0.996801794 -0.0799135566 4.36615494e-07
vn -0.853366911 0.521310687 -3.17625781e-05
vn -0.853366911 0.521310687 -3.17625781e-05
vn 0 0 -1
vn 0.9968009 -0.0799248144 -3.82037797e-07
vn -0.853362679 0.52131772 -7.02172883e-06
vn 0 0 -1
vn 0 0 -1
vn 0.384014487 -0.923327088 2.32837665e-05
vn 0.384014487 -0.923327088 2.32837665e-05
vn 0 0 -1
vn 0.383970141 -0.923345506 5.77540186e-06
vn -0.853412509 0.521236062 -3.17915619e-05
vn -0.853317142 0.521392345 -7.05773436e-06
vn -0.853317142 0.521392345 -7.05773436e-06
vn 0.383977354 -0.923342526 -2.86211871e-05
vn 0.205548823 -0.928524196 -0.30918023
vn 0 0 -1
vn 0.38398701 -0.923338473 2.72853296e-08
vn 0 0 -1
vn 0.383945495 -0.923355758 3.44061627e-05
vn -0.853297353 0.521424592 -7.09436154e-06
vn -0.853297412 0.521424532 -7.01250337e-06
vn 0 0 -1
vn 0 0 -1
vn 0 0 -1
vn 0.38398701 -0.923338473 2.72853296e-08
vn 0.38398701 -0.923338473 2.72853296e-08
vn 0.383982897 -0.923340201 5.72167264e-05
vn 0.38398701 -0.923338473 2.72853296e-08
vn 0 0 -1
vn -0.853297412 0.521424532 -7.01250337e-06
vn 0 0 -1
vn 0.384045899 -0.923314035 -5.81136828e-06
vn 0 0 -1
vn 0.384093076 -0.923294306 1.71704251e-05
vn 0 0 -1
vn 0.384083956 -0.92329818 2.86480758e-06
vn 0 0 -1
vn -0.853316426 0.521393359 -3.86916108e-05
vn -0.853295684 0.521427333 3.88349144e-05
vn -0.853295684 0.521427333 3.88349144e-05
vn 0 0 -1
vn 0.384076566 -0.92330128 -1.72250147e-05
vn 0.384076566 -0.92330128 -1.72250147e-05
vn 0 0 -1
vn 0.384092391 -0.923294663 -9.09462106e-09
vn 0 0 -1
vn 0.384075165 -0.923301876 2.8738782e-06
vn -0.853333652 0.521365225 2.47598837e-05
vn 0 0 -1
vn -0.853401244 0.52125448 -3.87773252e-05
vn 0 0 -1
vn 0 0 -1
vn 0 0 -1
vn 0.384075165 -0.923301876 2.8738782e-06
vn 0.384083778 -0.923298299 7.18472347e-06
vn 0 0 -1
vn 0.384083986 -0.92329818 4.26542738e-06
vn 0 0 -1
vn -0.853371263 -0.521303654 -3.64970248e-07
vn -0.853371263 -0.521303654 -3.64970248e-07
vn 0 0 -1
vn 0 0 -1
vn 0 0 -1
vn 0.384059817 0.923308253 2.87023358e-05
vn 0 0 -1
vn -0.853371203 -0.521303773 -1.81916477e-07
vn -0.853371203 -0.521303654 2.40129611e-06
vn -0.85337168 -0.521302998 0
vn 0 0 -1
vn -0.853371143 -0.521303892 -5.82132373e-07
vn -0.853371143 -0.521303892 -5.82132373e-07
vn 0 0 -1
vn 0 0 -1
vn 0 0 -1
vn 0.384111464 0.923286736 -3.43763058e-05
vn 0.384090304 0.923295498 -3.63782888e-08
vn 0.384041548 0.923315823 3.63790882e-08
vn 0 0 -1
vn -0.853366435 -0.521311581 -3.12894645e-06
vn -0.853365898 -0.521312475 6.1487176e-06
vn 0 0 -1
vn 0 0 -1
vn 0 0 -1
vn 0 0 -1
vn 0.384067357 0.923305094 5.67475627e-06
vn 0.384045601 0.923314095 3.6379479e-08
vn 0.384090304 0.923295498 -3.63782888e-08
vn 0.384111553 0.923286736 3.43763058e-05
vn -0.853372872 -0.521301031 1.58629118e-05
vn -0.853372872 -0.521301031 1.58629118e-05
vn 0 0 -1
vn 0 0 -1
vn 0 0 -1
vn 0 0 -1
vn 0 0 -1
vn 0 0 -1
vn 0.38410303 0.923290193 1.72067284e-05
vn 0.384096205 0.923293054 -2.29179859e-05
vn 0.384054244 0.923310518 -1.7170727e-05
vn 0.384045601 0.923314095 3.6379479e-08
vn -0.853358328 -0.521324873 -3.63828825e-08
vn -0.853364408 -0.5213148 3.52917982e-06
vn -0.853371382 -0.521303415 1.32070936e-05
vn -0.853362322 -0.521318376 -1.58992316e-05
vn -0.853366733 -0.521311045 1.93918277e-05
vn 0 0 -1
vn -0.853365898 -0.521312416 6.11233463e-06
vn -0.853365898 -0.521312416 6.11233463e-06
vn 0 0 -1
vn 0 0 -1
vn 0 0 -1
vn 0.384004414 0.923331261 -1.59162159e-08
vn 0.384028524 0.923321247 3.63784025e-08
vn 0.384093821 0.923294067 -2.87388934e-06
vn -0.853384852 -0.521281362 3.49287984e-06
vn 0 0 -1
vn 0 0 -1
vn 0.383974999 0.923343539 3.63798485e-08
vn 0.383973122 0.923344254 -1.30967351e-06
vn 0.383974999 0.923343539 3.63798485e-08
vn 0.383982867 0.923340142 -5.67528832e-06
vn 0.383980006 0.923341393 0
vn -0.853364229 -0.521315157 8.84093697e-06
vn -0.853362322 -0.521318376 -1.58992316e-05
vn -0.853375793 -0.521296144 -1.94285767e-05
vn 0 0 -1
vn 0 0 -1
vn 0 0 -1
vn 0 0 -1
vn 0.383983612 0.923339963 -7.16685736e-06
vn 0.383981079 0.923340976 -1.41881947e-06
vn 0.383981049 0.923340976 0
vn -0.853439867 -0.521191299 3.17553058e-05
vn 0 0 -1
vn 0 0 -1
vn 0 0 -1
vn 0 0 -1
vn 0.383981436 0.923340797 0
vn 0.996800482 0.0799298137 9.4599327e-06
vn 0.996803403 0.0798935518 -9.27808924e-06
vn 0 0 -1
vn 0.38398096 0.923340976 -1.0550192e-06
vn -0.853485405 -0.521116674 -3.17933736e-05
vn -0.853453398 -0.521169245 -3.17927079e-05
vn -0.853453398 -0.521169245 -3.17927079e-05
vn 0 0 -1
vn 0 0 -1
vn -0.853485405 -0.521116674 3.17933736e-05
vn -0.853450894 -0.521173239 3.17920894e-05
vn -0.853463113 -0.521153212 -3.88163062e-05
vn 0 0 -1
vn -0.85348165 -0.521122932 3.17937593e-05
vn -0.853489161 -0.521110594 3.20112522e-05
vn -0.853489161 -0.521110594 3.20112522e-05
vn 0 0 -1
vn 0 0 -1
vn 0 0 -1
vn 0 0 -1
vn 0.996801674 0.0799150169 5.98524548e-06
vn 0 0 -1
vn 0 0 -1
vn 0 0 -1
vn 0 0 -1
vn 0 0 -1
vn 0 0 -1
vn 0 0 -1
vn 0 0 -1
vn 0 0 -1
vn 0.996801496 0.0799174309 -3.34736274e-06
vn -0.853456438 -0.521164238 0
vn 0 0 -1
vn -0.853491724 -0.521106422 -3.1866366e-05
vn 0 0 -1
vn 0 0 -1
vn 0 0 -1
vn 0.232080668 0.972696543 -1.81192663e-05
vn 0.232101902 0.972691476 0
vn 0.232084304 0.972695649 -1.7409744e-05
vn 0.232101515 0.972691536 0
vn -0.759506941 0.650499165 -3.18337605e-08
vn 0.232018515 0.972711384 3.95844654e-05
vn -0.759507537 0.650498629 0
vn -0.759507537 0.650498629 0
vn 0 0 -1
vn 0 0 -1
vn 0.996801972 0.0799117535 -3.63845096e-08
vn -0.853450894 -0.521173239 -3.17920894e-05
vn 0 0 -1
vn 0 0 -1
vn 0 0 -1
vn 0 0 -1
vn 0 0 -1
vn 0 0 -1
vn 0 0 -1
vn 0.23203449 0.97270751 3.63850958e-08
vn 0.232026681 0.972709417 0
vn 0.232026681 0.972709417 0
vn 0.232026711 0.972709417 -1.81919368e-08
vn 0.232025743 0.972709656 -8.36828576e-07
vn -0.759504974 0.650501549 -6.06433923e-06
vn -0.75951004 0.650495529 -7.06488618e-06
vn -0.75951004 0.650495529 -7.06488618e-06
vn 0 0 -1
vn 0 0 -1
vn 0.99680227 0.0799075291 4.71181829e-06
vn -0.853466809 -0.521147192 -2.50284029e-05
vn 0 0 -1
vn -0.853508174 -0.521079481 -6.34405878e-05
vn 0 0 -1
vn 0 0 -1
vn 0.232058421 0.972701907 -8.22291531e-06
vn 0.232093081 0.972693563 1.27343146e-05
vn 0.232013166 0.972712696 -1.77193288e-05
vn 0.232030138 0.972708583 -4.1842145e-07
vn 0.2320306 0.972708464 -1.81922406e-08
vn -0.759498417 0.650509179 -1.61829303e-05
vn -0.759486318 0.650523305 -1.41549262e-05
vn -0.759486318 0.650523305 -1.41549262e-05
vn 0.996801615 0.0799160004 -1.056974e-05
vn 0.232094407 0.972693264 1.09151742e-07
vn 0.232090235 0.972694278 0
vn 0.232085973 0.972695351 0
vn 0.232090384 0.972694218 -2.18303668e-07
vn 0.232095137 0.972693086 4.12959298e-06
vn -0.759501338 0.650505781 1.13694316e-08
vn -0.762721956 0.638574004 -0.102364451
vn 0 0 -1
vn 0.996802092 0.0799101442 4.69362476e-06
vn 0 0 -1
vn 0.996800125 0.0799343437 -1.67368171e-06
vn -0.759381533 0.650645673 -6.82083723e-09
vn 0 0 -1
vn 0 0 -1
vn 0 0 -1
vn 0 0 -1
vn -0.759404004 0.650619328 2.01723215e-05
vn -0.759402394 0.650621295 -4.11511064e-06
vn -0.759402394 0.650621295 -4.11511064e-06
vn 0 0 -1
vn 0 0 -1
vn 0.996800005 0.0799362436 1.81922442e-08
vn -0.75938499 0.65064162 6.82079548e-09
vn -0.759425163 0.650594652 2.82399105e-05
vn -0.759425163 0.650594652 2.82399105e-05
vn 0 0 -1
vn 0.996799886 0.0799368322 6.9130482e-07
vn -0.759450614 0.650564969 -8.02782961e-06
vn -0.759381533 0.650645554 8.07132346e-06
vn -0.759381533 0.650645554 8.07132346e-06
vn 0 0 -1
vn 0 0 -1
vn 0.996800005 0.079936184 1.473574e-06
vn -0.759426177 0.650593519 5.63716458e-05
vn -0.759426057 0.650593638 5.65626324e-05
vn -0.759426057 0.650593638 5.65626324e-05
vn 0 0 -1
vn 0 0 -1
vn -0.759437501 0.650580227 -8.09572339e-06
vn -0.626067638 0.444521844 -0.640655577
vn 0 0 -1
vn 0.996799886 0.0799373463 0
vn 0 0 -1
vn -0.759384274 0.650642395 -5.58719112e-05
vn -0.759370863 0.650658071 4.85565397e-05
vn -0.759333014 0.650702238 1.74604538e-05
vn -0.759407163 -0.650615633 -6.03854915e-06
vn 0.996801734 -0.0799148753 3.63847192e-08
vn -0.759450555 -0.650565028 -8.03919738e-06
vn -0.759385586 -0.650640905 0
vn 0.9968009 -0.0799248144 -3.82037797e-07
vn 0.23205933 -0.972701609 1.12791224e-06
vn -0.853401244 0.52125448 -3.87773252e-05
vn 0.384091198 -0.92329514 8.60367709e-06
vn 0.384107441 0.923288405 3.43395623e-05
vn 0.384111464 0.923286736 -3.43763058e-05
vn -0.853371263 -0.521303654 -3.64970248e-07
vn 0.384045601 0.923314095 3.6379479e-08
vn 0.384045601 0.923314095 3.6379479e-08
vn 0.384067357 0.923305094 5.67475627e-06
vn 0.384096205 0.923293054 -2.29179859e-05
vn 0.383982122 0.923340559 0
vn 0.384028524 0.923321247 3.63784025e-08
vn 0.383974999 0.923343539 3.63798485e-08
vn 0.383974999 0.923343539 3.63798485e-08
vn 0.383973122 0.923344254 -1.30967351e-06
vn 0.383980006 0.923341393 0
vn 0.38398096 0.923340976 -1.0550192e-06
vn 0.383983612 0.923339963 -7.16685736e-06
vn 0.383979261 0.923341691 3.60161152e-06
vn 0.383985341 0.923339248 8.62206434e-06
vn 0.99680227 0.0799075291 4.71181829e-06
vn 0.232080668 0.972696543 -1.81192663e-05
vn 0.232109293 0.972689688 1.81928588e-08
vn 0.232012674 0.972712755 -1.73008975e-05
vn 0.232101515 0.972691536 0
vn 0.23203449 0.97270751 3.63850958e-08
vn 0.232026681 0.972709417 0
vn 0.232025743 0.972709656 -8.36828576e-07
vn 0.232109293 0.972689688 1.81928588e-08
vn 0.232081726 0.972696245 -4.00224479e-07
vn 0.232058421 0.972701907 -8.22291531e-06
vn 0.2320306 0.972708464 -1.81922406e-08
vn -0.759378195 0.650649607 5.6522691e-05
vn 0.232092321 0.972693741 2.18305502e-07
vn 0.232090384 0.972694218 -2.18303668e-07
vn 0.996799886 0.0799368322 6.9130482e-07
vn 0.996799886 0.0799373463 0
vn -0.759378195 0.650649607 5.6522691e-05
vn -0.759370863 0.650658071 4.85565397e-05
vn -0.759384274 0.650642395 -5.58719112e-05
vn -0.759333014 0.650702238 1.74604538e-05
vn 0.384059817 0.923308253 2.87023358e-05
vn 0.383982122 0.923340559 0
vn 0.383980006 0.923341393 0
vn 0.383980006 0.923341393 0
vn 0.383982092 0.923340559 0
vn 0.383979261 0.923341691 3.60161152e-06
vn 0.996800482 0.0799298137 9.4599327e-06
vn 0.232066229 0.9727 8.55042401e-07
vn 0.232058436 0.972701848 -7.64054676e-07
vn 0.232018515 0.972711384 3.95844654e-05
vn 0.232033908 0.972707629 8.18665512e-07
vn 0.232026711 0.972709417 -1.81919368e-08
vn 0.232092321 0.972693741 2.18305502e-07
vn 0.232030109 0.972708583 4.1842145e-07
vn 0.2320306 0.972708464 -1.81922406e-08
vn -0.759478092 0.650532842 -1.22773656e-07
vn -0.759370863 0.650658071 4.85565397e-05
vn -0.759384274 0.650642395 -5.58719112e-05
vn 0.384114772 0.923285365 -3.63806016e-08
vn 0.384041548 0.923315823 3.63790882e-08
vn 0.384114772 0.923285365 -3.63806016e-08
vn 0.384111553 0.923286736 3.43763058e-05
vn 0.383981079 0.923340976 -1.41881947e-06
vn 0.38398096 0.923340976 -1.0550192e-06
vn 0.996800482 0.0799298137 9.4599327e-06
vn 0.383981436 0.923340797 0
vn 0.232101515 0.972691536 0
vn 0.232030109 0.972708583 4.1842145e-07
vn 0.232090384 0.972694218 -2.18303668e-07
vn 0.996801555 -0.0799166486 -1.67369967e-06
vn -0.759417653 -0.650603414 0
vn 0.384059817 0.923308253 2.87023358e-05
vn 0.384114772 0.923285365 -3.63806016e-08
vn 0.384114772 0.923285365 -3.63806016e-08
vn 0.384111553 0.923286736 3.43763058e-05
vn 0.384004474 0.923331261 0
vn 0.383985341 0.923339248 8.62206434e-06
vn 0.383985341 0.923339248 8.62206434e-06
vn 0.383983612 0.923339963 -7.16685736e-06
vn 0.383982092 0.923340559 0
vn 0.383981079 0.923340976 -1.41881947e-06
vn 0.383979261 0.923341691 3.60161152e-06
vn 0.38398096 0.923340976 -1.0550192e-06
vn 0.383981436 0.923340797 0
vn 0.232033908 0.972707629 8.18665512e-07
vn 0.232018515 0.972711384 3.95844654e-05
vn 0.232037008 0.972706974 1.81928748e-08
vn -0.759384274 0.650642395 -5.58719112e-05
vn -0.759384274 0.650642395 -5.58719112e-05
vn -0.759412467 -0.650609493 3.01928321e-06
vn 0.996801376 -0.0799189657 -9.31307204e-06
vn -0.853470862 0.521140575 2.47361049e-06
vn 0.384045601 0.923314095 3.6379479e-08
vn 0.384045601 0.923314095 3.6379479e-08
vn 0.38410303 0.923290193 1.72067284e-05
vn 0.38410303 0.923290193 -1.72067284e-05
vn 0.38410303 0.923290193 -1.72067284e-05
vn 0.383980006 0.923341393 0
vn 0.383983612 0.923339963 -7.16685736e-06
vn 0.383983612 0.923339963 -7.16685736e-06
vn 0.383979261 0.923341691 3.60161152e-06
vn 0.383979261 0.923341691 3.60161152e-06
vn 0.996800482 0.0799298137 9.4599327e-06
vn 0.232101515 0.972691536 0
vn 0.99680227 0.0799075142 -4.67543305e-06
vn 0.232026681 0.972709417 0
vn 0.232025728 0.972709656 8.36828633e-07
vn 0.232026711 0.972709417 -1.81919368e-08
vn 0.99680227 0.0799075291 4.71181829e-06
vn -0.853508174 -0.521079481 -6.34405878e-05
vn 0.232094407 0.972693264 1.09151742e-07
vn 0.232090235 0.972694278 0
vn -0.759333014 0.650702238 1.74604538e-05
vn -0.759407163 -0.650615692 6.03854915e-06
vn -0.759412169 -0.650609851 -6.03858871e-06
vn 0.232092202 -0.972693861 0
vn -0.759574175 -0.650420606 -8.18481567e-06
vn -0.853467941 0.521145344 4.84719976e-06
vn 0.38407445 -0.923302174 1.41875273e-06
vn 0.384114772 0.923285365 -3.63806016e-08
vn 0.384111464 0.923286736 -3.43763058e-05
vn 0.38404882 0.923312783 3.43404681e-05
vn 0.384041548 0.923315823 3.63790882e-08
vn 0.384114772 0.923285365 -3.63806016e-08
vn 0.38410303 0.923290193 -1.72067284e-05
vn 0.384045601 0.923314095 3.6379479e-08
vn 0.384093106 0.923294306 1.71704251e-05
vn 0.38410455 0.923289597 2.85922652e-05
vn 0.384104669 0.923289537 -1.42968856e-05
vn 0.384004474 0.923331261 0
vn 0.383983612 0.923339963 -7.16685736e-06
vn 0.383979261 0.923341691 3.60161152e-06
vn 0.383979261 0.923341691 3.60161152e-06
vn 0.232034519 0.97270751 -1.81925479e-08
vn 0.232090384 0.972694218 -2.18303668e-07
vn 0.232092321 0.972693741 2.18305502e-07
vn 0.232095137 0.972693086 4.12959298e-06
vn -0.759384274 0.650642395 -5.58719112e-05
vn 0.232081234 -0.972696483 -1.72642231e-05
vn 0.384014487 -0.923327088 2.32837665e-05
vn 0.384059817 0.923308253 2.87023358e-05
vn 0.384094685 0.923293769 -2.87379007e-05
vn 0.384090304 0.923295498 -3.63782888e-08
vn 0.383982092 0.923340559 0
vn 0.383981436 0.923340797 0
vn 0.38398096 0.923340976 -1.0550192e-06
vn 0.232018515 0.972711384 3.95844654e-05
vn 0.996801496 0.0799174309 -3.34736274e-06
vn 0.232093081 0.972693563 1.27343146e-05
vn 0.232087806 0.972694874 8.22270249e-06
vn 0.232093081 0.972693563 1.27343146e-05
vn -0.759384274 0.650642395 -5.58719112e-05
vn -0.759407341 -0.650615394 -1.16404783e-06
vn 0.384114772 0.923285365 -3.63806016e-08
vn 0.384041548 0.923315823 3.63790882e-08
vn 0.384090304 0.923295498 -3.63782888e-08
vn 0.384090304 0.923295498 -3.63782888e-08
vn 0.384004474 0.923331261 0
vn 0.383981079 0.923340976 -1.41881947e-06
vn 0.383981079 0.923340976 -1.41881947e-06
vn 0.232026711 0.972709417 -1.81919368e-08
vn 0.232025728 0.972709656 8.36828633e-07
vn 0.2320427 0.972705603 -1.8193191e-08
vn 0.232026681 0.972709417 0
vn 0.232093081 0.972693563 1.27343146e-05
vn 0.232058421 0.972701907 -8.22291531e-06
vn 0.232090384 0.972694218 -2.18303668e-07
vn 0.232090235 0.972694278 0
vn 0.996799946 0.0799370781 4.67537893e-06
vn 0.996799886 0.0799369514 -2.34680101e-06
vn -0.759384274 0.650642395 -5.58719112e-05
vn -0.759384274 0.650642395 -5.58719112e-05
vn 0.232103035 -0.972691238 3.49291477e-05
vn 0.232058451 -0.972701788 0
vn 0.384114772 0.923285365 -3.63806016e-08
vn 0.384111553 0.923286736 3.43763058e-05
vn 0.232101515 0.972691536 0
vn 0.232018515 0.972711384 3.95844654e-05
vn 0.232025728 0.972709656 8.36828633e-07
vn 0.232025728 0.972709656 8.36828633e-07
vn 0.232094407 0.972693264 1.09151742e-07
vn 0.232095137 0.972693086 4.12959298e-06
vn -0.759384274 0.650642395 -5.58719112e-05
vn -0.759384274 0.650642395 -5.58719112e-05
vn -0.853470623 0.521140933 -1.16405351e-06
vn 0.232088506 -0.972694755 -1.81198793e-05
vn 0.383979261 0.923341691 3.60161152e-06
vn 0.384071499 0.923303306 -2.87393618e-06
vn 0.996800482 0.0799298137 9.4599327e-06
vn 0.383981436 0.923340797 0
vn 0.232026681 0.972709417 0
vn -0.853508174 -0.521079481 -6.34405878e-05
vn 0.996800125 0.0799338147 -8.00459532e-07
vn 0.996799231 0.0799452737 2.98353075e-06
vn -0.759384274 0.650642395 -5.58719112e-05
vn 0.232025728 -0.972709656 8.18636636e-07
vn 0.383980006 0.923341393 0
vn 0.383981079 0.923340976 -1.41881947e-06
vn 0.383982092 0.923340559 0
vn -0.853461444 -0.521155953 -7.05711682e-06
vn 0.232085973 0.972695351 0
vn 0.232093081 0.972693563 1.27343146e-05
vn -0.759478092 0.650532842 -1.22773656e-07
vn -0.759370863 0.650658071 4.85565397e-05
vn 0.232025772 -0.972709656 -8.18636636e-07
vn 0.23205933 -0.972701609 1.12791224e-06
vn -0.853371263 -0.521303654 -3.64970248e-07
vn 0.384071499 0.923303306 -2.87393618e-06
vn 0.232090384 0.972694218 -2.18303668e-07
vn 0.232030109 0.972708583 4.1842145e-07
vn 0.232094407 0.972693264 1.09151742e-07
vn 0.232085973 0.972695351 0
vn 0.996800065 0.0799348354 -2.94715255e-06
vn -0.759395659 -0.650629163 2.0371242e-06
vn 0.996799469 -0.0799420476 0
vn 0.383977354 -0.923342526 -2.86211871e-05
vn -0.853372872 -0.521301031 1.58629118e-05
vn 0.384093821 0.923294067 -2.87388934e-06
vn 0.383981436 0.923340797 0
vn 0.232025743 0.972709656 -8.36828576e-07
vn 0.996799886 0.0799368322 6.9130482e-07
vn -0.759437501 0.650580227 -8.09572339e-06
vn 0.996799886 0.0799373463 0
vn -0.759384274 0.650642395 -5.58719112e-05
vn -0.759384274 0.650642395 -5.58719112e-05
vn 0.996801376 -0.0799183324 -8.73099998e-06
vn -0.7593835 -0.650643289 -2.82645706e-05
vn 0.99680227 -0.0799075142 -4.63904826e-06
vn 0.232066631 -0.972699881 -8.18658975e-07
vn 0.232101902 -0.972691476 1.81922797e-08
vn -0.759434044 -0.65058434 -5.65762057e-05
vn -0.853297412 0.521424532 -7.01250337e-06
vn -0.853316426 0.521393359 -3.86916108e-05
vn 0.384093106 0.923294306 1.71704251e-05
vn -0.853371382 -0.521303415 1.32070936e-05
vn 0.383982122 0.923340559 0
vn 0.384004474 0.923331261 0
vn 0.384004474 0.923331261 0
vn 0.383980006 0.923341393 0
vn 0.383974999 0.923343539 3.63798485e-08
vn 0.383974999 0.923343539 3.63798485e-08
vn 0.383974999 0.923343539 3.63798485e-08
vn 0.383985341 0.923339248 8.62206434e-06
vn 0.383974999 0.923343539 3.63798485e-08
vn 0.383974999 0.923343539 3.63798485e-08
vn 0.99680227 0.0799075142 -4.67543305e-06
vn 0.232026711 0.972709417 -1.81919368e-08
vn -0.759487331 0.650522113 1.13692229e-08
vn -0.759486318 0.650523305 -1.41549262e-05
vn -0.75938499 0.65064162 6.82079548e-09
vn -0.759384274 0.650642395 -5.58719112e-05
vn -0.759333014 0.650702238 1.74604538e-05
vn -0.759394526 -0.650630295 -1.21133708e-05
vn -0.759429395 -0.650589645 0
vn -0.759409487 -0.65061301 0
vn -0.759450555 -0.650565028 -8.03919738e-06
vn -0.759450555 -0.650565028 -8.03919738e-06
vn -0.759404302 -0.65061903 -3.23401473e-05
vn -0.853467941 0.521145344 4.84719976e-06
vn 0.232025728 -0.972709656 -8.36828576e-07
vn 0.232055709 -0.972702503 -8.85956615e-06
vn 0.232055917 -0.972702444 9.05968045e-06
vn 0.383948386 -0.923354506 -2.86033719e-05
vn 0.38398701 -0.923338473 2.72853296e-08
vn 0.38398701 -0.923338473 2.72853296e-08
vn 0.384104759 -0.923289537 1.42877907e-05
vn 0.384076566 -0.92330128 -1.72250147e-05
vn -0.853371263 -0.521303654 -3.64970248e-07
vn -0.853368938 -0.521307468 3.63831489e-08
vn -0.85337168 -0.521302998 0
vn 0.384094685 0.923293769 -2.87379007e-05
vn 0.384087443 0.92329675 5.74781325e-06
vn -0.853384852 -0.521281362 3.49287984e-06
vn 0.383974999 0.923343539 3.63798485e-08
vn -0.853361905 -0.521318913 0
vn 0.383979261 0.923341691 3.60161152e-06
vn 0.383985341 0.923339248 8.62206434e-06
vn 0.383979261 0.923341691 3.60161152e-06
vn 0.38398096 0.923340976 -1.0550192e-06
vn -0.853453398 -0.521169245 -3.17927079e-05
vn -0.853463113 -0.521153212 -3.88163062e-05
vn -0.853441119 -0.521189272 -2.47351836e-05
vn -0.853455245 -0.521166146 -6.98431177e-06
vn -0.853450894 -0.521173239 -3.17920894e-05
vn 0.232026681 0.972709417 0
vn 0.232025743 0.972709656 -8.36828576e-07
vn 0.996801734 0.0799145699 2.60149886e-06
vn -0.853466809 -0.521147192 -2.50284029e-05
vn 0.232094407 0.972693264 1.09151742e-07
vn 0.232090235 0.972694278 0
vn -0.759450614 0.650564969 -8.02782961e-06
vn -0.759381533 0.650645554 8.07132346e-06
vn -0.759433448 -0.650585055 0
vn -0.7593835 -0.650643289 -2.82645706e-05
vn -0.759409487 -0.65061301 0
vn -0.759429395 -0.650589645 0
vn -0.759433389 -0.650584996 0
vn -0.759433389 -0.650584996 0
vn -0.759404302 -0.65061903 -3.23401473e-05
vn -0.759403646 -0.650619745 2.44458224e-05
vn -0.759403646 -0.650619745 2.44458224e-05
vn -0.759404421 -0.650618851 1.61882635e-05
vn -0.759385228 -0.650641263 -3.92880065e-06
vn -0.759385228 -0.650641263 -3.92880065e-06
vn -0.759511292 -0.650494158 -2.01559924e-05
vn -0.759485364 -0.650524378 8.11335758e-06
vn -0.759483874 -0.650526106 2.82686105e-05
vn 0.232082814 -0.972696066 -1.73187927e-05
vn 0.232059434 -0.972701609 1.81917912e-08
vn 0.232025757 -0.972709656 -8.36828576e-07
vn -0.759529769 -0.650472522 4.03422673e-05
vn -0.853468776 0.521143973 -1.81881497e-08
vn 0.2320306 -0.972708464 -1.81922406e-08
vn -0.759526491 -0.650476336 7.96723998e-06
vn -0.759578288 -0.650415897 4.84943594e-05
vn -0.853471518 0.521139443 9.09427378e-09
vn -0.853468776 0.521143913 -3.50121877e-06
vn 0.232034236 -0.97270757 4.1842884e-07
vn 0.232023329 -0.972710252 9.05983779e-06
vn 0.232055709 -0.972702503 -8.85956615e-06
vn -0.759434044 -0.65058434 -5.65762057e-05
vn -0.853468776 0.521143973 3.501219e-06
vn -0.853468776 0.521143973 -3.501219e-06
vn 0.23205851 -0.972701848 2.25582744e-06
vn -0.759574175 -0.650420606 -8.18481567e-06
vn -0.759481966 -0.650528252 -5.67532479e-05
vn -0.759481966 -0.650528252 -5.67532479e-05
vn 0.996801853 -0.0799126402 3.00171723e-06
vn 0.996801496 -0.0799168646 -2.29222883e-06
vn 0.996801734 -0.0799146891 1.81923188e-08
vn -0.853473663 0.521135926 2.72832832e-08
vn -0.853401542 0.521254122 3.1822794e-05
vn -0.853316307 0.521393538 -2.46847758e-05
vn -0.853412509 0.521236062 -3.17915619e-05
vn -0.853317142 0.521392345 -7.05773436e-06
vn -0.853345454 0.521345973 -7.02158741e-06
vn 0.383980036 -0.923341393 5.77537685e-06
vn 0.383979976 -0.923341393 -5.77537685e-06
vn 0.383945495 -0.923355758 3.44061627e-05
vn 0.384045899 -0.923314035 -5.81136828e-06
vn 0.384095997 -0.923293173 1.13771403e-05
vn 0.384104759 -0.923289537 1.42877907e-05
vn -0.853295684 0.521427333 3.88349144e-05
vn 0.384073675 -0.923302472 1.71978609e-05
vn 0.384092391 -0.923294663 1.13864653e-05
vn -0.853401244 0.52125448 -3.87773252e-05
vn 0.384075165 -0.923301876 2.8738782e-06
vn -0.853420436 0.521223068 -3.95865318e-05
vn 0.384082764 -0.923298717 -1.16413059e-06
vn -0.85337168 -0.521302998 0
vn -0.853371799 -0.5213027 -8.73199269e-07
vn -0.853371799 -0.5213027 -8.73199269e-07
vn 0.384114772 0.923285365 -3.63806016e-08
vn 0.384090304 0.923295498 -3.63782888e-08
vn -0.853358984 -0.5213238 3.63830566e-08
vn -0.853366971 -0.521310687 0
vn 0.384067357 0.923305094 5.67475627e-06
vn 0.38404882 0.923312783 3.43404681e-05
vn -0.853372872 -0.521301031 1.58629118e-05
vn 0.384045601 0.923314095 3.6379479e-08
vn -0.853365898 -0.521312416 6.11233463e-06
vn -0.853365898 -0.521312416 6.11233463e-06
vn -0.853371382 -0.521303415 1.32070936e-05
vn 0.383980006 0.923341393 0
vn 0.383980006 0.923341393 0
vn 0.383982122 0.923340559 0
vn -0.853366971 -0.521310687 0
vn -0.853380859 -0.521287978 -1.93557662e-05
vn -0.853362322 -0.521318376 -1.58992316e-05
vn 0.383974999 0.923343539 3.63798485e-08
vn -0.853381634 -0.521286607 -1.94627555e-05
vn -0.853453398 -0.521169245 -3.17927079e-05
vn -0.853447139 -0.521179438 -3.17560953e-05
vn -0.853463113 -0.521153212 -3.88163062e-05
vn -0.853489161 -0.521110594 3.20112522e-05
vn -0.853489161 -0.521110594 3.20112522e-05
vn 0.996803403 0.0798935518 -9.27808924e-06
vn 0.996801436 0.0799183697 -1.52270413e-05
vn 0.232109293 0.972689688 1.81928588e-08
vn 0.232080668 0.972696543 -1.81192663e-05
vn 0.232066229 0.9727 8.55042401e-07
vn 0.232101515 0.972691536 0
vn -0.759506941 0.650499165 -3.18337605e-08
vn 0.232018515 0.972711384 3.95844654e-05
vn -0.759507537 0.650498629 0
vn -0.853455245 -0.521166146 -6.98431177e-06
vn -0.853452086 -0.521171212 3.88492881e-05
vn -0.853491724 -0.521106422 -3.1866366e-05
vn -0.853491724 -0.521106422 -3.1866366e-05
vn 0.232034519 0.97270751 -1.81925479e-08
vn -0.759504974 0.650501549 -6.06433923e-06
vn -0.75951004 0.650495529 -7.06488618e-06
vn 0.99680227 0.0799075142 -4.67543305e-06
vn 0.232058421 0.972701907 -8.22291531e-06
vn 0.232030571 0.972708464 0
vn 0.232087806 0.972694874 8.22270249e-06
vn 0.232075304 0.972697854 -9.02333068e-06
vn 0.232090384 0.972694218 -2.18303668e-07
vn -0.759498417 0.650509179 -1.61829303e-05
vn 0.232095137 0.972693086 4.12959298e-06
vn -0.759428024 0.650591254 2.82234996e-05
vn 0.996799767 0.0799394771 -2.94715187e-06
vn 0.996802092 0.0799101442 4.69362476e-06
vn -0.759381533 0.650645673 -6.82083723e-09
vn -0.759404004 0.650619328 2.01723215e-05
vn -0.759402394 0.650621295 -4.11511064e-06
vn -0.759425163 0.650594652 2.82399105e-05
vn -0.759426177 0.650593519 5.63716458e-05
vn -0.759426057 0.650593638 5.65626324e-05
vn 0.996800005 0.079936184 1.81922726e-08
vn 0.996800125 0.0799338147 -8.00459532e-07
vn 0.996799886 0.0799373463 0
vn -0.759370863 0.650658071 4.85565397e-05
vn 0 0 1
vn 0 0 1
vn 0 0 1
vn 0.996800065 -0.079935208 -2.63786501e-06
vn 0 0 1
vn 0 0 1
vn 0 0 1
vn 0.99680078 -0.0799262449 -1.81922353e-08
vn 0 0 1
vn 0 0 1
vn 0 0 1
vn 0.99679929 -0.0799446777 5.45766241e-08
vn 0 0 1
vn 0 0 1
vn 0.996799529 -0.0799420625 0
vn 0 0 1
vn 0 0 1
vn 0 0 1
vn 0 0 1
vn 0 0 1
vn 0 0 1
vn 0.996799827 -0.0799378529 4.63903689e-06
vn 0 0 1
vn 0 0 1
vn 0 0 1
vn 0 0 1
vn 0.232081234 -0.972696483 -1.72642231e-05
vn 0 0 1
vn 0 0 1
vn 0 0 1
vn 0.996801555 -0.0799166486 -1.67369967e-06
vn -0.853470862 0.521140575 2.47361049e-06
vn 0 0 1
vn 0 0 1
vn 0 0 1
vn 0 0 1
vn 0.232025757 -0.972709656 -8.36828576e-07
vn 0 0 1
vn 0 0 1
vn 0 0 1
vn 0.996802032 -0.0799104497 -1.6736949e-06
vn 0 0 1
vn 0 0 1
vn 0 0 1
vn 0 0 1
vn 0 0 1
vn 0 0 1
vn 0 0 1
vn 0 0 1
vn 0 0 1
vn 0 0 1
vn 0 0 1
vn 0 0 1
vn 0 0 1
vn 0 0 1
vn 0 0 1
vn 0 0 1
vn -0.853468776 0.521143913 -3.50121877e-06
vn 0 0 1
vn 0 0 1
vn 0 0 1
vn 0 0 1
vn 0 0 1
vn 0 0 1
vn 0 0 1
vn 0 0 1
vn 0.996802092 -0.0799100772 -1.81923365e-08
vn 0 0 1
vn 0 0 1
vn -0.853468776 0.521143973 -3.501219e-06
vn 0 0 1
vn 0.9968009 -0.0799250603 3.8203811e-07
vn -0.853401542 0.521254122 3.1822794e-05
vn 0 0 1
vn 0.9968009 -0.0799248144 -3.82037797e-07
vn 0 0 1
vn 0 0 1
vn 0.383970141 -0.923345506 5.77540186e-06
vn -0.853412509 0.521236062 -3.17915619e-05
vn 0 0 1
vn 0 0 1
vn 0 0 1
vn 0 0 1
vn 0.383945495 -0.923355758 3.44061627e-05
vn 0 0 1
vn 0 0 1
vn 0 0 1
vn 0.38398701 -0.923338473 2.72853296e-08
vn -0.853345454 0.521345973 -7.02158741e-06
vn 0 0 1
vn 0 0 1
vn 0 0 1
vn 0 0 1
vn 0 0 1
vn -0.853316426 0.521393359 -3.86916108e-05
vn 0 0 1
vn 0 0 1
vn 0 0 1
vn 0.384092391 -0.923294663 1.13864653e-05
vn 0 0 1
vn 0 0 1
vn 0 0 1
vn 0 0 1
vn 0.0832895488 -0.0832895488 0.993038595
vn -0.853420436 0.521223068 -3.95865318e-05
vn 0 0 1
vn 0 0 1
vn 0 0 1
vn 0 0 1
vn 0 0 1
vn 0.384059817 0.923308253 2.87023358e-05
vn 0 0 1
vn 0 0 1
vn 0 0 1
vn 0 0 1
vn 0 0 1
vn 0.384114772 0.923285365 -3.63806016e-08
vn 0 0 1
vn 0 0 1
vn 0 0 1
vn 0 0 1
vn 0 0 1
vn 0 0 1
vn 0.38404882 0.923312783 3.43404681e-05
vn 0.384067357 0.923305094 5.67475627e-06
vn 0.384090304 0.923295498 -3.63782888e-08
vn 0.384090304 0.923295498 -3.63782888e-08
vn 0 0 1
vn 0 0 1
vn 0 0 1
vn 0.38410303 0.923290193 1.72067284e-05
vn 0.384095877 0.923293173 -2.29907346e-05
vn 0.384104669 0.923289537 -1.42968856e-05
vn 0.38410455 0.923289597 2.85922652e-05
vn 0.384093106 0.923294306 1.71704251e-05
vn 0 0 1
vn 0 0 1
vn 0 0 1
vn 0 0 1
vn 0 0 1
vn 0.383982122 0.923340559 0
vn 0.384093821 0.923294067 -2.87388934e-06
vn 0.384071499 0.923303306 -2.87393618e-06
vn 0 0 1
vn 0 0 1
vn 0 0 1
vn 0 0 1
vn 0.383974999 0.923343539 3.63798485e-08
vn 0.383973122 0.923344254 -1.30967351e-06
vn 0.383974999 0.923343539 3.63798485e-08
vn 0.383980006 0.923341393 0
vn 0.383977413 0.923342466 -2.87400462e-06
vn 0 0 1
vn 0 0 1
vn 0 0 1
vn 0.383979261 0.923341691 3.60161152e-06
vn 0.383982092 0.923340559 0
vn 0 0 1
vn 0 0 1
vn 0 0 1
vn 0 0 1
vn 0 0 1
vn 0 0 1
vn 0 0 1
vn 0 0 1
vn 0 0 1
vn 0 0 1
vn 0 0 1
vn 0 0 1
vn 0 0 1
vn 0 0 1
vn 0 0 1
vn 0 0 1
vn 0 0 1
vn 0.996802151 0.0799089596 -5.96709697e-06
vn 0.996802151 0.0799089447 -5.93071218e-06
vn 0 0 1
vn 0 0 1
vn 0 0 1
vn 0 0 1
vn 0 0 1
vn 0.232109293 0.972689688 1.81928588e-08
vn 0.232012674 0.972712755 -1.73008975e-05
vn 0.232058436 0.972701848 -7.64054676e-07
vn 0.232066229 0.9727 8.55042401e-07
vn 0.232101515 0.972691536 0
vn -0.759506941 0.650499165 -3.18337605e-08
vn 0 0 1
vn 0 0 1
vn 0.996801972 0.0799117535 -3.63845096e-08
vn 0 0 1
vn 0 0 1
vn 0 0 1
vn 0 0 1
vn 0 0 1
vn 0 0 1
vn 0 0 1
vn 0.232034519 0.97270757 -3.63850958e-08
vn 0.232025728 0.972709656 8.36828633e-07
vn 0.232033908 0.972707629 8.18665512e-07
vn 0.232025743 0.972709656 -8.36828576e-07
vn -0.759504974 0.650501549 -6.06433923e-06
vn 0 0 1
vn 0 0 1
vn 0 0 1
vn 0 0 1
vn 0 0 1
vn 0 0 1
vn 0.232058421 0.972701907 -8.22291531e-06
vn 0.232024089 0.972710013 -8.24117615e-06
vn 0.232030138 0.972708583 -4.1842145e-07
vn 0.2320306 0.972708464 -1.81922406e-08
vn 0.232030109 0.972708583 4.1842145e-07
vn 0.232037008 0.972706974 1.81928748e-08
vn -0.759498417 0.650509179 -1.61829303e-05
vn 0 0 1
vn 0.232085973 0.972695351 0
vn -0.759487331 0.650522113 1.13692229e-08
vn 0 0 1
vn 0 0 1
vn 0 0 1
vn 0 0 1
vn 0 0 1
vn 0 0 1
vn -0.759404004 0.650619328 2.01723215e-05
vn 0 0 1
vn 0 0 1
vn -0.75938499 0.65064162 6.82079548e-09
vn 0 0 1
vn 0 0 1
vn -0.759450614 0.650564969 -8.02782961e-06
vn 0 0 1
vn 0 0 1
vn -0.759426177 0.650593519 5.63716458e-05
vn 0 0 1
vn 0 0 1
vn -0.721349001 0.690866411 0.0485713892
vn 0 0 1
vn 0 0 1
vn 0.996799886 0.0799373463 0
f 1//1 2//2 3//3
f 4//4 2//2 1//1
f 4//4 1//1 5//5
f 6//6 7//7 8//8
f 3//3 9//9 1//1
f 6//6 9//9 7//7
f 10//10 9//9 6//6
f 1//1 9//9 10//10
f 11//11 5//5 1//1
f 1//1 12//12 11//11
f 1//1 10//10 12//12
f 8//8 13//13 14//14
f 15//15 8//8 14//14
f 6//6 8//8 15//15
f 16//16 6//6 15//15
f 10//10 6//6 16//16
f 10//10 17//17 12//12
f 10//10 16//16 17//17
f 18//18 13//13 19//19
f 14//14 13//13 18//18
f 15//15 14//14 18//18
f 16//16 15//15 20//20
f 21//21 17//17 16//16
f 16//16 20//20 21//21
f 22//22 23//23 24//24
f 25//25 23//23 22//22
f 19//19 23//23 25//25
f 18//18 19//19 25//25
f 15//15 18//18 26//26
f 20//20 15//15 26//26
f 27//27 21//21 20//20
f 20//20 26//26 27//27
f 28//28 29//29 30//30
f 31//31 29//29 32//32
f 33//33 29//29 31//31
f 30//30 29//29 33//33
f 22//22 34//34 25//25
f 24//24 34//34 22//22
f 24//24 35//35 34//34
f 30//30 35//35 28//28
f 30//30 34//34 35//35
f 33//33 34//34 30//30
f 36//36 34//34 33//33
f 25//25 34//34 36//36
f 18//18 25//25 36//36
f 37//37 18//18 36//36
f 26//26 18//18 37//37
f 26//26 37//37 27//27
f 38//38 39//39 40//40
f 41//41 39//39 42//42
f 43//43 39//39 41//41
f 40//40 39//39 43//43
f 31//31 44//44 33//33
f 32//32 44//44 31//31
f 32//32 45//45 44//44
f 40//40 45//45 38//38
f 40//40 44//44 45//45
f 43//43 44//44 40//40
f 46//46 44//44 43//43
f 33//33 44//44 46//46
f 36//36 33//33 46//46
f 37//37 47//47 27//27
f 37//37 48//48 47//47
f 49//49 50//50 51//51
f 52//52 50//50 49//49
f 41//41 52//52 43//43
f 42//42 52//52 41//41
f 42//42 53//53 52//52
f 52//52 53//53 50//50
f 54//54 52//52 49//49
f 43//43 52//52 54//54
f 46//46 43//43 54//54
f 48//48 37//37 36//36
f 47//47 48//48 55//55
f 55//55 48//48 56//56
f 57//57 47//47 55//55
f 55//55 56//56 57//57
f 58//58 59//59 60//60
f 61//61 59//59 58//58
f 61//61 58//58 62//62
f 63//63 64//64 65//65
f 63//63 51//51 64//64
f 66//66 51//51 63//63
f 49//49 51//51 66//66
f 54//54 49//49 66//66
f 46//46 54//54 36//36
f 48//48 36//36 67//67
f 68//68 48//48 67//67
f 56//56 48//48 68//68
f 56//56 69//69 57//57
f 56//56 68//68 69//69
f 70//70 58//58 71//71
f 58//58 70//70 62//62
f 60//60 72//72 58//58
f 73//73 58//58 72//72
f 74//74 58//58 73//73
f 71//71 58//58 74//74
f 71//71 75//75 70//70
f 74//74 75//75 71//71
f 76//76 75//75 74//74
f 77//77 75//75 76//76
f 78//78 77//77 76//76
f 79//79 77//77 78//78
f 80//80 79//79 78//78
f 79//79 80//80 81//81
f 82//82 83//83 84//84
f 82//82 65//65 83//83
f 85//85 65//65 82//82
f 63//63 65//65 85//85
f 66//66 63//63 85//85
f 85//85 54//54 66//66
f 36//36 54//54 85//85
f 86//86 69//69 68//68
f 68//68 67//67 86//86
f 73//73 87//87 74//74
f 72//72 87//87 73//73
f 74//74 87//87 88//88
f 76//76 74//74 88//88
f 78//78 76//76 89//89
f 90//90 78//78 89//89
f 80//80 78//78 90//90
f 81//81 80//80 91//91
f 91//91 80//80 90//90
f 92//92 91//91 90//90
f 93//93 91//91 92//92
f 93//93 81//81 91//91
f 94//94 93//93 92//92
f 95//95 93//93 94//94
f 96//96 95//95 94//94
f 96//96 97//97 95//95
f 98//98 97//97 96//96
f 99//99 83//83 100//100
f 99//99 84//84 83//83
f 101//101 84//84 99//99
f 82//82 84//84 101//101
f 85//85 82//82 101//101
f 67//67 36//36 85//85
f 102//102 67//67 85//85
f 67//67 103//103 86//86
f 67//67 102//102 103//103
f 87//87 104//104 88//88
f 105//105 88//88 104//104
f 89//89 88//88 105//105
f 76//76 88//88 89//89
f 97//97 98//98 106//106
f 106//106 98//98 107//107
f 97//97 106//106 108//108
f 109//109 106//106 107//107
f 108//108 106//106 109//109
f 110//110 108//108 109//109
f 108//108 111//111 97//97
f 110//110 111//111 108//108
f 112//112 111//111 110//110
f 113//113 100//100 114//114
f 115//115 100//100 113//113
f 99//99 100//100 115//115
f 101//101 99//99 115//115
f 102//102 85//85 116//116
f 102//102 117//117 103//103
f 102//102 116//116 117//117
f 104//104 89//89 105//105
f 104//104 118//118 89//89
f 119//119 89//89 118//118
f 120//120 89//89 119//119
f 90//90 89//89 120//120
f 92//92 90//90 120//120
f 121//121 98//98 96//96
f 107//107 98//98 121//121
f 109//109 107//107 121//121
f 122//122 112//112 123//123
f 112//112 122//122 111//111
f 123//123 112//112 124//124
f 123//123 125//125 122//122
f 124//124 125//125 123//123
f 126//126 125//125 124//124
f 127//127 125//125 126//126
f 128//128 129//129 130//130
f 126//126 129//129 127//127
f 131//131 129//129 126//126
f 130//130 129//129 131//131
f 113//113 132//132 115//115
f 114//114 132//132 113//113
f 114//114 133//133 132//132
f 130//130 133//133 128//128
f 130//130 132//132 133//133
f 131//131 132//132 130//130
f 134//134 132//132 131//131
f 115//115 132//132 134//134
f 101//101 115//115 134//134
f 85//85 101//101 134//134
f 116//116 85//85 135//135
f 136//136 117//117 116//116
f 116//116 135//135 136//136
f 119//119 137//137 120//120
f 118//118 137//137 119//119
f 138//138 137//137 118//118
f 120//120 137//137 139//139
f 140//140 120//120 139//139
f 92//92 120//120 140//140
f 121//121 92//92 140//140
f 94//94 92//92 121//121
f 96//96 94//94 121//121
f 110//110 109//109 121//121
f 112//112 110//110 141//141
f 124//124 112//112 141//141
f 135//135 85//85 142//142
f 135//135 142//142 136//136
f 138//138 139//139 137//137
f 143//143 139//139 138//138
f 140//140 139//139 143//143
f 126//126 124//124 141//141
f 131//131 126//126 141//141
f 85//85 134//134 141//141
f 142//142 85//85 144//144
f 142//142 145//145 136//136
f 142//142 144//144 145//145
f 146//146 140//140 143//143
f 143//143 138//138 146//146
f 147//147 140//140 146//146
f 121//121 140//140 147//147
f 141//141 110//110 121//121
f 134//134 131//131 141//141
f 144//144 85//85 148//148
f 149//149 145//145 144//144
f 144//144 148//148 149//149
f 147//147 150//150 121//121
f 146//146 150//150 147//147
f 121//121 150//150 151//151
f 152//152 121//121 151//151
f 141//141 121//121 152//152
f 153//153 148//148 154//154
f 148//148 153//153 149//149
f 154//154 148//148 155//155
f 156//156 153//153 154//154
f 154//154 155//155 156//156
f 157//157 151//151 150//150
f 157//157 158//158 151//151
f 159//159 151//151 158//158
f 152//152 151//151 159//159
f 148//148 85//85 141//141
f 155//155 148//148 141//141
f 160//160 155//155 161//161
f 155//155 160//160 156//156
f 162//162 161//161 155//155
f 162//162 163//163 161//161
f 164//164 163//163 162//162
f 165//165 163//163 164//164
f 159//159 166//166 152//152
f 158//158 166//166 159//159
f 167//167 166//166 158//158
f 152//152 166//166 168//168
f 169//169 152//152 168//168
f 141//141 152//152 169//169
f 164//164 162//162 170//170
f 171//171 164//164 172//172
f 164//164 171//171 165//165
f 172//172 164//164 170//170
f 171//171 173//173 174//174
f 172//172 173//173 171//171
f 170//170 173//173 172//172
f 175//175 173//173 170//170
f 174//174 173//173 175//175
f 167//167 168//168 166//166
f 176//176 168//168 167//167
f 169//169 168//168 176//176
f 141//141 169//169 177//177
f 162//162 155//155 170//170
f 174//174 175//175 178//178
f 178//178 175//175 179//179
f 178//178 180//180 174//174
f 179//179 180//180 178//178
f 181//181 180//180 179//179
f 180//180 182//182 174//174
f 181//181 182//182 180//180
f 183//183 182//182 181//181
f 184//184 169//169 176//176
f 176//176 167//167 184//184
f 184//184 185//185 169//169
f 186//186 169//169 185//185
f 177//177 169//169 186//186
f 141//141 177//177 187//187
f 175//175 170//170 179//179
f 188//188 183//183 189//189
f 183//183 188//188 182//182
f 189//189 183//183 190//190
f 189//189 191//191 188//188
f 190//190 191//191 189//189
f 192//192 191//191 190//190
f 191//191 192//192 193//193
f 186//186 194//194 177//177
f 185//185 194//194 186//186
f 195//195 194//194 196//196
f 177//177 194//194 195//195
f 187//187 177//177 195//195
f 179//179 170//170 197//197
f 198//198 181//181 179//179
f 183//183 181//181 198//198
f 190//190 183//183 198//198
f 192//192 190//190 199//199
f 193//193 192//192 200//200
f 200//200 192//192 199//199
f 200//200 201//201 193//193
f 199//199 201//201 200//200
f 202//202 201//201 199//199
f 202//202 203//203 201//201
f 204//204 203//203 202//202
f 205//205 195//195 196//196
f 206//206 195//195 205//205
f 187//187 195//195 206//206
f 141//141 187//187 207//207
f 197//197 170//170 155//155
f 198//198 179//179 197//197
f 199//199 190//190 198//198
f 202//202 199//199 208//208
f 209//209 202//202 208//208
f 204//204 202//202 209//209
f 204//204 210//210 203//203
f 211//211 204//204 209//209
f 210//210 204//204 211//211
f 212//212 213//213 214//214
f 214//214 213//213 215//215
f 206//206 216//216 187//187
f 205//205 216//216 206//206
f 205//205 217//217 216//216
f 214//214 217//217 212//212
f 214//214 216//216 217//217
f 215//215 216//216 214//214
f 207//207 216//216 215//215
f 187//187 216//216 207//207
f 199//199 198//198 218//218
f 219//219 199//199 218//218
f 220//220 199//199 219//219
f 208//208 199//199 220//220
f 221//221 209//209 208//208
f 208//208 222//222 221//221
f 208//208 220//220 222//222
f 223//223 211//211 209//209
f 209//209 221//221 223//223
f 211//211 223//223 210//210
f 224//224 225//225 226//226
f 213//213 225//225 215//215
f 212//212 225//225 213//213
f 227//227 225//225 224//224
f 215//215 225//225 227//227
f 207//207 215//215 227//227
f 228//228 197//197 155//155
f 229//229 198//198 197//197
f 198//198 229//229 230//230
f 231//231 218//218 198//198
f 198//198 232//232 231//231
f 198//198 230//230 232//232
f 233//233 219//219 218//218
f 218//218 231//231 233//233
f 234//234 220//220 219//219
f 219//219 233//233 234//234
f 234//234 222//222 220//220
f 235//235 226//226 236//236
f 237//237 226//226 235//235
f 224//224 226//226 237//237
f 227//227 224//224 237//237
f 238//238 227//227 237//237
f 207//207 227//227 238//238
f 155//155 141//141 239//239
f 240//240 155//155 241//241
f 228//228 155//155 240//240
f 197//197 228//228 242//242
f 243//243 229//229 197//197
f 197//197 244//244 243//243
f 197//197 245//245 244//244
f 197//197 242//242 245//245
f 246//246 230//230 229//229
f 229//229 243//243 246//246
f 246//246 232//232 230//230
f 247//247 248//248 249//249
f 250//250 248//248 247//247
f 251//251 248//248 250//250
f 252//252 248//248 251//251
f 249//249 248//248 252//252
f 235//235 253//253 237//237
f 236//236 253//253 235//235
f 236//236 254//254 253//253
f 249//249 254//254 247//247
f 249//249 253//253 254//254
f 252//252 253//253 249//249
f 238//238 253//253 252//252
f 237//237 253//253 238//238
f 141//141 207//207 238//238
f 155//155 239//239 255//255
f 256//256 155//155 255//255
f 257//257 155//155 256//256
f 241//241 155//155 257//257
f 258//258 240//240 241//241
f 241//241 257//257 258//258
f 259//259 228//228 240//240
f 240//240 258//258 259//259
f 260//260 242//242 228//228
f 228//228 259//259 260//260
f 242//242 260//260 245//245
f 261//261 251//251 250//250
f 262//262 251//251 261//261
f 252//252 251//251 262//262
f 238//238 252//252 262//262
f 255//255 239//239 263//263
f 264//264 256//256 255//255
f 255//255 265//265 264//264
f 255//255 266//266 265//265
f 255//255 263//263 266//266
f 267//267 257//257 256//256
f 256//256 264//264 267//267
f 268//268 258//258 257//257
f 257//257 267//267 268//268
f 250//250 269//269 270//270
f 271//271 269//269 250//250
f 272//272 269//269 271//271
f 270//270 269//269 272//272
f 270//270 261//261 250//250
f 272//272 261//261 270//270
f 262//262 261//261 272//272
f 141//141 238//238 273//273
f 274//274 141//141 275//275
f 276//276 239//239 141//141
f 141//141 277//277 276//276
f 141//141 274//274 277//277
f 278//278 263//263 239//239
f 239//239 276//276 278//278
f 278//278 266//266 263//263
f 271//271 279//279 280//280
f 281//281 271//271 280//280
f 272//272 271//271 281//281
f 262//262 272//272 281//281
f 273//273 238//238 262//262
f 141//141 282//282 283//283
f 275//275 141//141 283//283
f 284//284 274//274 275//275
f 275//275 285//285 284//284
f 275//275 286//286 285//285
f 275//275 287//287 286//286
f 288//288 277//277 274//274
f 274//274 284//284 288//288
f 279//279 289//289 280//280
f 279//279 290//290 289//289
f 291//291 289//289 290//290
f 292//292 289//289 291//291
f 280//280 289//289 292//292
f 281//281 280//280 292//292
f 287//287 275//275 283//283
f 293//293 287//287 283//283
f 287//287 293//293 286//286
f 294//294 295//295 296//296
f 297//297 295//295 298//298
f 296//296 295//295 297//297
f 291//291 299//299 292//292
f 290//290 299//299 291//291
f 290//290 300//300 299//299
f 296//296 300//300 294//294
f 296//296 299//299 300//300
f 297//297 299//299 296//296
f 301//301 299//299 297//297
f 292//292 299//299 301//301
f 141//141 273//273 302//302
f 303//303 141//141 302//302
f 293//293 283//283 304//304
f 293//293 305//305 286//286
f 293//293 304//304 305//305
f 306//306 298//298 307//307
f 297//297 298//298 306//306
f 301//301 297//297 306//306
f 292//292 301//301 308//308
f 281//281 292//292 308//308
f 309//309 281//281 308//308
f 262//262 281//281 309//309
f 310//310 262//262 311//311
f 273//273 262//262 310//310
f 141//141 303//303 312//312
f 282//282 141//141 312//312
f 313//313 283//283 314//314
f 304//304 283//283 313//313
f 304//304 315//315 305//305
f 304//304 313//313 315//315
f 298//298 316//316 307//307
f 317//317 316//316 318//318
f 307//307 316//316 317//317
f 306//306 307//307 317//317
f 308//308 301//301 306//306
f 262//262 309//309 319//319
f 320//320 262//262 319//319
f 321//321 262//262 320//320
f 311//311 262//262 321//321
f 322//322 310//310 311//311
f 311//311 321//321 322//322
f 323//323 273//273 310//310
f 310//310 322//322 323//323
f 324//324 302//302 273//273
f 273//273 323//323 324//324
f 325//325 303//303 302//302
f 302//302 324//324 325//325
f 326//326 312//312 303//303
f 303//303 327//327 326//326
f 303//303 325//325 327//327
f 326//326 328//328 312//312
f 329//329 312//312 328//328
f 282//282 312//312 329//329
f 283//283 282//282 330//330
f 313//313 314//314 331//331
f 332//332 315//315 313//313
f 313//313 331//331 332//332
f 318//318 333//333 334//334
f 318//318 316//316 333//333
f 335//335 318//318 334//334
f 317//317 318//318 335//335
f 336//336 317//317 335//335
f 306//306 317//317 336//336
f 337//337 306//306 336//336
f 338//338 306//306 337//337
f 308//308 306//306 338//338
f 339//339 308//308 338//338
f 340//340 308//308 339//339
f 341//341 309//309 308//308
f 308//308 342//342 341//341
f 308//308 340//340 342//342
f 343//343 319//319 309//309
f 309//309 341//341 343//343
f 344//344 320//320 319//319
f 319//319 343//343 344//344
f 345//345 321//321 320//320
f 320//320 344//344 345//345
f 345//345 322//322 321//321
f 346//346 282//282 329//329
f 329//329 328//328 346//346
f 346//346 347//347 282//282
f 348//348 282//282 347//347
f 330//330 282//282 348//348
f 349//349 314//314 350//350
f 331//331 314//314 349//349
f 351//351 332//332 331//331
f 331//331 349//349 351//351
f 333//333 352//352 334//334
f 353//353 352//352 354//354
f 334//334 352//352 353//353
f 355//355 334//334 353//353
f 335//335 334//334 355//355
f 356//356 335//335 355//355
f 336//336 335//335 356//356
f 357//357 337//337 336//336
f 336//336 358//358 357//357
f 336//336 356//356 358//358
f 359//359 338//338 337//337
f 337//337 357//357 359//359
f 360//360 339//339 338//338
f 338//338 359//359 360//360
f 361//361 340//340 339//339
f 339//339 360//360 361//361
f 340//340 361//361 342//342
f 362//362 330//330 348//348
f 348//348 347//347 362//362
f 362//362 363//363 330//330
f 364//364 330//330 363//363
f 283//283 330//330 364//364
f 349//349 365//365 351//351
f 349//349 350//350 365//365
f 366//366 353//353 354//354
f 367//367 355//355 353//353
f 353//353 368//368 367//367
f 353//353 366//366 368//368
f 369//369 356//356 355//355
f 355//355 370//370 369//369
f 355//355 367//367 370//370
f 369//369 358//358 356//356
f 371//371 283//283 364//364
f 364//364 363//363 371//371
f 372//372 283//283 371//371
f 314//314 283//283 372//372
f 373//373 350//350 314//314
f 374//374 365//365 350//350
f 350//350 373//373 374//374
f 373//373 314//314 375//375
f 376//376 374//374 373//373
f 373//373 375//375 376//376
f 372//372 377//377 378//378
f 379//379 378//378 377//377
f 372//372 378//378 379//379
f 380//380 372//372 379//379
f 314//314 372//372 380//380
f 381//381 314//314 380//380
f 376//376 375//375 314//314
f 314//314 381//381 376//376
f 382//382 379//379 377//377
f 382//382 383//383 379//379
f 384//384 379//379 383//383
f 380//380 379//379 384//384
f 381//381 380//380 385//385
f 386//386 381//381 385//385
f 381//381 387//387 376//376
f 381//381 386//386 387//387
f 388//388 380//380 384//384
f 384//384 383//383 388//388
f 388//388 389//389 380//380
f 390//390 380//380 389//389
f 385//385 380//380 390//390
f 386//386 385//385 391//391
f 386//386 392//392 387//387
f 386//386 391//391 392//392
f 393//393 385//385 390//390
f 390//390 389//389 393//393
f 393//393 394//394 385//385
f 395//395 385//385 394//394
f 396//396 385//385 395//395
f 397//397 385//385 396//396
f 391//391 385//385 397//397
f 398//398 392//392 391//391
f 391//391 397//397 398//398
f 399//399 396//396 395//395
f 395//395 394//394 399//399
f 399//399 400//400 396//396
f 401//401 396//396 400//400
f 402//402 396//396 401//401
f 403//403 396//396 402//402
f 397//397 396//396 403//403
f 397//397 403//403 398//398
f 404//404 402//402 401//401
f 401//401 400//400 404//404
f 405//405 402//402 404//404
f 406//406 402//402 405//405
f 403//403 402//402 406//406
f 407//407 398//398 403//403
f 403//403 406//406 407//407
f 406//406 405//405 408//408
f 406//406 409//409 407//407
f 406//406 408//408 409//409
f 410//410 408//408 405//405
f 411//411 409//409 408//408
f 408//408 410//410 411//411
f 2//2 412//412 3//3
f 4//4 412//412 2//2
f 3//3 412//412 9//9
f 8//8 7//7 13//13
f 413//413 12//12 17//17
f 21//21 413//413 17//17
f 23//23 19//19 24//24
f 27//27 413//413 21//21
f 28//28 32//32 29//29
f 35//35 24//24 28//28
f 414//414 38//38 415//415
f 42//42 38//38 414//414
f 39//39 38//38 42//42
f 38//38 45//45 415//415
f 45//45 32//32 415//415
f 50//50 64//64 51//51
f 64//64 50//50 414//414
f 50//50 53//53 414//414
f 53//53 42//42 414//414
f 47//47 413//413 27//27
f 47//47 57//57 413//413
f 65//65 64//64 83//83
f 57//57 69//69 413//413
f 95//95 97//97 93//93
f 100//100 83//83 114//114
f 416//416 69//69 86//86
f 86//86 103//103 416//416
f 87//87 72//72 104//104
f 97//97 417//417 93//93
f 97//97 111//111 417//417
f 103//103 117//117 416//416
f 127//127 122//122 125//125
f 128//128 133//133 114//114
f 136//136 416//416 117//117
f 138//138 418//418 146//146
f 150//150 146//146 418//418
f 418//418 157//157 150//150
f 157//157 418//418 158//158
f 160//160 161//161 163//163
f 158//158 418//418 167//167
f 160//160 171//171 174//174
f 167//167 418//418 184//184
f 174//174 182//182 188//188
f 174//174 188//188 419//419
f 188//188 191//191 419//419
f 193//193 419//419 191//191
f 185//185 184//184 418//418
f 194//194 418//418 196//196
f 194//194 185//185 418//418
f 203//203 193//193 201//201
f 203//203 419//419 193//193
f 196//196 418//418 205//205
f 203//203 210//210 419//419
f 217//217 205//205 212//212
f 221//221 222//222 420//420
f 420//420 421//421 221//221
f 421//421 223//223 221//221
f 422//422 225//225 212//212
f 423//423 424//424 425//425
f 231//231 423//423 425//425
f 231//231 232//232 423//423
f 231//231 425//425 233//233
f 425//425 234//234 233//233
f 222//222 234//234 420//420
f 226//226 225//225 236//236
f 244//244 245//245 426//426
f 426//426 243//243 244//244
f 426//426 246//246 243//243
f 232//232 246//246 423//423
f 246//246 424//424 423//423
f 236//236 225//225 247//247
f 254//254 236//236 247//247
f 258//258 427//427 259//259
f 428//428 260//260 259//259
f 260//260 426//426 245//245
f 429//429 430//430 431//431
f 265//265 266//266 431//431
f 431//431 264//264 265//265
f 431//431 430//430 264//264
f 430//430 267//267 264//264
f 430//430 432//432 427//427
f 430//430 427//427 267//267
f 267//267 427//427 268//268
f 268//268 427//427 258//258
f 433//433 429//429 434//434
f 434//434 276//276 277//277
f 434//434 429//429 435//435
f 434//434 435//435 276//276
f 435//435 278//278 276//276
f 435//435 429//429 278//278
f 266//266 436//436 431//431
f 436//436 429//429 431//431
f 429//429 436//436 278//278
f 278//278 436//436 266//266
f 250//250 279//279 271//271
f 277//277 288//288 434//434
f 288//288 433//433 434//434
f 284//284 433//433 288//288
f 290//290 279//279 294//294
f 300//300 290//290 294//294
f 286//286 305//305 437//437
f 305//305 315//315 437//437
f 316//316 298//298 295//295
f 438//438 439//439 322//322
f 439//439 440//440 323//323
f 439//439 438//438 440//440
f 439//439 323//323 322//322
f 324//324 441//441 325//325
f 441//441 327//327 325//325
f 332//332 437//437 315//315
f 341//341 342//342 442//442
f 442//442 443//443 341//341
f 443//443 343//343 341//341
f 343//343 443//443 344//344
f 443//443 345//345 344//344
f 322//322 444//444 438//438
f 345//345 438//438 444//444
f 345//345 445//445 438//438
f 345//345 444//444 322//322
f 351//351 437//437 332//332
f 446//446 447//447 357//357
f 447//447 359//359 357//357
f 447//447 360//360 359//359
f 447//447 361//361 360//360
f 342//342 361//361 442//442
f 361//361 448//448 442//442
f 347//347 346//346 449//449
f 449//449 362//362 347//347
f 449//449 363//363 362//362
f 351//351 365//365 437//437
f 366//366 446//446 450//450
f 366//366 450//450 368//368
f 450//450 367//367 368//368
f 367//367 450//450 370//370
f 450//450 369//369 370//370
f 358//358 451//451 357//357
f 451//451 446//446 357//357
f 450//450 446//446 451//451
f 450//450 451//451 369//369
f 369//369 451//451 358//358
f 449//449 371//371 363//363
f 374//374 376//376 437//437
f 374//374 437//437 365//365
f 372//372 371//371 449//449
f 449//449 382//382 377//377
f 382//382 449//449 383//383
f 449//449 388//388 383//383
f 449//449 389//389 388//388
f 452//452 453//453 387//387
f 387//387 392//392 452//452
f 392//392 398//398 452//452
f 398//398 453//453 452//452
f 400//400 399//399 454//454
f 454//454 404//404 400//400
f 407//407 453//453 398//398
f 405//405 454//454 455//455
f 405//405 404//404 454//454
f 407//407 456//456 453//453
f 407//407 409//409 456//456
f 455//455 410//410 405//405
f 409//409 457//457 456//456
f 455//455 457//457 410//410
f 410//410 457//457 411//411
f 411//411 457//457 409//409
f 415//415 28//28 24//24
f 28//28 415//415 32//32
f 64//64 414//414 83//83
f 77//77 79//79 417//417
f 79//79 81//81 417//417
f 93//93 417//417 81//81
f 417//417 111//111 122//122
f 418//418 138//138 118//118
f 160//160 163//163 165//165
f 165//165 171//171 160//160
f 458//458 419//419 210//210
f 420//420 458//458 421//421
f 458//458 223//223 421//421
f 223//223 458//458 210//210
f 234//234 425//425 420//420
f 225//225 422//422 247//247
f 426//426 424//424 246//246
f 459//459 259//259 427//427
f 428//428 426//426 260//260
f 250//250 247//247 422//422
f 460//460 430//430 429//429
f 427//427 461//461 459//459
f 461//461 430//430 459//459
f 430//430 461//461 432//432
f 432//432 461//461 427//427
f 462//462 463//463 429//429
f 433//433 462//462 429//429
f 463//463 460//460 429//429
f 433//433 284//284 464//464
f 285//285 286//286 464//464
f 464//464 284//284 285//285
f 295//295 294//294 316//316
f 445//445 465//465 440//440
f 445//445 440//440 438//438
f 440//440 466//466 323//323
f 323//323 466//466 324//324
f 466//466 441//441 324//324
f 441//441 467//467 327//327
f 467//467 326//326 327//327
f 468//468 345//345 443//443
f 468//468 445//445 345//345
f 468//468 469//469 445//445
f 446//446 470//470 447//447
f 471//471 448//448 361//361
f 471//471 472//472 448//448
f 472//472 471//471 443//443
f 472//472 443//443 448//448
f 448//448 443//443 442//442
f 346//346 328//328 449//449
f 376//376 387//387 437//437
f 372//372 449//449 377//377
f 389//389 449//449 393//393
f 454//454 394//394 393//393
f 399//399 394//394 454//454
f 473//473 454//454 474//474
f 454//454 473//473 455//455
f 453//453 456//456 475//475
f 473//473 474//474 455//455
f 456//456 457//457 475//475
f 77//77 417//417 75//75
f 69//69 416//416 413//413
f 417//417 122//122 127//127
f 416//416 136//136 145//145
f 149//149 416//416 145//145
f 149//149 153//153 416//416
f 476//476 477//477 478//478
f 420//420 476//476 478//478
f 420//420 479//479 476//476
f 420//420 478//478 458//458
f 478//478 477//477 458//458
f 477//477 476//476 458//458
f 459//459 428//428 259//259
f 462//462 480//480 481//481
f 481//481 463//463 462//462
f 464//464 286//286 482//482
f 482//482 433//433 464//464
f 482//482 483//483 433//433
f 462//462 433//433 480//480
f 433//433 481//481 480//480
f 483//483 481//481 433//433
f 294//294 279//279 250//250
f 437//437 482//482 286//286
f 440//440 465//465 466//466
f 465//465 441//441 466//466
f 465//465 484//484 441//441
f 441//441 484//484 467//467
f 443//443 469//469 468//468
f 469//469 465//465 445//445
f 485//485 443//443 447//447
f 361//361 447//447 471//471
f 447//447 443//443 471//471
f 486//486 446//446 366//366
f 446//446 486//486 470//470
f 454//454 393//393 449//449
f 474//474 457//457 455//455
f 13//13 7//7 24//24
f 19//19 13//13 24//24
f 487//487 12//12 413//413
f 415//415 488//488 414//414
f 417//417 127//127 129//129
f 419//419 458//458 489//489
f 212//212 205//205 422//422
f 490//490 489//489 491//491
f 479//479 490//490 491//491
f 479//479 491//491 476//476
f 491//491 489//489 476//476
f 458//458 476//476 489//489
f 479//479 425//425 424//424
f 479//479 492//492 425//425
f 425//425 492//492 420//420
f 420//420 492//492 479//479
f 424//424 426//426 479//479
f 460//460 493//493 428//428
f 460//460 494//494 495//495
f 460//460 428//428 459//459
f 460//460 459//459 430//430
f 496//496 495//495 481//481
f 497//497 496//496 481//481
f 498//498 497//497 481//481
f 495//495 463//463 499//499
f 495//495 499//499 481//481
f 499//499 463//463 481//481
f 463//463 495//495 494//494
f 463//463 494//494 460//460
f 500//500 501//501 482//482
f 482//482 501//501 483//483
f 481//481 500//500 498//498
f 501//501 500//500 481//481
f 501//501 481//481 483//483
f 294//294 333//333 316//316
f 469//469 502//502 465//465
f 484//484 503//503 467//467
f 503//503 326//326 467//467
f 504//504 469//469 443//443
f 366//366 470//470 486//486
f 505//505 506//506 453//453
f 453//453 475//475 505//505
f 475//475 457//457 505//505
f 457//457 506//506 505//505
f 4//4 507//507 412//412
f 507//507 4//4 508//508
f 4//4 5//5 508//508
f 5//5 11//11 508//508
f 415//415 24//24 488//488
f 414//414 488//488 83//83
f 72//72 60//60 509//509
f 479//479 489//489 490//490
f 479//479 426//426 510//510
f 511//511 512//512 513//513
f 514//514 511//511 513//513
f 515//515 514//514 513//513
f 426//426 515//515 513//513
f 513//513 512//512 426//426
f 511//511 510//510 512//512
f 512//512 510//510 426//426
f 493//493 515//515 428//428
f 428//428 515//515 426//426
f 516//516 517//517 497//497
f 497//497 498//498 500//500
f 497//497 517//517 496//496
f 518//518 495//495 519//519
f 517//517 518//518 519//519
f 517//517 516//516 518//518
f 517//517 519//519 496//496
f 496//496 519//519 495//495
f 520//520 500//500 482//482
f 465//465 502//502 484//484
f 484//484 521//521 503//503
f 437//437 522//522 482//482
f 523//523 469//469 524//524
f 524//524 469//469 504//504
f 469//469 525//525 502//502
f 526//526 482//482 522//522
f 437//437 526//526 522//522
f 354//354 352//352 527//527
f 470//470 485//485 447//447
f 443//443 485//485 504//504
f 354//354 527//527 366//366
f 528//528 529//529 366//366
f 529//529 470//470 366//366
f 474//474 530//530 457//457
f 457//457 530//530 506//506
f 24//24 531//531 532//532
f 7//7 531//531 24//24
f 7//7 532//532 531//531
f 532//532 7//7 9//9
f 62//62 70//70 533//533
f 70//70 75//75 533//533
f 128//128 534//534 129//129
f 534//534 128//128 114//114
f 104//104 535//535 118//118
f 153//153 156//156 160//160
f 419//419 536//536 174//174
f 422//422 205//205 418//418
f 537//537 538//538 539//539
f 539//539 489//489 479//479
f 539//539 538//538 489//489
f 537//537 540//540 541//541
f 538//538 537//537 541//541
f 538//538 541//541 489//489
f 541//541 540//540 489//489
f 539//539 479//479 510//510
f 514//514 515//515 542//542
f 542//542 511//511 514//514
f 542//542 543//543 544//544
f 542//542 544//544 511//511
f 544//544 543//543 511//511
f 545//545 539//539 510//510
f 543//543 539//539 545//545
f 543//543 542//542 539//539
f 543//543 545//545 511//511
f 511//511 545//545 510//510
f 546//546 515//515 493//493
f 547//547 546//546 493//493
f 460//460 547//547 493//493
f 500//500 548//548 516//516
f 516//516 497//497 500//500
f 549//549 495//495 550//550
f 548//548 549//549 550//550
f 548//548 500//500 549//549
f 548//548 550//550 516//516
f 516//516 550//550 518//518
f 550//550 495//495 518//518
f 502//502 521//521 484//484
f 504//504 523//523 524//524
f 504//504 551//551 523//523
f 523//523 551//551 469//469
f 551//551 525//525 469//469
f 551//551 502//502 525//525
f 470//470 552//552 485//485
f 528//528 366//366 527//527
f 553//553 470//470 554//554
f 528//528 553//553 554//554
f 529//529 528//528 554//554
f 554//554 470//470 529//529
f 470//470 553//553 552//552
f 453//453 437//437 387//387
f 453//453 506//506 555//555
f 454//454 449//449 474//474
f 506//506 530//530 555//555
f 61//61 62//62 556//556
f 62//62 533//533 556//556
f 413//413 416//416 487//487
f 72//72 535//535 104//104
f 416//416 153//153 557//557
f 160//160 557//557 153//153
f 558//558 419//419 489//489
f 539//539 559//559 537//537
f 537//537 559//559 540//540
f 559//559 558//558 489//489
f 540//540 559//559 489//489
f 560//560 559//559 539//539
f 561//561 460//460 495//495
f 547//547 460//460 546//546
f 561//561 549//549 500//500
f 561//561 495//495 549//549
f 520//520 562//562 500//500
f 562//562 563//563 500//500
f 564//564 326//326 503//503
f 521//521 564//564 503//503
f 526//526 565//565 482//482
f 551//551 521//521 502//502
f 566//566 567//567 485//485
f 568//568 566//566 485//485
f 485//485 552//552 568//568
f 528//528 568//568 553//553
f 568//568 528//528 566//566
f 553//553 568//568 552//552
f 328//328 326//326 449//449
f 453//453 555//555 569//569
f 555//555 530//530 569//569
f 532//532 9//9 570//570
f 9//9 412//412 570//570
f 509//509 535//535 72//72
f 571//571 572//572 559//559
f 559//559 573//573 571//571
f 573//573 560//560 574//574
f 542//542 515//515 574//574
f 542//542 574//574 539//539
f 574//574 560//560 539//539
f 560//560 573//573 559//559
f 250//250 422//422 294//294
f 460//460 575//575 546//546
f 576//576 577//577 561//561
f 561//561 500//500 576//576
f 563//563 562//562 520//520
f 500//500 563//563 576//576
f 563//563 577//577 576//576
f 482//482 565//565 520//520
f 526//526 520//520 565//565
f 578//578 579//579 504//504
f 580//580 578//578 504//504
f 581//581 551//551 579//579
f 504//504 579//579 551//551
f 528//528 582//582 567//567
f 567//567 566//566 528//528
f 485//485 583//583 504//504
f 528//528 584//584 582//582
f 528//528 585//585 584//584
f 526//526 437//437 586//586
f 453//453 587//587 437//437
f 588//588 589//589 453//453
f 453//453 569//569 588//588
f 569//569 530//530 588//588
f 530//530 589//589 588//588
f 590//590 59//59 61//61
f 60//60 59//59 590//590
f 417//417 129//129 591//591
f 534//534 591//591 129//129
f 160//160 174//174 536//536
f 573//573 592//592 571//571
f 592//592 572//572 571//571
f 592//592 558//558 572//572
f 572//572 558//558 559//559
f 573//573 574//574 592//592
f 593//593 515//515 546//546
f 575//575 561//561 546//546
f 460//460 561//561 575//575
f 561//561 577//577 563//563
f 521//521 594//594 595//595
f 521//521 595//595 564//564
f 595//595 326//326 564//564
f 580//580 504//504 583//583
f 583//583 578//578 580//580
f 583//583 596//596 578//578
f 597//597 521//521 596//596
f 596//596 583//583 597//597
f 578//578 596//596 579//579
f 596//596 581//581 579//579
f 596//596 521//521 581//581
f 581//581 521//521 551//551
f 567//567 583//583 485//485
f 526//526 586//586 520//520
f 598//598 528//528 527//527
f 598//598 583//583 599//599
f 598//598 599//599 528//528
f 528//528 599//599 585//585
f 599//599 583//583 585//585
f 582//582 583//583 567//567
f 585//585 583//583 584//584
f 584//584 583//583 582//582
f 587//587 586//586 437//437
f 600//600 601//601 453//453
f 453//453 589//589 600//600
f 589//589 530//530 600//600
f 530//530 601//601 600//600
f 60//60 590//590 602//602
f 61//61 603//603 590//590
f 603//603 61//61 556//556
f 60//60 602//602 509//509
f 118//118 535//535 418//418
f 574//574 515//515 593//593
f 563//563 546//546 561//561
f 563//563 604//604 546//546
f 546//546 604//604 605//605
f 546//546 605//605 593//593
f 606//606 607//607 520//520
f 520//520 607//607 563//563
f 583//583 608//608 597//597
f 527//527 352//352 609//609
f 527//527 609//609 598//598
f 587//587 610//610 611//611
f 453//453 610//610 587//587
f 453//453 601//601 612//612
f 601//601 530//530 612//612
f 24//24 532//532 488//488
f 417//417 613//613 75//75
f 614//614 605//605 604//604
f 563//563 615//615 616//616
f 616//616 604//604 563//563
f 563//563 607//607 606//606
f 617//617 333//333 294//294
f 597//597 608//608 521//521
f 520//520 586//586 611//611
f 618//618 619//619 598//598
f 587//587 611//611 586//586
f 453//453 611//611 610//610
f 449//449 620//620 474//474
f 474//474 620//620 621//621
f 620//620 449//449 621//621
f 474//474 621//621 530//530
f 613//613 417//417 622//622
f 114//114 83//83 534//534
f 417//417 591//591 623//623
f 624//624 422//422 418//418
f 593//593 592//592 574//574
f 625//625 614//614 604//604
f 616//616 615//615 604//604
f 521//521 608//608 594//594
f 619//619 626//626 627//627
f 583//583 619//619 627//627
f 583//583 598//598 619//619
f 608//608 583//583 627//627
f 598//598 628//628 629//629
f 598//598 629//629 618//618
f 629//629 619//619 618//618
f 629//629 628//628 619//619
f 453//453 630//630 611//611
f 83//83 488//488 631//631
f 12//12 487//487 632//632
f 557//557 160//160 633//633
f 634//634 422//422 624//624
f 614//614 625//625 605//605
f 605//605 635//635 593//593
f 636//636 563//563 606//606
f 637//637 594//594 608//608
f 630//630 638//638 611//611
f 326//326 639//639 449//449
f 453//453 638//638 630//630
f 453//453 640//640 638//638
f 641//641 642//642 640//640
f 453//453 641//641 640//640
f 453//453 612//612 641//641
f 612//612 530//530 641//641
f 530//530 642//642 641//641
f 11//11 12//12 643//643
f 11//11 643//643 508//508
f 644//644 83//83 631//631
f 632//632 487//487 645//645
f 646//646 75//75 647//647
f 533//533 75//75 646//646
f 648//648 534//534 83//83
f 535//535 649//649 418//418
f 650//650 418//418 649//649
f 635//635 651//651 593//593
f 652//652 294//294 422//422
f 653//653 625//625 654//654
f 625//625 655//655 654//654
f 656//656 635//635 625//625
f 625//625 653//653 656//656
f 635//635 605//605 625//625
f 657//657 658//658 659//659
f 660//660 657//657 659//659
f 661//661 660//660 659//659
f 662//662 661//661 659//659
f 659//659 604//604 662//662
f 659//659 658//658 604//604
f 658//658 654//654 604//604
f 658//658 657//657 654//654
f 625//625 604//604 655//655
f 604//604 654//654 655//655
f 604//604 615//615 662//662
f 615//615 661//661 662//662
f 520//520 663//663 606//606
f 664//664 637//637 608//608
f 665//665 326//326 666//666
f 628//628 626//626 619//619
f 667//667 639//639 326//326
f 449//449 639//639 621//621
f 642//642 668//668 640//640
f 669//669 668//668 642//642
f 621//621 669//669 530//530
f 530//530 669//669 642//642
f 631//631 670//670 644//644
f 83//83 644//644 671//671
f 671//671 644//644 672//672
f 83//83 673//673 674//674
f 83//83 675//675 673//673
f 671//671 675//675 83//83
f 509//509 676//676 535//535
f 417//417 677//677 622//622
f 678//678 679//679 417//417
f 160//160 680//680 681//681
f 160//160 682//682 680//680
f 683//683 160//160 684//684
f 418//418 685//685 624//624
f 686//686 624//624 687//687
f 592//592 688//688 558//558
f 686//686 634//634 624//624
f 593//593 651//651 689//689
f 652//652 422//422 634//634
f 654//654 635//635 653//653
f 653//653 635//635 656//656
f 652//652 690//690 294//294
f 654//654 657//657 691//691
f 691//691 657//657 660//660
f 294//294 690//690 692//692
f 693//693 694//694 695//695
f 696//696 693//693 695//695
f 696//696 695//695 615//615
f 695//695 694//694 615//615
f 694//694 660//660 615//615
f 615//615 660//660 661//661
f 615//615 563//563 696//696
f 294//294 697//697 698//698
f 294//294 699//699 697//697
f 700//700 333//333 617//617
f 701//701 333//333 700//700
f 702//702 664//664 608//608
f 627//627 702//702 608//608
f 637//637 664//664 703//703
f 611//611 704//704 663//663
f 611//611 663//663 520//520
f 701//701 705//705 333//333
f 352//352 705//705 609//609
f 352//352 333//333 705//705
f 609//609 706//706 628//628
f 628//628 598//598 609//609
f 628//628 707//707 626//626
f 639//639 708//708 709//709
f 670//670 710//710 644//644
f 711//711 644//644 710//710
f 712//712 713//713 672//672
f 672//672 713//713 671//671
f 711//711 714//714 644//644
f 711//711 715//715 714//714
f 672//672 715//715 712//712
f 672//672 714//714 715//715
f 672//672 644//644 714//714
f 675//675 716//716 673//673
f 671//671 713//713 717//717
f 713//713 718//718 717//717
f 716//716 717//717 718//718
f 716//716 675//675 717//717
f 675//675 671//671 717//717
f 674//674 719//719 83//83
f 674//674 673//673 720//720
f 673//673 721//721 720//720
f 719//719 720//720 721//721
f 719//719 674//674 720//720
f 83//83 722//722 723//723
f 83//83 724//724 722//722
f 83//83 719//719 724//724
f 75//75 725//725 647//647
f 725//725 75//75 726//726
f 726//726 75//75 727//727
f 728//728 83//83 723//723
f 535//535 676//676 729//729
f 75//75 613//613 727//727
f 677//677 417//417 730//730
f 731//731 83//83 732//732
f 83//83 728//728 732//732
f 535//535 729//729 733//733
f 733//733 734//734 535//535
f 417//417 735//735 730//730
f 735//735 417//417 736//736
f 679//679 736//736 417//417
f 737//737 679//679 678//678
f 738//738 83//83 731//731
f 648//648 83//83 738//738
f 535//535 734//734 739//739
f 739//739 740//740 535//535
f 678//678 417//417 741//741
f 623//623 741//741 417//417
f 534//534 742//742 591//591
f 738//738 743//743 648//648
f 738//738 744//744 743//743
f 742//742 743//743 744//744
f 742//742 534//534 743//743
f 534//534 648//648 743//743
f 487//487 745//745 746//746
f 416//416 747//747 487//487
f 748//748 535//535 740//740
f 535//535 748//748 749//749
f 750//750 535//535 749//749
f 751//751 535//535 750//750
f 535//535 751//751 752//752
f 752//752 753//753 535//535
f 535//535 753//753 649//649
f 160//160 754//754 633//633
f 755//755 160//160 756//756
f 754//754 160//160 755//755
f 681//681 756//756 160//160
f 682//682 160//160 757//757
f 757//757 160//160 758//758
f 160//160 759//759 758//758
f 759//759 160//160 683//683
f 650//650 760//760 418//418
f 684//684 160//160 761//761
f 762//762 761//761 160//160
f 763//763 418//418 760//760
f 536//536 764//764 160//160
f 160//160 764//764 762//762
f 418//418 765//765 685//685
f 418//418 763//763 765//765
f 419//419 558//558 766//766
f 767//767 686//686 687//687
f 624//624 685//685 768//768
f 685//685 769//769 768//768
f 687//687 769//769 767//767
f 687//687 768//768 769//769
f 687//687 624//624 768//768
f 770//770 688//688 771//771
f 592//592 689//689 771//771
f 771//771 688//688 592//592
f 772//772 634//634 773//773
f 634//634 686//686 773//773
f 651//651 774//774 775//775
f 775//775 689//689 651//651
f 593//593 689//689 592//592
f 634//634 772//772 776//776
f 777//777 774//774 651//651
f 776//776 778//778 634//634
f 776//776 779//779 778//778
f 780//780 778//778 779//779
f 780//780 652//652 778//778
f 652//652 634//634 778//778
f 781//781 782//782 635//635
f 783//783 781//781 635//635
f 652//652 780//780 690//690
f 784//784 690//690 780//780
f 785//785 690//690 784//784
f 635//635 654//654 783//783
f 786//786 692//692 690//690
f 690//690 785//785 786//786
f 696//696 694//694 693//693
f 691//691 660//660 787//787
f 660//660 694//694 787//787
f 788//788 699//699 294//294
f 294//294 692//692 788//788
f 606//606 696//696 636//636
f 636//636 696//696 563//563
f 697//697 699//699 789//789
f 698//698 790//790 294//294
f 698//698 791//791 790//790
f 789//789 792//792 697//697
f 789//789 793//793 792//792
f 791//791 792//792 793//793
f 791//791 698//698 792//792
f 698//698 697//697 792//792
f 663//663 794//794 606//606
f 663//663 795//795 794//794
f 617//617 294//294 790//790
f 796//796 637//637 797//797
f 594//594 637//637 798//798
f 799//799 594//594 798//798
f 800//800 326//326 801//801
f 594//594 799//799 801//801
f 594//594 801//801 595//595
f 801//801 326//326 595//595
f 802//802 326//326 800//800
f 700//700 803//803 701//701
f 804//804 805//805 617//617
f 804//804 806//806 805//805
f 803//803 805//805 806//806
f 803//803 700//700 805//805
f 700//700 617//617 805//805
f 807//807 797//797 664//664
f 664//664 797//797 703//703
f 703//703 797//797 637//637
f 808//808 326//326 802//802
f 808//808 809//809 326//326
f 704//704 810//810 663//663
f 811//811 812//812 813//813
f 814//814 811//811 813//813
f 815//815 814//814 813//813
f 813//813 626//626 815//815
f 813//813 812//812 626//626
f 326//326 816//816 666//666
f 326//326 809//809 816//816
f 628//628 817//817 707//707
f 817//817 626//626 707//707
f 326//326 665//665 818//818
f 819//819 820//820 611//611
f 818//818 821//821 326//326
f 326//326 821//821 822//822
f 823//823 326//326 822//822
f 326//326 823//823 667//667
f 824//824 639//639 667//667
f 824//824 708//708 639//639
f 639//639 709//709 825//825
f 826//826 639//639 825//825
f 827//827 828//828 638//638
f 829//829 827//827 638//638
f 830//830 621//621 639//639
f 640//640 829//829 638//638
f 668//668 829//829 640//640
f 621//621 830//830 669//669
f 412//412 507//507 831//831
f 508//508 831//831 507//507
f 832//832 488//488 532//532
f 412//412 831//831 833//833
f 833//833 832//832 532//532
f 532//532 570//570 833//833
f 570//570 412//412 833//833
f 508//508 643//643 831//831
f 831//831 643//643 833//833
f 643//643 834//834 833//833
f 643//643 12//12 834//834
f 670//670 631//631 835//835
f 488//488 832//832 836//836
f 836//836 835//835 631//631
f 631//631 488//488 836//836
f 833//833 837//837 832//832
f 832//832 837//837 836//836
f 12//12 838//838 834//834
f 834//834 838//838 833//833
f 833//833 838//838 837//837
f 632//632 838//838 12//12
f 670//670 835//835 839//839
f 839//839 840//840 710//710
f 710//710 670//670 839//839
f 837//837 841//841 836//836
f 836//836 841//841 835//835
f 838//838 842//842 837//837
f 837//837 842//842 841//841
f 842//842 632//632 841//841
f 632//632 842//842 838//838
f 710//710 840//840 843//843
f 843//843 711//711 710//710
f 841//841 844//844 835//835
f 835//835 844//844 839//839
f 841//841 632//632 844//844
f 632//632 845//845 844//844
f 846//846 713//713 712//712
f 711//711 843//843 847//847
f 847//847 846//846 712//712
f 712//712 715//715 847//847
f 715//715 711//711 847//847
f 844//844 848//848 839//839
f 839//839 848//848 840//840
f 844//844 845//845 848//848
f 645//645 845//845 632//632
f 849//849 673//673 716//716
f 713//713 846//846 850//850
f 850//850 849//849 716//716
f 716//716 718//718 850//850
f 718//718 713//713 850//850
f 848//848 851//851 840//840
f 840//840 851//851 843//843
f 645//645 852//852 845//845
f 845//845 852//852 848//848
f 848//848 852//852 851//851
f 724//724 719//719 853//853
f 673//673 849//849 854//854
f 854//854 853//853 719//719
f 719//719 721//721 854//854
f 721//721 673//673 854//854
f 645//645 855//855 852//852
f 852//852 855//855 851//851
f 851//851 855//855 843//843
f 856//856 602//602 590//590
f 590//590 603//603 856//856
f 857//857 856//856 603//603
f 603//603 556//556 857//857
f 723//723 722//722 858//858
f 724//724 853//853 859//859
f 859//859 858//858 722//722
f 722//722 724//724 859//859
f 855//855 860//860 843//843
f 843//843 860//860 847//847
f 855//855 645//645 860//860
f 645//645 861//861 860//860
f 602//602 856//856 862//862
f 862//862 509//509 602//602
f 556//556 863//863 857//857
f 857//857 863//863 856//856
f 856//856 863//863 862//862
f 862//862 863//863 509//509
f 863//863 676//676 509//509
f 556//556 533//533 863//863
f 864//864 863//863 533//533
f 533//533 646//646 864//864
f 646//646 647//647 864//864
f 865//865 864//864 647//647
f 647//647 725//725 865//865
f 866//866 865//865 725//725
f 725//725 726//726 866//866
f 867//867 866//866 726//726
f 726//726 727//727 867//867
f 732//732 728//728 868//868
f 723//723 858//858 869//869
f 869//869 868//868 728//728
f 728//728 723//723 869//869
f 847//847 850//850 846//846
f 860//860 870//870 847//847
f 847//847 870//870 850//850
f 860//860 861//861 870//870
f 861//861 871//871 870//870
f 487//487 871//871 861//861
f 487//487 861//861 645//645
f 676//676 863//863 872//872
f 729//729 676//676 872//872
f 727//727 873//873 867//867
f 867//867 873//873 866//866
f 866//866 873//873 865//865
f 874//874 873//873 727//727
f 727//727 613//613 874//874
f 875//875 874//874 613//613
f 613//613 622//622 875//875
f 876//876 875//875 622//622
f 622//622 677//677 876//876
f 877//877 876//876 677//677
f 677//677 730//730 877//877
f 732//732 868//868 878//878
f 878//878 879//879 731//731
f 731//731 732//732 878//878
f 854//854 859//859 853//853
f 850//850 854//854 849//849
f 870//870 880//880 850//850
f 850//850 880//880 854//854
f 870//870 871//871 880//880
f 871//871 746//746 880//880
f 487//487 746//746 871//871
f 863//863 881//881 872//872
f 872//872 881//881 729//729
f 881//881 733//733 729//729
f 730//730 882//882 877//877
f 877//877 882//882 876//876
f 730//730 735//735 882//882
f 883//883 882//882 735//735
f 735//735 736//736 883//883
f 884//884 883//883 736//736
f 736//736 679//679 884//884
f 885//885 884//884 679//679
f 679//679 737//737 885//885
f 731//731 879//879 886//886
f 886//886 738//738 731//731
f 880//880 887//887 854//854
f 880//880 746//746 887//887
f 746//746 745//745 887//887
f 733//733 881//881 888//888
f 888//888 734//734 733//733
f 863//863 889//889 881//881
f 881//881 889//889 888//888
f 888//888 889//889 734//734
f 889//889 739//739 734//734
f 874//874 890//890 873//873
f 873//873 890//890 865//865
f 882//882 875//875 876//876
f 678//678 891//891 737//737
f 737//737 891//891 885//885
f 885//885 891//891 884//884
f 678//678 741//741 891//891
f 892//892 891//891 741//741
f 741//741 623//623 892//892
f 893//893 892//892 623//623
f 623//623 591//591 893//893
f 591//591 742//742 893//893
f 738//738 886//886 894//894
f 894//894 893//893 742//742
f 742//742 744//744 894//894
f 744//744 738//738 894//894
f 869//869 878//878 868//868
f 858//858 895//895 869//869
f 869//869 895//895 878//878
f 859//859 895//895 858//858
f 887//887 896//896 854//854
f 887//887 745//745 896//896
f 745//745 897//897 896//896
f 745//745 487//487 897//897
f 739//739 889//889 898//898
f 740//740 739//739 898//898
f 864//864 889//889 863//863
f 875//875 890//890 874//874
f 878//878 886//886 879//879
f 896//896 899//899 854//854
f 854//854 899//899 859//859
f 896//896 897//897 899//899
f 897//897 747//747 899//899
f 747//747 897//897 487//487
f 740//740 898//898 900//900
f 889//889 901//901 898//898
f 898//898 901//901 900//900
f 900//900 901//901 740//740
f 901//901 748//748 740//740
f 865//865 890//890 864//864
f 883//883 890//890 882//882
f 882//882 890//890 875//875
f 899//899 895//895 859//859
f 899//899 747//747 895//895
f 747//747 902//902 895//895
f 748//748 901//901 903//903
f 903//903 749//749 748//748
f 889//889 890//890 901//901
f 901//901 890//890 903//903
f 903//903 890//890 749//749
f 890//890 889//889 864//864
f 894//894 890//890 893//893
f 893//893 890//890 892//892
f 895//895 902//902 904//904
f 902//902 905//905 904//904
f 416//416 905//905 902//902
f 416//416 902//902 747//747
f 749//749 890//890 906//906
f 906//906 750//750 749//749
f 884//884 890//890 883//883
f 892//892 890//890 891//891
f 904//904 878//878 895//895
f 416//416 907//907 905//905
f 905//905 907//907 904//904
f 904//904 907//907 878//878
f 416//416 557//557 907//907
f 908//908 907//907 557//557
f 557//557 633//633 908//908
f 750//750 906//906 909//909
f 909//909 751//751 750//750
f 890//890 910//910 906//906
f 906//906 910//910 909//909
f 909//909 910//910 751//751
f 910//910 752//752 751//751
f 891//891 890//890 884//884
f 633//633 911//911 908//908
f 908//908 911//911 907//907
f 907//907 911//911 878//878
f 912//912 911//911 633//633
f 633//633 754//754 912//912
f 913//913 912//912 754//754
f 754//754 755//755 913//913
f 914//914 913//913 755//755
f 755//755 756//756 914//914
f 752//752 910//910 915//915
f 753//753 752//752 915//915
f 886//886 878//878 894//894
f 756//756 916//916 914//914
f 914//914 916//916 913//913
f 913//913 916//916 912//912
f 756//756 681//681 916//916
f 917//917 916//916 681//681
f 681//681 680//680 917//917
f 918//918 917//917 680//680
f 680//680 682//682 918//918
f 753//753 915//915 919//919
f 910//910 920//920 915//915
f 915//915 920//920 919//919
f 919//919 920//920 753//753
f 920//920 649//649 753//753
f 890//890 921//921 910//910
f 910//910 921//921 920//920
f 682//682 922//922 918//918
f 918//918 922//922 917//917
f 917//917 922//922 916//916
f 682//682 757//757 922//922
f 923//923 922//922 757//757
f 757//757 758//758 923//923
f 924//924 923//923 758//758
f 758//758 759//759 924//924
f 649//649 920//920 925//925
f 925//925 650//650 649//649
f 920//920 926//926 925//925
f 925//925 926//926 650//650
f 926//926 760//760 650//650
f 683//683 927//927 759//759
f 759//759 927//927 924//924
f 924//924 927//927 923//923
f 683//683 684//684 927//927
f 928//928 927//927 684//684
f 684//684 761//761 928//928
f 929//929 928//928 761//761
f 761//761 762//762 929//929
f 760//760 926//926 930//930
f 930//930 763//763 760//760
f 920//920 921//921 926//926
f 911//911 931//931 878//878
f 912//912 931//931 911//911
f 762//762 932//932 929//929
f 929//929 932//932 928//928
f 928//928 932//932 927//927
f 762//762 764//764 932//932
f 933//933 932//932 764//764
f 764//764 536//536 933//933
f 934//934 933//933 536//536
f 536//536 419//419 934//934
f 763//763 930//930 935//935
f 935//935 765//765 763//763
f 926//926 936//936 930//930
f 930//930 936//936 935//935
f 935//935 936//936 765//765
f 936//936 685//685 765//765
f 921//921 936//936 926//926
f 923//923 937//937 922//922
f 922//922 937//937 916//916
f 933//933 938//938 932//932
f 932//932 938//938 927//927
f 934//934 939//939 933//933
f 933//933 939//939 938//938
f 419//419 940//940 934//934
f 934//934 940//940 939//939
f 419//419 766//766 940//940
f 941//941 940//940 766//766
f 766//766 558//558 941//941
f 942//942 686//686 767//767
f 685//685 936//936 943//943
f 943//943 942//942 767//767
f 767//767 769//769 943//943
f 769//769 685//685 943//943
f 894//894 944//944 890//890
f 878//878 944//944 894//894
f 916//916 931//931 912//912
f 937//937 931//931 916//916
f 927//927 945//945 923//923
f 923//923 945//945 937//937
f 938//938 946//946 927//927
f 927//927 946//946 945//945
f 939//939 770//770 947//947
f 939//939 947//947 938//938
f 938//938 947//947 946//946
f 947//947 771//771 946//946
f 947//947 770//770 771//771
f 940//940 688//688 770//770
f 940//940 770//770 939//939
f 558//558 688//688 941//941
f 941//941 688//688 940//940
f 948//948 772//772 773//773
f 686//686 942//942 949//949
f 949//949 948//948 773//773
f 773//773 686//686 949//949
f 921//921 943//943 936//936
f 878//878 950//950 944//944
f 931//931 951//951 878//878
f 931//931 952//952 951//951
f 931//931 953//953 952//952
f 937//937 954//954 955//955
f 937//937 955//955 931//931
f 931//931 955//955 953//953
f 955//955 775//775 774//774
f 955//955 954//954 775//775
f 945//945 956//956 957//957
f 945//945 957//957 937//937
f 937//937 957//957 954//954
f 954//954 957//957 775//775
f 957//957 689//689 775//775
f 957//957 956//956 689//689
f 946//946 771//771 689//689
f 946//946 689//689 945//945
f 945//945 689//689 956//956
f 772//772 948//948 958//958
f 958//958 776//776 772//772
f 949//949 958//958 948//948
f 878//878 959//959 950//950
f 951//951 960//960 878//878
f 878//878 960//960 959//959
f 952//952 961//961 962//962
f 952//952 962//962 951//951
f 951//951 962//962 960//960
f 962//962 963//963 960//960
f 651//651 963//963 962//962
f 962//962 961//961 651//651
f 953//953 964//964 965//965
f 953//953 965//965 952//952
f 952//952 965//965 961//961
f 961//961 965//965 651//651
f 965//965 777//777 651//651
f 965//965 964//964 777//777
f 774//774 964//964 955//955
f 955//955 964//964 953//953
f 777//777 964//964 774//774
f 966//966 784//784 780//780
f 776//776 958//958 967//967
f 967//967 966//966 780//780
f 780//780 779//779 967//967
f 779//779 776//776 967//967
f 968//968 921//921 890//890
f 944//944 969//969 890//890
f 890//890 969//969 970//970
f 950//950 971//971 944//944
f 959//959 782//782 950//950
f 950//950 782//782 971//971
f 971//971 782//782 783//783
f 783//783 782//782 781//781
f 960//960 972//972 973//973
f 960//960 973//973 959//959
f 959//959 973//973 782//782
f 782//782 973//973 635//635
f 973//973 651//651 635//635
f 973//973 972//972 651//651
f 960//960 963//963 972//972
f 972//972 963//963 651//651
f 784//784 966//966 974//974
f 974//974 785//785 784//784
f 890//890 975//975 976//976
f 970//970 977//977 890//890
f 890//890 977//977 975//975
f 969//969 978//978 979//979
f 969//969 979//979 970//970
f 970//970 979//979 977//977
f 979//979 980//980 977//977
f 691//691 980//980 979//979
f 691//691 787//787 980//980
f 979//979 978//978 691//691
f 944//944 981//981 982//982
f 944//944 982//982 969//969
f 969//969 982//982 978//978
f 978//978 982//982 691//691
f 691//691 982//982 654//654
f 982//982 981//981 654//654
f 783//783 981//981 971//971
f 971//971 981//981 944//944
f 654//654 981//981 783//783
f 983//983 692//692 786//786
f 785//785 974//974 984//984
f 984//984 983//983 786//786
f 786//786 785//785 984//984
f 958//958 949//949 967//967
f 976//976 968//968 890//890
f 976//976 985//985 968//968
f 975//975 986//986 987//987
f 975//975 987//987 976//976
f 976//976 987//987 985//985
f 987//987 986//986 696//696
f 977//977 694//694 986//986
f 977//977 986//986 975//975
f 986//986 694//694 696//696
f 787//787 694//694 980//980
f 980//980 694//694 977//977
f 988//988 699//699 788//788
f 692//692 983//983 989//989
f 989//989 988//988 788//788
f 788//788 692//692 989//989
f 974//974 990//990 984//984
f 984//984 990//990 983//983
f 943//943 991//991 942//942
f 968//968 992//992 921//921
f 985//985 696//696 606//606
f 985//985 606//606 968//968
f 968//968 606//606 992//992
f 987//987 696//696 985//985
f 699//699 988//988 993//993
f 993//993 789//789 699//699
f 974//974 966//966 990//990
f 991//991 949//949 942//942
f 992//992 994//994 921//921
f 606//606 794//794 992//992
f 992//992 794//794 994//994
f 794//794 795//795 994//994
f 790//790 791//791 995//995
f 789//789 993//993 996//996
f 996//996 995//995 791//791
f 791//791 793//793 996//996
f 793//793 789//789 996//996
f 949//949 991//991 967//967
f 994//994 997//997 921//921
f 921//921 997//997 943//943
f 994//994 795//795 997//997
f 790//790 995//995 998//998
f 998//998 999//999 617//617
f 617//617 790//790 998//998
f 988//988 989//989 993//993
f 990//990 1000//1000 983//983
f 983//983 1000//1000 989//989
f 967//967 1001//1001 966//966
f 966//966 1001//1001 990//990
f 967//967 1002//1002 1001//1001
f 967//967 1003//1003 1002//1002
f 967//967 991//991 1003//1003
f 997//997 1004//1004 943//943
f 663//663 1005//1005 795//795
f 795//795 1005//1005 997//997
f 997//997 1005//1005 1004//1004
f 1005//1005 1006//1006 1004//1004
f 663//663 1006//1006 1005//1005
f 617//617 999//999 1007//1007
f 804//804 617//617 1007//1007
f 989//989 1008//1008 993//993
f 993//993 1008//1008 996//996
f 989//989 1009//1009 1008//1008
f 1000//1000 1010//1010 989//989
f 989//989 1010//1010 1009//1009
f 990//990 1011//1011 1000//1000
f 990//990 1012//1012 1011//1011
f 1012//1012 796//796 797//797
f 1001//1001 1013//1013 990//990
f 990//990 1013//1013 1012//1012
f 1012//1012 1013//1013 796//796
f 796//796 1013//1013 637//637
f 1002//1002 1014//1014 1015//1015
f 1002//1002 1015//1015 1001//1001
f 1001//1001 1015//1015 1013//1013
f 1013//1013 1015//1015 637//637
f 637//637 1015//1015 798//798
f 1015//1015 1014//1014 798//798
f 1003//1003 1016//1016 1014//1014
f 1003//1003 1014//1014 1002//1002
f 1014//1014 799//799 798//798
f 1014//1014 1016//1016 799//799
f 991//991 1017//1017 801//801
f 991//991 801//801 1003//1003
f 1003//1003 801//801 1016//1016
f 1016//1016 801//801 799//799
f 801//801 1017//1017 800//800
f 991//991 1018//1018 1017//1017
f 1017//1017 1018//1018 800//800
f 1018//1018 802//802 800//800
f 1004//1004 991//991 943//943
f 1004//1004 1019//1019 991//991
f 1004//1004 1006//1006 1019//1019
f 1006//1006 1020//1020 1019//1019
f 1006//1006 663//663 1020//1020
f 1021//1021 701//701 803//803
f 804//804 1007//1007 1022//1022
f 1022//1022 1021//1021 803//803
f 803//803 806//806 1022//1022
f 806//806 804//804 1022//1022
f 999//999 1023//1023 1007//1007
f 1007//1007 1023//1023 1022//1022
f 998//998 1024//1024 999//999
f 999//999 1024//1024 1023//1023
f 995//995 1025//1025 998//998
f 998//998 1025//1025 1024//1024
f 996//996 1026//1026 995//995
f 995//995 1026//1026 1025//1025
f 1008//1008 1027//1027 996//996
f 996//996 1027//1027 1026//1026
f 1009//1009 1028//1028 1008//1008
f 1008//1008 1028//1028 1027//1027
f 1010//1010 1029//1029 1009//1009
f 1009//1009 1029//1029 1028//1028
f 1028//1028 1029//1029 702//702
f 702//702 1029//1029 664//664
f 1000//1000 807//807 1010//1010
f 1010//1010 807//807 1029//1029
f 1029//1029 807//807 664//664
f 1011//1011 1030//1030 1000//1000
f 1000//1000 1030//1030 807//807
f 807//807 1030//1030 797//797
f 797//797 1031//1031 1012//1012
f 1012//1012 1031//1031 1011//1011
f 1011//1011 1031//1031 1030//1030
f 1030//1030 1031//1031 797//797
f 802//802 1018//1018 1032//1032
f 1032//1032 808//808 802//802
f 991//991 1033//1033 1018//1018
f 1018//1018 1033//1033 1032//1032
f 1032//1032 1033//1033 808//808
f 1033//1033 809//809 808//808
f 991//991 1034//1034 1033//1033
f 1019//1019 1035//1035 991//991
f 663//663 810//810 1020//1020
f 1020//1020 810//810 1019//1019
f 1019//1019 810//810 1035//1035
f 810//810 704//704 1035//1035
f 701//701 1021//1021 1036//1036
f 1036//1036 609//609 705//705
f 705//705 701//701 1036//1036
f 1022//1022 1037//1037 1021//1021
f 1021//1021 1037//1037 1036//1036
f 1023//1023 1038//1038 1022//1022
f 1022//1022 1038//1038 1037//1037
f 1024//1024 1039//1039 1023//1023
f 1023//1023 1039//1039 1038//1038
f 1039//1039 815//815 1038//1038
f 814//814 815//815 1039//1039
f 1039//1039 811//811 814//814
f 1025//1025 812//812 1040//1040
f 1025//1025 1040//1040 1024//1024
f 1024//1024 1040//1040 1039//1039
f 1039//1039 1040//1040 811//811
f 811//811 1040//1040 812//812
f 1026//1026 1041//1041 812//812
f 1026//1026 812//812 1025//1025
f 812//812 627//627 626//626
f 812//812 1041//1041 627//627
f 1027//1027 1042//1042 1043//1043
f 1027//1027 1043//1043 1026//1026
f 1026//1026 1043//1043 1041//1041
f 1041//1041 1043//1043 627//627
f 1043//1043 1042//1042 627//627
f 702//702 1044//1044 1028//1028
f 1028//1028 1044//1044 1027//1027
f 1027//1027 1044//1044 1042//1042
f 1042//1042 1044//1044 627//627
f 627//627 1044//1044 702//702
f 809//809 1033//1033 1045//1045
f 1045//1045 816//816 809//809
f 1033//1033 1034//1034 1045//1045
f 1045//1045 1034//1034 816//816
f 1034//1034 666//666 816//816
f 1035//1035 1046//1046 991//991
f 1035//1035 704//704 1046//1046
f 609//609 1036//1036 706//706
f 1037//1037 1047//1047 1036//1036
f 1036//1036 1047//1047 706//706
f 706//706 1047//1047 628//628
f 1047//1047 817//817 628//628
f 1038//1038 817//817 1037//1037
f 1037//1037 817//817 1047//1047
f 1038//1038 815//815 817//817
f 817//817 815//815 626//626
f 666//666 1034//1034 1048//1048
f 1048//1048 665//665 666//666
f 1034//1034 1049//1049 1048//1048
f 1048//1048 1049//1049 665//665
f 991//991 1050//1050 1051//1051
f 1046//1046 1052//1052 991//991
f 1046//1046 704//704 1052//1052
f 704//704 820//820 1052//1052
f 611//611 820//820 704//704
f 665//665 1049//1049 1053//1053
f 818//818 665//665 1053//1053
f 1051//1051 1034//1034 991//991
f 1052//1052 1050//1050 991//991
f 1052//1052 820//820 1050//1050
f 820//820 819//819 1050//1050
f 1049//1049 1054//1054 1053//1053
f 1053//1053 1054//1054 818//818
f 1054//1054 821//821 818//818
f 1050//1050 819//819 1051//1051
f 821//821 1054//1054 1055//1055
f 1055//1055 822//822 821//821
f 1049//1049 1056//1056 1054//1054
f 1054//1054 1056//1056 1055//1055
f 1055//1055 1056//1056 822//822
f 1056//1056 823//823 822//822
f 1051//1051 1057//1057 1034//1034
f 1051//1051 819//819 1057//1057
f 823//823 1056//1056 1058//1058
f 1058//1058 667//667 823//823
f 1049//1049 1059//1059 1056//1056
f 1056//1056 1059//1059 1058//1058
f 1058//1058 1059//1059 667//667
f 1059//1059 824//824 667//667
f 1057//1057 1060//1060 1034//1034
f 1034//1034 1060//1060 1049//1049
f 611//611 638//638 819//819
f 819//819 638//638 1057//1057
f 1057//1057 638//638 1060//1060
f 824//824 1059//1059 1061//1061
f 1061//1061 708//708 824//824
f 1049//1049 1062//1062 1059//1059
f 1059//1059 1062//1062 1061//1061
f 1061//1061 1062//1062 708//708
f 1062//1062 709//709 708//708
f 1060//1060 1063//1063 1049//1049
f 1049//1049 1063//1063 1062//1062
f 1060//1060 638//638 1063//1063
f 709//709 1062//1062 1064//1064
f 1064//1064 825//825 709//709
f 1062//1062 1065//1065 1064//1064
f 1064//1064 1065//1065 825//825
f 1065//1065 826//826 825//825
f 1063//1063 1066//1066 1062//1062
f 1062//1062 1066//1066 1065//1065
f 638//638 828//828 1063//1063
f 1063//1063 828//828 1066//1066
f 828//828 827//827 1066//1066
f 826//826 1065//1065 1067//1067
f 1067//1067 639//639 826//826
f 1066//1066 1068//1068 1065//1065
f 1065//1065 1068//1068 1067//1067
f 1067//1067 1068//1068 639//639
f 1066//1066 827//827 1068//1068
f 639//639 1068//1068 1069//1069
f 1069//1069 830//830 639//639
f 829//829 1070//1070 827//827
f 827//827 1070//1070 1068//1068
f 1068//1068 1070//1070 1069//1069
f 1070//1070 668//668 1069//1069
f 829//829 668//668 1070//1070
f 668//668 669//669 1069//1069
f 1069//1069 669//669 830//830
