# claycore OBJ export (vertex-color extension: v x y z r g b)
mtllib 08_export.mtl
usemtl clay_default
o claycore
v 0.483333468 -0.167035863 -0.625 0.382786751 0.551959157 0.699566245
v 0.404166818 -0.254166603 -0.618377268 0.373801768 0.555017889 0.708551228
v 0.483333468 0.113231018 -0.653435767 0.408677965 0.54314512 0.673675001
v 0.404166818 0.14166677 -0.656280637 0.408743888 0.543122649 0.673609078
v 0.562500119 0.0611687452 -0.626331389 0.411418974 0.542212009 0.670934021
v -0.149999976 -0.0166665316 -0.611487627 0.367450267 0.557180107 0.714902699
v 0.245833397 0.300000072 -0.659812272 0.411997318 0.542015135 0.670355618
v 0.0973803028 -0.174999952 -0.615119815 0.370818049 0.556033611 0.711534917
v 0.562500119 0.220833421 -0.642953038 0.424817264 0.537650883 0.657535732
v 0.483333468 0.458333373 -0.674636424 0.428107291 0.536530852 0.654245675
v 0.64166677 0.458333373 -0.617532015 0.453740656 0.527804613 0.62861228
v -0.229166627 0.458333373 -0.621196687 0.376588851 0.554069102 0.705764115
v 0.404166818 0.458333373 -0.674287736 0.425473094 0.537427604 0.656879842
v 0.562500119 0.458333373 -0.656985641 0.436301798 0.533741236 0.646051168
v -0.036610093 0.537500262 -0.625 0.398954451 0.546455264 0.683398545
v 0.146723479 0.537500262 -0.644943237 0.415820003 0.540713787 0.666532993
v 0.483333468 0.537500262 -0.663783371 0.434051722 0.534507215 0.648301244
v 0.562500119 0.537500262 -0.646437585 0.442756772 0.531543791 0.639596224
v 0.64166677 0.537500262 -0.60652566 0.461319715 0.525224507 0.621033251
v 0.245833397 0.616666913 -0.618002236 0.437104642 0.533467948 0.645248353
v 0.483333468 0.616666913 -0.631853223 0.448246926 0.529674828 0.63410604
v 0.562500119 0.616666913 -0.61401999 0.458304554 0.526250958 0.624048412
v -0.466666639 -0.567053318 -0.542053342 0.356862754 0.56078434 0.725490212
v -0.494111776 -0.519111753 -0.573278427 0.356862754 0.56078434 0.725490212
v -0.466666639 -0.524203598 -0.578370333 0.356862754 0.56078434 0.725490212
v -0.551787019 -0.491666555 -0.551787019 0.356862754 0.56078434 0.725490212
v -0.502353966 -0.491666555 -0.581520677 0.356862754 0.56078434 0.725490212
v -0.466666639 -0.491666555 -0.592566013 0.356862754 0.56078434 0.725490212
v 0.483333468 -0.491666555 -0.593151391 0.360024035 0.559708178 0.722328961
v 0.483333468 -0.566725135 -0.541725099 0.359144777 0.560007453 0.723208189
v 0.483333468 -0.523957849 -0.578124583 0.359334469 0.559942901 0.723018527
v 0.566204429 -0.491666555 -0.54583329 0.362856746 0.558743834 0.719496191
v -0.556066036 -0.412499905 -0.556066036 0.356862754 0.56078434 0.725490212
v -0.507491231 -0.412499905 -0.586657882 0.356862754 0.56078434 0.725490212
v -0.466666639 -0.412499905 -0.598995805 0.356862754 0.56078434 0.725490212
v 0.0875000954 -0.333333254 -0.605226278 0.361670673 0.559147596 0.720682263
v -0.308333278 -0.0958331823 -0.601867318 0.358564228 0.560205102 0.723788738
v 0.562500119 -0.254166603 -0.582441926 0.38022086 0.552832663 0.702132106
v 0.604029357 -0.254166603 -0.54583329 0.386555046 0.550676346 0.69579792
v -0.466666639 0.458333373 -0.602874875 0.36061582 0.559506714 0.721737146
v -0.509471893 0.458333373 -0.588638604 0.359357893 0.559934914 0.722995043
v -0.557431936 0.458333373 -0.557431936 0.358862728 0.560103476 0.723490238
v 0.65508914 -0.00324418396 -0.54583329 0.427232146 0.536828816 0.65512079
v 0.64166677 0.175998837 -0.590667903 0.438934267 0.53284508 0.64341867
v -0.588638604 0.458333373 -0.509471893 0.359357893 0.559934914 0.722995043
v 0.712482035 0.300000072 -0.54583329 0.47621274 0.520154536 0.606140256
v 0.728031278 0.46553123 -0.54583329 0.490454465 0.515306294 0.591898501
v -0.537892401 0.537500262 -0.537892401 0.360569119 0.559522569 0.721783817
v -0.466666639 0.537500262 -0.576230705 0.362284273 0.558938742 0.720068693
v 0.719304085 0.535970926 -0.54583329 0.493804991 0.514165699 0.588548005
v -0.466666639 0.572867811 -0.54583329 0.364395082 0.558220148 0.717957914
v -0.191478878 0.616666913 -0.54583329 0.395748764 0.547546566 0.686604202
v 0.0438809507 0.616666913 -0.589452446 0.420137107 0.539244115 0.662215829
v 0.663929641 0.638929784 -0.54583329 0.496269226 0.513326824 0.58608377
v 0.696097016 0.591930509 -0.54583329 0.495367736 0.513633728 0.58698523
v 0.0875000954 0.673838735 -0.54583329 0.443229318 0.531382918 0.639123619
v 0.404166818 0.724587739 -0.54583329 0.486773312 0.516559482 0.595579684
v 0.483333468 0.727986753 -0.54583329 0.491495073 0.514952064 0.590857863
v 0.57269305 0.706026495 -0.54583329 0.49498114 0.513765335 0.587371826
v 0.622675717 0.676842511 -0.54583329 0.496058047 0.513398707 0.586294889
v -0.466666639 -0.598029494 -0.466666639 0.356862754 0.56078434 0.725490212
v -0.48810637 -0.592273057 -0.466666639 0.356862754 0.56078434 0.725490212
v 0.404166818 -0.602819562 -0.466666639 0.360331386 0.559603512 0.72202158
v 0.483333468 -0.59955287 -0.466666639 0.360876203 0.559418082 0.721476734
v 0.562500119 -0.555969536 -0.466666639 0.363616318 0.55848527 0.718736649
v -0.542053342 -0.567053318 -0.466666639 0.356862754 0.56078434 0.725490212
v -0.573278427 -0.519111753 -0.494111776 0.356862754 0.56078434 0.725490212
v -0.527138531 -0.552138567 -0.527138531 0.356862754 0.56078434 0.725490212
v -0.578370333 -0.524203598 -0.466666639 0.356862754 0.56078434 0.725490212
v -0.592566013 -0.491666555 -0.466666639 0.356862754 0.56078434 0.725490212
v -0.581520677 -0.491666555 -0.502353966 0.356862754 0.56078434 0.725490212
v 0.562500119 -0.531947434 -0.506947458 0.362331331 0.558922708 0.720021665
v 0.607051015 -0.491666555 -0.466666639 0.369161218 0.55659765 0.713191748
v -0.586657882 -0.412499905 -0.507491231 0.356862754 0.56078434 0.725490212
v -0.598995805 -0.412499905 -0.466666639 0.356862754 0.56078434 0.725490212
v -0.59909749 -0.0166665316 -0.466666639 0.356922805 0.560763896 0.725430191
v 0.666537225 -0.174999952 -0.466666639 0.418614328 0.539762557 0.663738668
v 0.705224514 -0.0166665316 -0.466666639 0.454257101 0.527628779 0.628095865
v 0.840645015 0.300000072 -0.387499988 0.57527709 0.486430526 0.507075906
v 0.865623057 0.458333373 -0.387499988 0.593209028 0.480325997 0.489143908
v -0.602874875 0.458333373 -0.466666639 0.36061582 0.559506714 0.721737146
v -0.576230705 0.537500262 -0.466666639 0.362284273 0.558938742 0.720068693
v 0.863219023 0.537500262 -0.387499988 0.597697973 0.478797883 0.484654993
v -0.54583329 0.57286787 -0.466666639 0.364395082 0.558220148 0.717957914
v -0.466666639 0.614430904 -0.466666639 0.371687561 0.555737615 0.710665405
v 0.843553007 0.616666913 -0.387499988 0.601083159 0.477645457 0.481269777
v -0.229166627 0.654742002 -0.466666639 0.407722592 0.543470383 0.674630404
v 0.0083334446 0.711619377 -0.466666639 0.460161746 0.525618732 0.62219125
v 0.767636418 0.742636561 -0.387499988 0.603953004 0.476668477 0.478399932
v 0.332386374 0.854166865 -0.380113661 0.585050583 0.483103365 0.497302353
v 0.562500119 0.859192967 -0.387499988 0.59894681 0.478372753 0.483406186
v 0.680149376 0.813482821 -0.387499988 0.602966189 0.477004439 0.479386806
v -0.308333278 -0.600000024 -0.308333278 0.356862754 0.56078434 0.725490212
v -0.229166627 -0.600000024 -0.387499988 0.356862754 0.56078434 0.725490212
v 0.0875000954 -0.602936327 -0.387499988 0.359552085 0.559868813 0.72280091
v 0.166666746 -0.604413629 -0.387499988 0.360918105 0.559403777 0.721434891
v 0.483333468 -0.611406326 -0.308333278 0.370689392 0.556077421 0.711663604
v 0.562500119 -0.570833325 -0.363815874 0.37066254 0.55608654 0.711690426
v 0.629801929 -0.491666555 -0.308333278 0.388695538 0.549947619 0.693657398
v 0.652806342 -0.333333254 -0.387499988 0.405419737 0.544254303 0.676933229
v 0.672613323 -0.254166603 -0.387499988 0.423601806 0.538064659 0.65875119
v 0.720833421 -0.0919315666 -0.387499988 0.468227267 0.522873044 0.614125729
v 0.800000072 0.149106696 -0.387499988 0.541259527 0.498010963 0.541093409
v -0.605774105 0.0625001192 -0.308333278 0.362176716 0.558975339 0.72017622
v -0.625 0.537500262 -0.036610093 0.398954451 0.546455264 0.683398545
v -0.466666639 0.639166653 -0.308333278 0.393437624 0.548333287 0.688915312
v -0.387499988 0.658873796 -0.308333278 0.410892755 0.542391121 0.671460211
v -0.308333278 0.681600094 -0.308333278 0.431951433 0.535222232 0.650401533
v -0.229166627 0.6793589 -0.387499988 0.429870546 0.535930634 0.65248239
v -0.149999976 0.702493966 -0.387499988 0.451284796 0.528640687 0.63106817
v 0.80446589 0.695833564 -0.387499988 0.603463471 0.476835132 0.478889525
v -0.0708333254 0.727850437 -0.387499988 0.474618375 0.520697296 0.607734561
v 0.0712593943 0.775000215 -0.387499988 0.518235683 0.505848885 0.564117312
v 0.166666746 0.805376351 -0.387499988 0.546135068 0.496351212 0.536217928
v 0.483333468 0.866640151 -0.387499988 0.59474057 0.479804635 0.487612367
v 0.62706387 0.839563966 -0.387499988 0.601441979 0.477523327 0.480911016
v -0.387499988 -0.600000024 -0.229166627 0.356862754 0.56078434 0.725490212
v -0.229166627 -0.600128591 -0.308333278 0.356947422 0.560755491 0.725405574
v -0.16551742 -0.570833325 -0.308333278 0.357281327 0.560641825 0.725071609
v -0.165526748 -0.570833325 -0.323860049 0.357115865 0.560698152 0.725237131
v -0.149999976 -0.570833325 -0.323860019 0.357247829 0.560653269 0.725105107
v -0.11323294 -0.570833325 -0.350732923 0.357264191 0.560647666 0.725088775
v 0.0083334446 -0.570833325 -0.35406211 0.358814716 0.560119867 0.72353822
v 0.0875000954 -0.570833325 -0.346553206 0.360531032 0.559535563 0.721821904
v 0.166666746 -0.570833325 -0.307748735 0.364081293 0.55832696 0.718271673
v 0.245833397 -0.610742807 -0.308333278 0.366764039 0.557413697 0.715588927
v 0.20900327 -0.607663453 -0.345163435 0.363788158 0.558426738 0.718564808
v 0.206966966 -0.609699726 -0.308333278 0.365853846 0.557723522 0.71649909
v 0.281467974 -0.614365399 -0.2726987 0.370003581 0.556310892 0.712349355
v -0.149999976 -0.507193327 -0.323860019 0.356948882 0.560755014 0.725404084
v -0.165526748 -0.507193327 -0.323860049 0.356892556 0.560774207 0.72546041
v -0.163645044 -0.491666555 -0.308333278 0.356926471 0.560762644 0.725426495
v -0.11323294 -0.5340662 -0.350732923 0.357063115 0.560716152 0.725289881
v -0.0708333254 -0.491666555 -0.342666924 0.357233763 0.560658038 0.725119233
v 0.0083334446 -0.491666555 -0.349899471 0.357983381 0.56040287 0.724369586
v 0.0875000954 -0.529886484 -0.346553206 0.359864563 0.559762418 0.722488403
v 0.0875000954 -0.491666555 -0.338754326 0.35953781 0.5598737 0.722815156
v 0.0875000954 -0.0958331823 -0.338754326 0.368010223 0.556989431 0.714342773
v 0.0083334446 -0.216566131 -0.349899471 0.359718204 0.559812248 0.722634792
v 0.166666746 -0.25358206 -0.307748735 0.361111015 0.559338152 0.721241951
v 0.699464619 -0.254166603 -0.308333278 0.448411942 0.52961868 0.633941054
v -0.605226278 -0.333333254 0.0875000954 0.361670673 0.559147596 0.720682263
v -0.0708333254 0.344833165 -0.342666924 0.380802155 0.552634776 0.701550841
v -0.149999976 0.300000072 -0.316089213 0.371412426 0.555831254 0.71094054
v 0.166666746 0.300584614 -0.307748735 0.399704725 0.546199858 0.682648242
v 0.82635957 0.0625001192 -0.308333278 0.564052641 0.490251601 0.518300295
v 0.0875000954 0.348745763 -0.338754326 0.397759497 0.546862066 0.684593439
v 0.886443973 0.220833421 -0.308333278 0.606615543 0.475762129 0.475737453
v -0.621196687 0.458333373 -0.229166627 0.376588851 0.554069102 0.705764115
v 0.0083334446 0.379166842 -0.349899471 0.395234704 0.547721565 0.687118232
v 0.92778939 0.379166842 -0.308333278 0.630127907 0.467757881 0.452225059
v -0.0708333254 0.661499918 -0.342666924 0.467019498 0.523284197 0.615333498
v -0.0993224829 0.667344391 -0.33682245 0.46471864 0.524067461 0.617634356
v 0.0875000954 0.744579196 -0.338754326 0.529375553 0.502056599 0.552977443
v 0.165358156 0.775000215 -0.308333278 0.566884339 0.489287615 0.515468657
v 1.03750026 0.458333373 -0.206248283 0.675445974 0.45233047 0.406906992
v -0.149999976 0.616666913 -0.316748172 0.444156945 0.531067133 0.638195992
v 0.0083334446 0.733414114 -0.349919379 0.504981339 0.510360956 0.577371597
v 1.03750026 0.537500262 -0.209024325 0.677503109 0.451630175 0.404849887
v -0.54583329 0.616666913 -0.191478878 0.395748764 0.547546566 0.686604202
v -0.163645044 0.616666913 -0.308333278 0.443480879 0.531297326 0.638872087
v -0.16071786 0.616666913 -0.319051176 0.441472411 0.531981051 0.640880525
v 1.03750026 0.616666913 -0.19963406 0.682579458 0.449902028 0.399773508
v -0.229166627 0.695833564 -0.340958267 0.445023179 0.530772269 0.637329757
v -0.26470387 0.695833564 -0.308333278 0.445080519 0.530752778 0.637272477
v -0.149999976 0.687418699 -0.316748172 0.465738505 0.523720264 0.616614461
v -0.16071786 0.685115695 -0.319051176 0.462048769 0.524976313 0.620304227
v -0.163645044 0.682188511 -0.308333278 0.463369191 0.524526834 0.618983805
v -0.186374396 0.695833564 -0.308333278 0.462465465 0.524834454 0.619887471
v -0.149999976 0.695833564 -0.35661149 0.457515448 0.526519597 0.624837518
v -0.140561521 0.695833564 -0.378061533 0.453703552 0.527817249 0.628649414
v -0.0708333254 0.695833564 -0.356887221 0.473780781 0.520982444 0.608572185
v -0.0440832302 0.695833564 -0.3607499 0.478058249 0.519526303 0.604294717
v 0.958333373 0.695833564 -0.253512651 0.667591214 0.455004394 0.414761722
v -0.229166627 0.708171666 -0.308333278 0.456498325 0.52686584 0.625854671
v -0.149999976 0.708393931 -0.37493965 0.456320822 0.526926279 0.626032174
v -0.208783701 0.716216505 -0.308333278 0.463526398 0.52447331 0.618826568
v -0.0708333254 0.726446331 -0.356887221 0.483583152 0.517645478 0.598769844
v -0.140561521 0.705272019 -0.378061533 0.456468612 0.526875973 0.625884354
v -0.0440832302 0.722583592 -0.3607499 0.486756146 0.516565323 0.59559685
v 0.879166842 0.775000215 -0.283469409 0.657582521 0.458411634 0.424770415
v 0.165358156 0.854166865 -0.308333278 0.590606928 0.481211841 0.491746068
v 0.245833397 0.894242823 -0.308333278 0.611446142 0.474117637 0.470906794
v 0.403159261 0.932325959 -0.308333278 0.632344902 0.467003167 0.450008065
v 0.800000072 0.854166865 -0.287597448 0.656098127 0.458916962 0.426254839
v 0.64166677 1.01250017 -0.218998194 0.67760253 0.45159629 0.404750407
v 0.720833421 1.01250017 -0.193943202 0.686449885 0.448584467 0.395903111
v -0.308333278 -0.600128591 -0.229166627 0.356947422 0.560755491 0.725405574
v -0.26640895 -0.570833325 -0.26640895 0.356902152 0.560770929 0.725450814
v -0.266394228 -0.570833325 -0.229166627 0.357126772 0.560694456 0.725226223
v -0.229166627 -0.570833325 -0.266394228 0.357126772 0.560694456 0.725226223
v 0.245833397 -0.570833325 -0.250017822 0.369633436 0.556436896 0.71271956
v 0.278236121 -0.617597282 -0.229166627 0.373152107 0.555239022 0.709200859
v 0.325000048 -0.618932843 -0.229166627 0.374321043 0.554841101 0.708031893
v 0.404166818 -0.642151892 0.0083334446 0.397278875 0.547025681 0.685074091
v 0.562500119 -0.586790442 -0.229166627 0.382586688 0.552027225 0.699766278
v 0.59852922 -0.570833325 -0.149999976 0.39610073 0.54742676 0.686252236
v -0.26640895 -0.528908968 -0.26640895 0.356862754 0.56078434 0.725490212
v -0.247487381 -0.491666555 -0.247487381 0.356874555 0.560780346 0.725478411
v 0.660660267 -0.491666555 -0.149999976 0.416445822 0.54050076 0.665907145
v 0.698623598 -0.333333254 -0.229166627 0.447633058 0.529883802 0.634719908
v 0.263723135 -0.254166603 -0.229166627 0.364050448 0.55833745 0.718302548
v 0.730597973 -0.254166603 -0.229166627 0.477195352 0.519820035 0.605157614
v -0.204636276 0.300000072 -0.283802927 0.368148208 0.556942463 0.714204729
v 0.766844332 -0.174999952 -0.229166627 0.510619938 0.508441448 0.571733057
v -0.247487381 0.281679332 -0.247487381 0.36542064 0.557871044 0.716932356
v 0.879166842 0.0562799349 -0.235386819 0.601866484 0.477378786 0.480486453
v 0.245833397 0.300000072 -0.248079538 0.41782409 0.540031552 0.664528906
v 0.263723135 0.317889839 -0.229166627 0.430585742 0.535687149 0.651767254
v 1.03750026 0.285632223 -0.164367825 0.675445437 0.452330649 0.406907558
v -0.650228381 0.458333373 0.0622717254 0.403315544 0.544970632 0.679037452
v -0.283802927 0.641197264 -0.204636276 0.448119283 0.52971828 0.634233713
v -0.283802927 0.245363772 -0.204636276 0.365057141 0.557994783 0.717295825
v -0.204636276 0.641197264 -0.283802927 0.448119283 0.52971828 0.634233713
v 0.263723135 0.634556651 -0.229166627 0.563568115 0.490416527 0.518784821
v -0.247487381 0.598346174 -0.247487381 0.434583545 0.534326196 0.647769451
v -0.263307363 0.616666913 -0.229166627 0.440339983 0.532366574 0.642013013
v -0.257343054 0.616666913 -0.257343054 0.435626388 0.53397119 0.646726608
v -0.229166627 0.616666913 -0.263307363 0.440339983 0.532366574 0.642013013
v -0.387499988 0.6793589 -0.229166627 0.429870546 0.535930634 0.65248239
v -0.340958267 0.695833564 -0.229166627 0.445023179 0.530772269 0.637329757
v -0.308333278 0.695833564 -0.26470387 0.445080519 0.530752778 0.637272477
v -0.229166627 0.661692798 -0.263307363 0.453696012 0.527819812 0.628656983
v -0.257343054 0.667657137 -0.257343054 0.450383306 0.528947532 0.63196969
v -0.263307363 0.661692798 -0.229166627 0.453696012 0.527819812 0.628656983
v -0.289000422 0.695833564 -0.229166627 0.457651496 0.526473284 0.6247015
v -0.229166627 0.695833564 -0.289000422 0.457651496 0.526473284 0.6247015
v -0.221321449 0.703678727 -0.300488085 0.458915025 0.526043117 0.623437941
v -0.308333278 0.708171666 -0.229166627 0.456498325 0.52686584 0.625854671
v -0.229166627 0.71516645 -0.289000422 0.463433146 0.524505079 0.618919849
v -0.289000422 0.71516645 -0.229166627 0.463433146 0.524505079 0.618919849
v 0.263723135 0.854166865 -0.229166627 0.62864399 0.46826303 0.453708947
v 0.245833397 0.854166865 -0.257951945 0.617921472 0.471913278 0.464431465
v 0.958333373 0.854166865 -0.174294472 0.692990661 0.446357816 0.389362335
v 0.245833397 0.904548168 -0.257951945 0.629034102 0.468130231 0.453318864
v 0.879166842 0.933333516 -0.178034872 0.692234278 0.446615309 0.390118718
v 0.325000048 0.989788294 -0.229166627 0.658365369 0.458145142 0.423987597
v 0.483333468 1.08330941 -0.158357427 0.689198375 0.447648823 0.393154621
v 0.562500119 1.09109521 -0.149999976 0.693373203 0.44622758 0.388979793
v -0.466666639 -0.602819502 0.404166818 0.360331416 0.559603512 0.72202158
v -0.387499988 -0.600066662 -0.149999976 0.356888562 0.560775578 0.725464404
v -0.323860049 -0.570833325 -0.165526748 0.357115865 0.560698152 0.725237131
v -0.323860019 -0.570833325 -0.149999976 0.357247829 0.560653269 0.725105107
v -0.308333278 -0.570833325 -0.16551742 0.357281327 0.560641825 0.725071609
v 0.325000048 -0.591006517 -0.149999976 0.380027413 0.552898467 0.702325523
v 0.309412658 -0.586420715 -0.165587366 0.378183454 0.553526223 0.704169512
v 0.325000048 -0.587318897 -0.166485548 0.378551543 0.553400934 0.703801394
v 0.347013354 -0.62798667 -0.127986684 0.383434176 0.551738739 0.698918819
v 0.352841496 -0.622158587 -0.201325223 0.377237886 0.553848147 0.70511508
v -0.541725099 -0.566725135 0.483333468 0.359144777 0.560007453 0.723208189
v -0.308333278 -0.507184029 -0.16551742 0.356965542 0.560749352 0.725387394
v -0.323860049 -0.507193327 -0.165526748 0.356892556 0.560774207 0.72546041
v -0.323860019 -0.507193327 -0.149999976 0.356948882 0.560755014 0.725404084
v -0.596702039 -0.491666555 0.404166818 0.359542578 0.559872031 0.722810388
v 0.726200104 -0.333333254 -0.149999976 0.473150134 0.52119714 0.609202862
v 0.316009223 -0.342324078 -0.149999976 0.372673899 0.555401802 0.709679067
v 0.809485614 -0.174999952 -0.149999976 0.549752355 0.49511978 0.532600641
v -0.316089213 -0.103589118 -0.149999976 0.358476371 0.560235023 0.723876595
v -0.621203959 0.0625001192 -0.0670372546 0.376404554 0.554131806 0.705948412
v 0.316009223 -0.104824029 -0.149999976 0.398300886 0.546677768 0.68405211
v 0.856283128 -0.0958331823 -0.149999976 0.586715102 0.482536703 0.495637834
v 0.949328303 0.0625001192 -0.149999976 0.640719891 0.464152128 0.441633105
v 0.316009223 0.291009247 -0.149999976 0.455021322 0.527368665 0.627331614
v -0.313583106 0.379166842 -0.155249804 0.382987499 0.55189079 0.699365437
v 1.11666691 0.379166842 -0.102300435 0.697073221 0.444967985 0.385279715
v -0.308333278 0.616666913 -0.163645044 0.443480879 0.531297326 0.638872087
v -0.316748172 0.616666913 -0.149999976 0.444156945 0.531067133 0.638195992
v 1.11666691 0.537500262 -0.122421689 0.698337197 0.444537699 0.384015739
v -0.319051176 0.616666913 -0.16071786 0.441472411 0.531981051 0.640880525
v 0.316009223 0.695833564 -0.149999976 0.619552135 0.47135815 0.462800801
v 1.11666691 0.616666913 -0.114750303 0.701460779 0.443474352 0.380892187
v -0.466666639 0.690147698 -0.0765191913 0.440319002 0.532373726 0.642033994
v -0.37493965 0.708393931 -0.149999976 0.456320822 0.526926279 0.626032174
v -0.308333278 0.682188511 -0.163645044 0.463369191 0.524526834 0.618983805
v -0.319051176 0.685115695 -0.16071786 0.462048769 0.524976313 0.620304227
v -0.316748172 0.687418699 -0.149999976 0.465738505 0.523720264 0.616614461
v -0.35661149 0.695833564 -0.149999976 0.457515448 0.526519597 0.624837518
v -0.300488085 0.703678727 -0.221321449 0.458915025 0.526043117 0.623437941
v 1.11666691 0.695833564 -0.0954248011 0.70592761 0.441953748 0.376425385
v -0.308333278 0.716216505 -0.208783701 0.463526398 0.52447331 0.618826568
v 0.296229064 0.983729184 -0.178770959 0.666783214 0.455279499 0.415569752
v 1.03750026 0.775000215 -0.146848708 0.698116779 0.444612741 0.384236187
v 0.316009223 1.01250017 -0.149999976 0.677430391 0.451654911 0.404922605
v 1.03750026 0.854166865 -0.104160994 0.706380904 0.441799402 0.375972062
v 0.958333373 0.933333516 -0.119694009 0.70424819 0.442525446 0.378104746
v 0.308310509 1.01250017 -0.166689515 0.67370522 0.452923059 0.408647716
v 0.325000048 1.01250017 -0.178334981 0.672456264 0.453348249 0.409896731
v 0.879166842 1.01250017 -0.111628845 0.705378711 0.442140579 0.376974255
v 0.325000048 1.03492653 -0.149999976 0.68036145 0.450657099 0.401991516
v 0.404166818 1.09166682 -0.137528941 0.691078901 0.44700861 0.391274035
v 0.365542293 1.05304229 -0.149999976 0.684237123 0.449337721 0.398115873
v 0.720833421 1.09166682 -0.114349917 0.703303695 0.442846984 0.379049271
v -0.350732923 -0.570833325 -0.11323294 0.357264191 0.560647666 0.725088775
v 0.342699021 -0.632301033 -0.0708333254 0.388399094 0.55004859 0.693953872
v 0.342699021 -0.570833325 -0.0708333254 0.386886716 0.550563395 0.69546628
v -0.350732923 -0.5340662 -0.11323294 0.357063115 0.560716152 0.725289881
v -0.354624689 -0.537958026 -0.0379580036 0.357757509 0.56047976 0.724595428
v -0.342666924 -0.491666555 -0.0708333254 0.357233763 0.560658038 0.725119233
v 0.342699021 -0.333333254 -0.0708333254 0.38163653 0.5523507 0.700716436
v 0.71588546 -0.491666555 0.0875000954 0.466638029 0.523414016 0.615714908
v 0.715716779 -0.412499905 -0.0708333254 0.463474572 0.524490952 0.618878365
v -0.342666924 -0.0958331823 -0.0708333254 0.361580998 0.559178114 0.720771968
v 0.841231644 -0.254166603 0.0083334446 0.575721741 0.48627916 0.506631255
v -0.614702046 -0.174999952 0.0875000954 0.370414376 0.556171 0.71193856
v 0.342699021 0.317699045 -0.0708333254 0.497240841 0.512996078 0.585112095
v 0.899585783 -0.174999952 0.0083334446 0.614576578 0.473051965 0.467776388
v 1.03750026 0.0388864875 -0.0152802207 0.675370097 0.452356279 0.406982869
v -0.342666924 0.344833165 -0.0708333254 0.380802155 0.552634776 0.701550841
v 1.11666691 0.242017895 -0.0496488176 0.697098732 0.444959313 0.385254234
v 1.11666691 0.19145444 -0.0210455768 0.697076499 0.444966882 0.385276467
v 1.20120072 0.379166842 0.0083334446 0.712438166 0.43973738 0.3699148
v -0.33682245 0.667344391 -0.0993224829 0.46471864 0.524067461 0.617634356
v 0.342699021 0.616666913 -0.0708333254 0.624816179 0.469566107 0.457536757
v -0.589452446 0.616666913 0.0438809507 0.420137107 0.539244115 0.662215829
v -0.54583329 0.657065094 0.0083334446 0.429174632 0.536167502 0.653178334
v -0.378061533 0.695833564 -0.140561521 0.453703552 0.527817249 0.628649414
v -0.356887221 0.695833564 -0.0708333254 0.473780781 0.520982444 0.608572185
v -0.387499988 0.727850437 -0.0708333254 0.474618375 0.520697296 0.607734561
v -0.356887221 0.726446331 -0.0708333254 0.483583152 0.517645478 0.598769844
v 0.342699021 1.01250017 -0.0708333254 0.692404866 0.446557224 0.38994813
v 1.11666691 0.775000215 -0.0644629002 0.711045861 0.440211356 0.371307135
v 0.348769724 1.03626978 -0.0708333254 0.694582343 0.445815951 0.387770593
v 0.348769724 1.09166682 -0.0708333254 0.698441625 0.444502175 0.383911371
v 0.351268053 1.09166682 -0.123732008 0.691141129 0.44698745 0.391211867
v 0.800000072 1.09971714 -0.0708333254 0.710505605 0.440395266 0.371847361
v 0.879166842 1.09166682 -0.0326490551 0.715203941 0.438795835 0.367149025
v 0.404166818 1.14705873 -0.0708333254 0.703465819 0.44279179 0.378887147
v 0.483333468 1.17083347 -0.0543980785 0.707862616 0.441295028 0.37449038
v 0.562500119 1.21821356 0.0083334446 0.71575433 0.438608468 0.366598636
v 0.64166677 1.17083347 -0.0450231805 0.711687207 0.439993024 0.370665759
v -0.387499988 -0.602936327 0.0875000954 0.359552085 0.559868813 0.72280091
v -0.35406211 -0.570833325 0.0083334446 0.358814716 0.560119867 0.72353822
v 0.349899739 -0.625100315 0.0083334446 0.395395696 0.547666728 0.68695724
v 0.649551451 -0.570833325 0.0875000954 0.433749169 0.534610212 0.648603797
v 0.562500119 -0.638835847 0.177830905 0.421571493 0.538755834 0.660781443
v -0.349899471 -0.491666555 0.0083334446 0.357983381 0.56040287 0.724369586
v -0.61189127 -0.333333254 0.404166818 0.367822528 0.557053328 0.714530408
v 0.349899739 -0.333333254 0.0083334446 0.391055435 0.549144268 0.691297531
v -0.349899471 0.337600619 0.0083334446 0.387901723 0.550217867 0.694451213
v 0.818127155 -0.333333254 0.0875000954 0.557223141 0.49257654 0.525129795
v 0.349899739 0.324899763 0.0083334446 0.53213501 0.50111717 0.550217986
v 1.03750026 -0.0384156667 0.0657509565 0.675376534 0.452354074 0.406976402
v 1.11867702 0.0625001192 0.0875000954 0.697520971 0.444815576 0.384831995
v 1.21426773 0.458333373 0.0083334446 0.71423465 0.439125806 0.368118316
v -0.653687835 0.537500262 0.245833397 0.423243284 0.538186729 0.659109712
v 0.349899739 0.720733225 0.0083334446 0.671887696 0.453541785 0.41046527
v 1.2187475 0.537500262 0.0083334446 0.715422034 0.438721567 0.366930902
v -0.346820623 0.657346249 -0.0301539265 0.472568244 0.521395206 0.609784722
v -0.349919379 0.733414114 0.0083334446 0.504981339 0.510360956 0.577371597
v 1.20039082 0.695833564 0.0083334446 0.717240691 0.438102484 0.365112275
v -0.3607499 0.695833564 -0.0440832302 0.478058249 0.519526303 0.604294717
v -0.387499988 0.775000215 0.0712593943 0.518235683 0.505848885 0.564117312
v -0.3607499 0.722583592 -0.0440832302 0.486756146 0.516565323 0.59559685
v 1.17613244 0.775000215 0.0083334446 0.717894912 0.437879741 0.364458054
v 0.349899739 1.09166682 0.0083334446 0.707480907 0.441424966 0.374872088
v 1.13231742 0.869817436 0.0083334446 0.718475699 0.437682033 0.363877237
v 1.03750026 1.01250017 0.0194155946 0.719614506 0.437294364 0.36273849
v 0.344200015 1.09166682 -0.0516333468 0.700660229 0.443746865 0.381692708
v 0.958333373 1.09166682 0.0285777729 0.720087945 0.437133193 0.362265021
v 0.355415106 1.12208188 -0.0404182523 0.704066455 0.442587316 0.378286511
v 0.362369418 1.12903619 0.0083334446 0.709483087 0.440743357 0.372869879
v 0.362369418 1.17083347 0.0083334446 0.711017191 0.440221101 0.371335775
v 0.36663425 1.17083347 -0.0291991234 0.707805872 0.44131434 0.374547124
v 0.404166818 1.17083347 -0.0404125527 0.707743406 0.441335589 0.37460956
v 0.720833421 1.1936748 0.0083334446 0.717460871 0.438027501 0.364892095
v 0.792072058 1.16290545 0.000405393541 0.717424095 0.438040048 0.364928871
v 0.404166818 1.20596337 0.0083334446 0.713132679 0.439500928 0.369220287
v -0.346553206 -0.570833325 0.0875000954 0.360531032 0.559535563 0.721821904
v 0.396661669 -0.657505095 0.159161597 0.40988788 0.542733252 0.672465086
v 0.338812679 -0.636187375 0.0875000954 0.401939154 0.545439184 0.680413842
v 0.483333468 -0.664463341 0.245833397 0.418676496 0.539741337 0.6636765
v -0.346553206 -0.529886484 0.0875000954 0.359864563 0.559762418 0.722488403
v -0.338754326 -0.491666555 0.0875000954 0.35953781 0.5598737 0.722815156
v -0.338754326 -0.333333254 0.0875000954 0.357673675 0.560508251 0.724679291
v 0.787478328 -0.412499905 0.166666746 0.529650807 0.501962841 0.552702188
v 0.338812679 -0.333333254 0.0875000954 0.396204531 0.547391415 0.686148465
v 0.338812679 0.300000072 0.0875000954 0.551281273 0.494599313 0.531071723
v -0.338754326 0.348745763 0.0875000954 0.397759497 0.546862066 0.684593439
v 1.19583356 0.171634063 0.117467396 0.711721003 0.43998152 0.370631963
v 1.23031974 0.300000072 0.0875000954 0.716214061 0.438451976 0.366138905
v 0.338812679 0.472146034 0.0875000954 0.624486566 0.469678342 0.457866371
v 1.26461005 0.458333373 0.0875000954 0.719725013 0.437256753 0.362627983
v -0.338754326 0.744579196 0.0875000954 0.529375553 0.502056599 0.552977443
v 1.26938105 0.537500262 0.0875000954 0.720526934 0.436983764 0.361826062
v -0.625 0.616666913 0.316396445 0.441406757 0.532003403 0.640946209
v 1.26597512 0.607641876 0.0875000954 0.721115589 0.436783373 0.361237407
v 0.338812679 0.775000215 0.0875000954 0.693938553 0.446035117 0.388414413
v 1.25277555 0.695833564 0.0875000954 0.721728981 0.436574519 0.360623986
v -0.387499988 0.843768001 0.314601183 0.577648699 0.485623151 0.504704237
v 1.23087978 0.775000215 0.0875000954 0.722162604 0.436426938 0.360190362
v 1.19923437 0.854166865 0.0875000954 0.722500265 0.43631199 0.359852701
v 1.1549722 0.933333516 0.0875000954 0.722735584 0.436231852 0.359617382
v 0.338812679 1.17083347 0.0875000954 0.715990067 0.43852824 0.366362929
v 1.10586655 1.00169981 0.0875000954 0.722860873 0.436189204 0.359492093
v 1.02867389 1.08284044 0.0875000954 0.722886205 0.436180592 0.359466791
v 0.347287267 1.17083347 0.030620642 0.712350488 0.439767212 0.370002449
v 0.889423549 1.18109024 0.0875000954 0.722616911 0.436272264 0.359736025
v 0.389610887 1.23544419 0.0729441792 0.717656076 0.437961042 0.36469689
v 0.380842984 1.22667634 0.0875000954 0.718096495 0.437811136 0.364256442
v 0.380842984 1.25000012 0.0875000954 0.718492985 0.437676162 0.363859981
v 0.404166818 1.25000012 0.0765405521 0.718339682 0.437728345 0.364013314
v 0.483333468 1.26698101 0.0875000954 0.71999383 0.43716526 0.362359166
v 0.562500119 1.26897538 0.0875000954 0.720748782 0.436908245 0.361604214
v 0.720833421 1.25000012 0.0923541933 0.722069025 0.436458796 0.360283971
v -0.387499988 -0.604413688 0.166666746 0.360918105 0.559403777 0.721434832
v -0.308333278 -0.571743786 0.165756315 0.364047706 0.558338404 0.71830529
v 0.320624501 -0.654375553 0.162291199 0.407304257 0.543612778 0.675048709
v 0.313430041 -0.582403362 0.15509674 0.405275702 0.544303358 0.677077293
v 0.64166677 -0.600167811 0.245833397 0.444060504 0.531099975 0.638292432
v 0.313430041 -0.26573661 0.15509674 0.409314096 0.542928576 0.67303884
v 0.942719996 -0.254166603 0.245833397 0.63758117 0.4652206 0.444771796
v -0.307748735 0.300000072 0.166666746 0.399671376 0.546211183 0.68268162
v 1.03750026 -0.131769016 0.209897622 0.675410032 0.452342719 0.406942964
v 1.11666691 -0.0516149662 0.245833397 0.69709599 0.444960237 0.385256946
v 0.283801734 0.300000072 0.204635084 0.562357008 0.490828842 0.519995928
v 0.313430041 0.300000072 0.15509674 0.558965266 0.491983473 0.52338773
v 1.19583356 0.0949382484 0.199104875 0.711723685 0.439980626 0.370629311
v 1.29338098 0.379166842 0.166666746 0.721987486 0.436486542 0.36036545
v -0.308333278 0.775000215 0.165358156 0.566884339 0.489287615 0.515468657
v 1.30619037 0.458333373 0.166666746 0.722807646 0.436207324 0.35954529
v 0.313430041 0.616666913 0.15509674 0.679762125 0.450861156 0.402590871
v 1.31099594 0.537500262 0.166666746 0.723322809 0.436031967 0.359030157
v 1.30766428 0.616666913 0.166666746 0.723737121 0.435890913 0.358615875
v -0.54583329 0.695833564 0.199359015 0.461954832 0.525008321 0.620398164
v 1.27672994 0.775000215 0.168396428 0.724354804 0.435680628 0.357998163
v -0.387499988 0.805376351 0.166666746 0.546135068 0.496351212 0.536217928
v 0.325000048 1.17083347 0.12457563 0.717679262 0.437953174 0.364673734
v 0.283801734 0.695833564 0.204635084 0.69710362 0.444957644 0.385249346
v -0.308333278 0.854166865 0.165358156 0.590606928 0.481211841 0.491746068
v 1.24595332 0.854166865 0.166666746 0.724518657 0.435624897 0.357834339
v 1.20203078 0.93953079 0.166666746 0.724667311 0.435574234 0.357685626
v 1.09921503 1.07421494 0.166666746 0.724773288 0.435538173 0.357579708
v 0.958333373 1.19016969 0.166666746 0.724691272 0.435566097 0.357661694
v 1.01601863 1.14935184 0.166666746 0.7247473 0.435546994 0.357605636
v 0.283920228 1.25000012 0.204753593 0.721017838 0.436816633 0.361335099
v 0.325000048 1.25000012 0.12457563 0.719055533 0.437484652 0.363297403
v 0.343983263 1.25000012 0.106483273 0.718668818 0.437616289 0.363684118
v 0.800000072 1.26749063 0.166666746 0.724391818 0.435668051 0.357961118
v 0.404166818 1.29822803 0.166666746 0.722313046 0.436375707 0.360039949
v 0.483333468 1.30862141 0.166666746 0.722982526 0.436147809 0.35937041
v 0.562500119 1.31087017 0.166666746 0.723463893 0.435983926 0.358889043
v 0.720833421 1.29058802 0.166666746 0.724154949 0.435748696 0.358198047
v 0.315084428 -0.659915566 0.235917777 0.412115932 0.541974723 0.670237005
v -0.345163435 -0.607663453 0.20900327 0.363788158 0.558426738 0.718564808
v -0.308333278 -0.610742807 0.245833397 0.366764039 0.557413697 0.715588927
v -0.308333278 -0.609699726 0.206966966 0.365853846 0.557723522 0.71649909
v -0.250017822 -0.570833325 0.245833397 0.369633436 0.556436896 0.71271956
v 0.283801734 -0.612031639 0.204635084 0.407877475 0.543417633 0.674475491
v 0.247754261 -0.648079097 0.247754261 0.409134418 0.542989731 0.673218548
v 0.283801734 -0.295364916 0.204635084 0.401606768 0.545552313 0.680746198
v 0.562500119 -0.649999976 0.305185854 0.43021667 0.535812795 0.652136326
v 0.689846158 -0.570833325 0.325000048 0.466443658 0.523480177 0.615909338
v -0.578124583 -0.523957849 0.483333468 0.359334469 0.559942901 0.723018527
v 0.76344943 -0.491666555 0.325000048 0.510060072 0.508632064 0.572292924
v -0.229166627 -0.254166603 0.263723135 0.364050448 0.55833745 0.718302548
v 0.893541276 -0.333333254 0.325000048 0.610974312 0.474278271 0.471378684
v 0.283801734 -0.0958331823 0.204635084 0.445425987 0.530635178 0.636927009
v 0.245833397 -0.251072228 0.248927787 0.401307255 0.545654297 0.681045711
v -0.656280637 0.14166677 0.404166818 0.408743888 0.543122649 0.673609078
v -0.248079538 0.220833421 0.245833397 0.399056137 0.546420634 0.6832968
v 1.27500021 0.220833421 0.23828496 0.72061801 0.43695274 0.361734927
v 0.247487366 0.380820811 0.247487366 0.611465096 0.474111199 0.47088787
v 1.32687962 0.379166842 0.245833397 0.723881841 0.43584168 0.358471155
v -0.674287736 0.458333373 0.404166818 0.425473094 0.537427604 0.656879842
v -0.248079538 0.676920652 0.245833397 0.569259822 0.488478929 0.513093114
v 0.283801734 0.537500262 0.204635084 0.667501569 0.455034941 0.414851427
v 1.33959377 0.458333373 0.245833397 0.724401951 0.435664594 0.357950985
v 0.248927787 0.695833564 0.245833397 0.698470235 0.444492429 0.383882761
v 1.34147477 0.616666913 0.245833397 0.724942625 0.435480535 0.357410342
v -0.229166627 0.854166865 0.263723135 0.62864399 0.46826303 0.453708947
v 1.31126142 0.775000215 0.245833397 0.725238681 0.435379744 0.357114285
v -0.308333278 0.894242823 0.245833397 0.611446142 0.474117637 0.470906794
v -0.257951945 0.854166865 0.245833397 0.617921472 0.471913278 0.464431465
v 1.25531054 0.913643837 0.245833397 0.725368083 0.435335696 0.356984884
v -0.257951945 0.904548168 0.245833397 0.629034102 0.468130231 0.453318864
v 0.248014614 1.25000012 0.248014614 0.721343577 0.436705738 0.361009389
v 1.19513202 1.01250017 0.245833397 0.72541219 0.435320675 0.356940776
v 1.12987375 1.09166682 0.245833397 0.725425839 0.435316026 0.356927097
v 1.03750026 1.17083347 0.235234439 0.725376368 0.435332894 0.356976599
v 0.94606781 1.23773456 0.245833397 0.725386262 0.435329527 0.356966734
v 0.879166842 1.27219319 0.245833397 0.725344419 0.435343742 0.357008517
v 0.325000048 1.31377029 0.245833397 0.723230958 0.43606323 0.359122038
v 0.404166818 1.33183634 0.245833397 0.724092603 0.435769916 0.358260393
v 0.562500119 1.34435773 0.245833397 0.724790633 0.435532272 0.357562333
v 0.64166677 1.33891857 0.245833397 0.725003004 0.435459971 0.357349962
v 0.780211508 1.30937827 0.245833397 0.725245118 0.435377538 0.357107818
v 0.235917777 -0.659915566 0.315084428 0.412115932 0.541974723 0.670237005
v -0.308333278 -0.611406326 0.483333468 0.370689392 0.556077421 0.711663604
v -0.229166627 -0.618932843 0.325000048 0.374321043 0.554841101 0.708031893
v -0.2726987 -0.614365399 0.281467974 0.370003611 0.556310833 0.712349355
v -0.229166627 -0.617597282 0.278236121 0.373152107 0.555239022 0.709200859
v -0.229166627 -0.570833325 0.263987839 0.371590286 0.555770695 0.71076268
v -0.166485548 -0.587318897 0.325000048 0.378551543 0.553400934 0.703801394
v -0.149999976 -0.57982415 0.316009223 0.379487276 0.553082347 0.70286572
v 0.204635084 -0.612031639 0.283801734 0.407877475 0.543417633 0.674475491
v 0.162291199 -0.654375553 0.320624501 0.407304257 0.543612778 0.675048709
v 0.15509674 -0.582403362 0.313430041 0.405275702 0.544303358 0.677077293
v -0.149999976 -0.342324078 0.316009223 0.372673929 0.555401802 0.709679067
v 0.0875000954 -0.636187375 0.338812679 0.401939154 0.545439184 0.680413842
v 0.15509674 -0.333333254 0.313430041 0.400049418 0.546082497 0.682303548
v 0.204635084 -0.295364916 0.283801734 0.401606768 0.545552313 0.680746198
v 0.837875307 -0.412499905 0.404166818 0.573160648 0.487150997 0.509192288
v -0.149999976 -0.174999952 0.316009223 0.388495237 0.550015867 0.693857729
v 0.15509674 0.288430065 0.313430041 0.556494951 0.492824435 0.525857985
v 0.0875000954 -0.319520652 0.338812679 0.398789108 0.546511531 0.683563828
v 1.11666691 -0.108399734 0.404166818 0.697065234 0.444970697 0.385287702
v -0.229166627 0.300000072 0.263723135 0.424069196 0.537905574 0.65828377
v 1.10819399 -0.0958331823 0.325000048 0.69514811 0.445623338 0.387204856
v 1.19583356 0.0209409036 0.325000048 0.71170032 0.439988554 0.370652646
v 0.204635084 0.258801758 0.283801734 0.545509458 0.49656418 0.536843538
v -0.149999976 0.300000072 0.316009223 0.456009269 0.527032316 0.626343727
v 1.27500021 0.156779766 0.325000048 0.720629871 0.436948717 0.361723095
v 1.33213449 0.300000072 0.325000048 0.724109054 0.435764313 0.358243912
v 0.204635084 0.417135119 0.283801734 0.62567991 0.469272107 0.456673056
v 1.35244274 0.379166842 0.325000048 0.724819005 0.435522616 0.357533962
v 0.0875000954 0.551312864 0.338812679 0.651426435 0.460507333 0.430926532
v 0.15509674 0.446763366 0.313430041 0.630269527 0.467709661 0.452083409
v 1.38242888 0.458333373 0.404166818 0.725401044 0.43532449 0.356951952
v 0.204635084 0.616666913 0.283801734 0.685110569 0.449040383 0.397242367
v 1.3697685 0.537500262 0.325000048 0.725291669 0.435361713 0.357061297
v -0.149999976 0.68684274 0.316009223 0.616986752 0.472231507 0.465366244
v -0.0708333254 0.713532507 0.342699021 0.650255799 0.46090585 0.432097197
v 0.0875000954 0.788812816 0.338812679 0.69546032 0.445517063 0.386892617
v 0.15509674 0.763430178 0.313430041 0.700600624 0.44376716 0.381752312
v 1.36703253 0.616666913 0.325000048 0.725396752 0.435325921 0.356956184
v 1.3381052 0.775000215 0.325000048 0.725485086 0.43529588 0.35686788
v -0.54583329 0.724587739 0.404166818 0.486773312 0.516559482 0.595579684
v 0.204635084 0.812968552 0.283801734 0.708028555 0.441238523 0.374324441
v -0.166689515 1.01250017 0.308310509 0.67370522 0.452923059 0.408647716
v 1.27419698 0.933333516 0.324196756 0.725490212 0.435294122 0.356862754
v -0.229166627 0.989788294 0.325000048 0.658365369 0.458145142 0.423987597
v -0.178770959 0.983729184 0.296229064 0.666783214 0.455279499 0.415569752
v -0.178334981 1.01250017 0.325000048 0.672456264 0.453348249 0.409896731
v 0.204753593 1.25000012 0.283920228 0.721017838 0.436816633 0.361335099
v 1.17926419 1.07509744 0.325000048 0.725490212 0.435294122 0.356862754
v -0.149999976 1.03492653 0.325000048 0.680361509 0.450657099 0.401991487
v 0.15509674 1.25000012 0.313430041 0.720021367 0.437155843 0.362331599
v 0.12457563 1.17083347 0.325000048 0.717679262 0.437953174 0.364673734
v 1.10181999 1.15598655 0.325000048 0.725490212 0.435294122 0.356862754
v 0.12457563 1.25000012 0.325000048 0.719055533 0.437484652 0.363297403
v 1.01340485 1.22590482 0.325000048 0.725490212 0.435294122 0.356862754
v 0.245833397 1.31377029 0.325000048 0.723230958 0.43606323 0.359122038
v 0.292554528 1.32916677 0.325000048 0.724008977 0.435798377 0.358343989
v 0.325000048 1.32916677 0.292554528 0.724008977 0.435798377 0.358343989
v 0.800000072 1.32916677 0.320598274 0.725486517 0.435295373 0.356866419
v 0.879166842 1.30046487 0.325000048 0.725490212 0.435294122 0.356862754
v 0.483333468 1.36723542 0.325000048 0.72518754 0.435397148 0.357165426
v 0.64166677 1.36454082 0.325000048 0.725420177 0.435317963 0.356932789
v 0.720833421 1.35161972 0.325000048 0.725469291 0.435301244 0.356883675
v 0.159161597 -0.657505095 0.396661669 0.40988788 0.542733252 0.672465086
v 0.483333468 -0.673535824 0.483333468 0.42923218 0.536147952 0.653120756
v -0.0578342788 -0.637000918 0.417165846 0.39150387 0.548991621 0.690849125
v -0.201325208 -0.622158587 0.352841496 0.377237886 0.553848147 0.70511508
v -0.127986684 -0.62798667 0.347013354 0.383434176 0.551738739 0.69891876
v -0.0708333254 -0.632301033 0.342699021 0.388399094 0.55004859 0.693953872
v 0.0139996205 -0.64433378 0.409832984 0.397958875 0.546794176 0.684394062
v 0.0083334446 -0.625100315 0.349899739 0.395395696 0.547666728 0.68695724
v 0.701402307 -0.570833325 0.483333468 0.477769315 0.51962465 0.604583621
v 0.0083334446 -0.333333254 0.349899739 0.391055435 0.549144268 0.691297531
v -0.0708333254 -0.333333254 0.342699021 0.38163653 0.5523507 0.700716436
v -0.0708333254 0.317699045 0.342699021 0.497240841 0.512996078 0.585112095
v 0.0083334446 0.324899763 0.349899739 0.53213501 0.50111717 0.550217986
v 0.0875000954 0.313812703 0.338812679 0.553939939 0.493694246 0.528413057
v 1.19583356 -0.0206740499 0.47932595 0.711763024 0.439967215 0.370589912
v 1.28605509 0.14166677 0.404166818 0.721465468 0.436664224 0.360887468
v 1.32202148 0.220833421 0.404166818 0.723655343 0.435918748 0.358697623
v 1.36015856 0.300000072 0.483333468 0.725036263 0.435448647 0.357316703
v 0.0083334446 0.537500262 0.349899739 0.625213623 0.469430834 0.457139373
v -0.663783371 0.537500262 0.483333468 0.434051692 0.534507275 0.648301303
v 1.38730025 0.537500262 0.404166818 0.725468814 0.435301423 0.356884152
v 1.38470745 0.616666913 0.404166818 0.725490093 0.435294151 0.356862843
v -0.54583329 0.727986753 0.483333468 0.491495073 0.514952064 0.590857863
v 0.0083334446 0.775000215 0.349899739 0.680617511 0.450569928 0.401735455
v 1.37455904 0.695833564 0.404166818 0.725490212 0.435294122 0.356862754
v -0.0708333254 1.01250017 0.342699021 0.692404866 0.446557224 0.38994813
v -0.308333278 0.932326019 0.40315932 0.632344961 0.467003167 0.450008035
v 1.3136822 0.892848909 0.404166818 0.725490212 0.435294122 0.356862754
v 1.28770757 0.946040809 0.404166818 0.725490212 0.435294122 0.356862754
v 0.0083334446 1.09166682 0.349899739 0.707480907 0.441424966 0.374872088
v 1.19583356 1.08266342 0.404166818 0.725490212 0.435294122 0.356862754
v -0.149999976 1.08042419 0.404166818 0.688194394 0.447990566 0.394158572
v -0.149999976 1.05304229 0.365542293 0.684237123 0.449337721 0.398115873
v -0.0708333254 1.03626978 0.348769695 0.694582343 0.445815951 0.387770623
v -0.12373203 1.09166682 0.351268023 0.691141129 0.44698745 0.391211867
v -0.0708333254 1.09166682 0.348769695 0.698441625 0.444502175 0.383911371
v -0.0516333468 1.03170013 0.344200015 0.69672972 0.445084929 0.385623246
v -0.0516333468 1.09166682 0.344200015 0.700660229 0.443746865 0.381692708
v 0.0875000954 1.17083347 0.338812679 0.715990067 0.43852824 0.366362929
v -0.0708333254 1.14705873 0.404166818 0.703465819 0.44279179 0.378887117
v 0.0083334446 1.12903619 0.362369418 0.709483087 0.440743357 0.372869879
v -0.0404182523 1.12208188 0.355415106 0.704066455 0.442587316 0.378286511
v -0.0404125527 1.17083347 0.404166818 0.707743406 0.441335589 0.37460956
v -0.0291991569 1.17083347 0.36663422 0.707805812 0.44131434 0.374547154
v 0.0083334446 1.17083347 0.362369418 0.711017191 0.440221101 0.371335775
v 0.030620642 1.17083347 0.347287267 0.712350488 0.439767212 0.370002478
v 1.11666691 1.16640449 0.404166818 0.725490212 0.435294122 0.356862754
v 0.0083334446 1.20596337 0.404166818 0.713132679 0.439500928 0.369220287
v 0.0729441792 1.23544419 0.389610887 0.717656076 0.437961042 0.36469689
v 0.0765405446 1.25000012 0.404166818 0.718339682 0.437728345 0.364013314
v 0.0875000954 1.25000012 0.380842984 0.718492985 0.437676162 0.363859981
v 0.106483251 1.18981659 0.343983233 0.717603207 0.437979043 0.36474973
v 0.977971196 1.26963782 0.404166818 0.725490212 0.435294122 0.356862754
v 1.07164335 1.20497656 0.404166818 0.725490212 0.435294122 0.356862754
v 0.166666746 1.29822814 0.404166818 0.722313046 0.436375707 0.360039949
v 0.239251181 1.32916677 0.404166818 0.723986387 0.435806066 0.358366609
v 0.814955771 1.34412241 0.404166818 0.725490212 0.435294122 0.356862754
v 0.404166818 1.37475383 0.404166818 0.725304484 0.435357332 0.357048482
v 0.483333468 1.38477826 0.404166818 0.725428224 0.435315222 0.356924713
v 0.64166677 1.38232875 0.404166818 0.725490212 0.435294122 0.356862754
v 0.720833421 1.36971879 0.404166818 0.725490212 0.435294122 0.356862754
v 0.0765019879 -0.649999976 0.483333468 0.405509949 0.544223607 0.676843047
v 0.562500119 -0.656335711 0.483333468 0.437491745 0.533336163 0.644861221
v -0.466666639 -0.59955287 0.483333468 0.360876203 0.559418082 0.721476734
v 0.64166677 -0.615802646 0.483333468 0.455188751 0.527311683 0.627164185
v -0.59315145 -0.491666555 0.483333468 0.360024035 0.559708178 0.722328961
v 0.777987063 -0.491666555 0.483333468 0.524914384 0.503575265 0.557438552
v 0.844321609 -0.412499905 0.483333468 0.579096437 0.48513031 0.503256559
v 1.03750026 -0.208554611 0.483333468 0.675719976 0.452237189 0.40663299
v -0.625 -0.167035863 0.483333468 0.382786721 0.551959157 0.699566245
v 1.11666691 -0.120797493 0.483333468 0.697250962 0.444907486 0.385102004
v 1.25197959 0.0625001192 0.483333468 0.718608975 0.437636673 0.363743991
v -0.668011546 0.300000072 0.483333468 0.421937883 0.538631082 0.660415053
v 1.33230686 0.220833421 0.483333468 0.724142194 0.435752988 0.358210742
v 1.38006663 0.379166842 0.483333468 0.725381613 0.435331106 0.356971353
v -0.674636424 0.458333373 0.483333468 0.428107291 0.536530852 0.654245675
v 1.39240789 0.458333373 0.483333468 0.725476265 0.43529886 0.356876731
v 1.3998158 0.537500262 0.562500119 0.725490212 0.435294122 0.356862754
v -0.631853223 0.616666913 0.483333468 0.448246926 0.529674828 0.63410604
v 1.39474356 0.616666913 0.483333468 0.725490212 0.435294122 0.356862754
v 1.38727641 0.695833564 0.562500119 0.725490212 0.435294122 0.356862754
v 1.36400628 0.78483969 0.483333468 0.725490212 0.435294122 0.356862754
v -0.387499988 0.866640151 0.483333468 0.59474057 0.479804635 0.487612367
v -0.316778362 0.933333516 0.483333468 0.633354545 0.466659456 0.448998451
v 1.30551648 0.933333516 0.483333468 0.725490212 0.435294122 0.356862754
v 1.25981724 1.01250017 0.483333468 0.725490212 0.435294122 0.356862754
v -0.149999976 1.09098721 0.482653886 0.691127479 0.446992069 0.391225487
v 0.0083334446 1.21657538 0.483333468 0.714629829 0.438991278 0.367723137
v 1.12643063 1.17083347 0.483333468 0.725490212 0.435294122 0.356862754
v 1.02701449 1.25000012 0.483333468 0.725490212 0.435294122 0.356862754
v 0.879166842 1.33082414 0.483333468 0.725490212 0.435294122 0.356862754
v 0.245833397 1.34199047 0.483333468 0.724508286 0.435628414 0.35784471
v 0.325000048 1.36723542 0.483333468 0.72518754 0.435397148 0.357165426
v 0.483333468 1.39475346 0.483333468 0.725485444 0.435295761 0.356867522
v 0.64166677 1.39239764 0.483333468 0.725490212 0.435294122 0.356862754
v 0.720833421 1.37994134 0.483333468 0.725490212 0.435294122 0.356862754
v 0.245833397 -0.645364702 0.562500119 0.426552534 0.537060142 0.655800402
v 0.483333468 -0.656335711 0.562500119 0.437491745 0.533336163 0.644861221
v 0.562500119 -0.638687015 0.562500119 0.446529865 0.530259371 0.635823071
v -0.466666639 -0.555969536 0.562500119 0.363616347 0.55848527 0.718736649
v -0.308333278 -0.570833325 0.570169687 0.376111895 0.554231465 0.706241071
v 0.0359619521 -0.622371495 0.562500119 0.409042925 0.543020904 0.673310041
v 0.64166677 -0.598398447 0.562500119 0.465828955 0.523689449 0.616523981
v 0.680432677 -0.570833325 0.562500119 0.480419695 0.518722415 0.601933241
v -0.54583329 -0.491666555 0.566204429 0.362856746 0.558743834 0.719496191
v -0.506947458 -0.531947434 0.562500119 0.362331331 0.558922708 0.720021665
v 0.764316797 -0.491666555 0.562500119 0.528889477 0.502222061 0.553463519
v -0.563439727 -0.412499905 0.562500119 0.367033452 0.557321966 0.715319514
v 0.835373163 -0.412499905 0.562500119 0.583351493 0.483681768 0.499001443
v 1.03750026 -0.207402542 0.562500119 0.678800941 0.451188326 0.403551996
v -0.625 0.0501403287 0.562500119 0.410378993 0.542566061 0.671974003
v 1.19583356 -0.0232520849 0.562500119 0.712865889 0.439591765 0.369487077
v 1.25390291 0.0625001192 0.562500119 0.719469547 0.437343717 0.362883389
v -0.649288058 0.300000072 0.562500119 0.429934829 0.535908759 0.652418137
v 1.29855013 0.14166677 0.562500119 0.722791851 0.436212718 0.359561116
v 1.33465528 0.220833421 0.562500119 0.724480391 0.435637891 0.357872546
v 1.38256443 0.379166842 0.562500119 0.72545743 0.435305297 0.356895566
v -0.656985581 0.458333373 0.562500119 0.436301827 0.533741236 0.646051168
v 1.3949393 0.458333373 0.562500119 0.725490212 0.435294122 0.356862754
v -0.646437526 0.537500262 0.562500119 0.442756712 0.531543851 0.639596224
v -0.61401999 0.616666913 0.562500119 0.458304554 0.526250958 0.624048412
v 1.3923924 0.616666913 0.64166677 0.725490212 0.435294122 0.356862754
v -0.558074176 0.695833564 0.562500119 0.487477958 0.516319573 0.594874978
v -0.39389354 0.854166865 0.556106567 0.594722331 0.479810864 0.487630635
v 1.34355307 0.854166865 0.562500119 0.725490212 0.435294122 0.356862754
v 1.29693341 0.955266714 0.562500119 0.725490212 0.435294122 0.356862754
v -0.149285078 1.09166682 0.563215017 0.693544507 0.446169257 0.388808429
v 1.23557925 1.05224586 0.562500119 0.725490212 0.435294122 0.356862754
v -0.055913873 1.17083347 0.562500119 0.709172368 0.440849125 0.373180598
v 1.16334498 1.13834488 0.562500119 0.725490212 0.435294122 0.356862754
v 0.0875000954 1.2689755 0.562500119 0.720748782 0.436908245 0.361604214
v 1.03750026 1.24612081 0.562500119 0.725490212 0.435294122 0.356862754
v 0.166666746 1.30491996 0.64166677 0.723849654 0.435852587 0.358503282
v 0.824783206 1.3539499 0.562500119 0.725490212 0.435294122 0.356862754
v 0.936128974 1.30696237 0.562500119 0.725490212 0.435294122 0.356862754
v 0.325000048 1.36969817 0.562500119 0.725330412 0.435348511 0.357022554
v 0.404166818 1.38729179 0.562500119 0.72547996 0.435297608 0.356873006
v 0.483333468 1.39239764 0.64166677 0.725490212 0.435294122 0.356862754
v 0.562500119 1.39950991 0.553676367 0.725490212 0.435294122 0.356862754
v 0.64166677 1.39003992 0.64166677 0.725490212 0.435294122 0.356862754
v 0.720833421 1.38252747 0.562500119 0.725490212 0.435294122 0.356862754
v 0.0485987104 -0.570833325 0.64166677 0.427509367 0.536734402 0.654843628
v 0.245833397 -0.600167811 0.64166677 0.444060504 0.531099975 0.638292432
v 0.483333468 -0.615802646 0.64166677 0.455188751 0.527311683 0.627164185
v 0.562500119 -0.598398447 0.64166677 0.465828955 0.523689449 0.616523981
v 0.632566929 -0.570833325 0.632566929 0.481614947 0.518315494 0.600738049
v -0.466666639 -0.491666555 0.607051015 0.369161218 0.55659765 0.713191748
v -0.232290208 -0.494790137 0.64166677 0.400309414 0.545993984 0.682043552
v 0.720833421 -0.49717474 0.64166677 0.527683139 0.502632678 0.554669797
v -0.466666639 -0.244010106 0.651823282 0.404923201 0.544423342 0.677429795
v -0.308333278 -0.333333254 0.674051225 0.424926519 0.53761369 0.657426417
v -0.387499988 -0.333333254 0.652806342 0.405419737 0.544254303 0.676933229
v 0.805311799 -0.412499905 0.646978498 0.586688757 0.482545674 0.495664179
v -0.54583329 -0.254166603 0.604029357 0.386555046 0.550676346 0.69579792
v 1.03750026 -0.194219157 0.64166677 0.68468678 0.449184656 0.397666216
v -0.54583329 -0.0166665316 0.65205127 0.424810588 0.537653148 0.657542348
v 1.11666691 -0.109941445 0.64166677 0.702751517 0.443034947 0.379601449
v 1.24701393 0.0625001192 0.64166677 0.720181704 0.437101275 0.362171263
v -0.590667903 0.175998837 0.64166677 0.438934267 0.53284508 0.64341867
v -0.625 0.300000072 0.611895382 0.439448863 0.532669902 0.642904103
v 1.32904434 0.220833421 0.64166677 0.724741578 0.435548991 0.357611418
v 1.35737264 0.300000072 0.64166677 0.725341082 0.435344875 0.357011855
v -0.617532015 0.458333373 0.64166677 0.453740627 0.527804613 0.628612339
v 1.37755787 0.379166842 0.64166677 0.725487947 0.435294896 0.356865048
v -0.625 0.537500262 0.60929513 0.452324837 0.528286576 0.630028129
v 1.38252783 0.537500262 0.720833421 0.725490212 0.435294122 0.356862754
v -0.54583329 0.638929784 0.663929641 0.496269226 0.513326824 0.58608377
v -0.54583329 0.676842511 0.622675717 0.496058047 0.513398707 0.586294889
v 1.37747228 0.71913898 0.64166677 0.725490212 0.435294122 0.356862754
v -0.387499988 0.813482821 0.680149376 0.602966189 0.477004439 0.479386806
v 1.34257758 0.842577577 0.64166677 0.725490212 0.435294122 0.356862754
v -0.294721276 0.933333516 0.64166677 0.649936497 0.461014539 0.432416469
v 1.26467288 1.00217283 0.631339431 0.725490212 0.435294122 0.356862754
v -0.137598917 1.09166682 0.64166677 0.697737217 0.444741964 0.384615749
v 1.19734287 1.09317613 0.64166677 0.725490212 0.435294122 0.356862754
v -0.0450231805 1.17083347 0.64166677 0.711687207 0.439993024 0.370665759
v 1.15988874 1.13488865 0.64166677 0.725490212 0.435294122 0.356862754
v 0.0875000954 1.26245379 0.64166677 0.72137177 0.436696172 0.360981226
v 0.932487249 1.30332065 0.64166677 0.725490212 0.435294122 0.356862754
v 1.03202319 1.24452305 0.636189699 0.725490212 0.435294122 0.356862754
v 0.245833397 1.33891869 0.64166677 0.725003004 0.435459971 0.357349962
v 0.325000048 1.36454082 0.64166677 0.725420177 0.435317963 0.356932789
v 0.404166818 1.38232875 0.64166677 0.725490212 0.435294122 0.356862754
v 0.800000072 1.35713077 0.64166677 0.725490212 0.435294122 0.356862754
v 0.404166818 -0.570833325 0.698377669 0.473438621 0.521098912 0.608914316
v 0.483333468 -0.570833325 0.701402307 0.477769315 0.51962465 0.604583621
v 0.562500119 -0.570833325 0.680432618 0.480419695 0.518722415 0.6019333
v 0.0933087319 -0.485857934 0.720833421 0.470555782 0.522080302 0.611797214
v 0.562500119 -0.491666555 0.764316797 0.528889477 0.502222061 0.553463519
v 0.645486593 -0.491666555 0.724653244 0.531703353 0.501264155 0.550649643
v 0.688686252 -0.491666555 0.688686252 0.532141209 0.501115084 0.550211787
v -0.0708333254 -0.401978135 0.720833421 0.468116015 0.522910893 0.614236951
v 0.738664329 -0.412499905 0.738664329 0.588154018 0.482046872 0.494198978
v 0.77507484 -0.412499905 0.695908189 0.587754071 0.482183039 0.494598925
v -0.229166627 -0.333333254 0.698623598 0.447633058 0.529883802 0.634719908
v -0.387499988 -0.174999952 0.695045233 0.444320083 0.531011641 0.638032913
v -0.308333278 -0.254166603 0.699464619 0.448411942 0.52961868 0.633941054
v 1.03750026 -0.169743046 0.720833421 0.692392528 0.446561426 0.389960438
v -0.308333278 -0.174999952 0.728295982 0.47507754 0.520541012 0.607275426
v -0.466666639 -0.0166665316 0.705224514 0.454257101 0.527628779 0.628095865
v 1.17478812 -0.0166665316 0.720833421 0.715432763 0.438717932 0.366920203
v 1.23109686 0.0625001192 0.720833421 0.720763564 0.436903179 0.361589372
v 1.2780112 0.14166677 0.720833421 0.723608613 0.435934663 0.358744353
v -0.54583329 0.290172368 0.711005688 0.474962652 0.520580113 0.607390285
v -0.387499988 0.379166842 0.855820537 0.586388826 0.482647777 0.49596414
v 1.31530368 0.220833421 0.720833421 0.724939525 0.435481608 0.357413441
v 1.36285281 0.379166842 0.729519367 0.725490212 0.435294122 0.356862754
v -0.55303055 0.458333373 0.720833421 0.486122191 0.516781151 0.596230805
v 1.37755525 0.458333373 0.720833421 0.725490212 0.435294122 0.356862754
v -0.54583329 0.537500262 0.718994796 0.493896693 0.514134467 0.588456273
v -0.54583329 0.591930509 0.696097016 0.495367736 0.513633728 0.58698523
v 1.3799454 0.616666913 0.720833421 0.725490212 0.435294122 0.356862754
v -0.387499988 0.781419694 0.727252901 0.60393548 0.476674467 0.478417516
v 1.35166562 0.775000215 0.720833421 0.725490212 0.435294122 0.356862754
v -0.193943202 1.01250017 0.720833421 0.686449885 0.448584467 0.395903111
v 1.28290761 0.941240966 0.728740871 0.725490212 0.435294122 0.356862754
v 1.22318888 1.03985548 0.720833421 0.725490212 0.435294122 0.356862754
v 0.0083334446 1.19367492 0.720833421 0.717460871 0.438027501 0.364892095
v 1.13673556 1.11173546 0.800000072 0.725490212 0.435294122 0.356862754
v 1.06825817 1.20159137 0.720833421 0.725490212 0.435294122 0.356862754
v 0.0923540816 1.25000012 0.720833421 0.722069025 0.436458796 0.360283971
v 1.02279663 1.23529649 0.720833421 0.725490212 0.435294122 0.356862754
v 0.166666746 1.29058802 0.720833421 0.724154949 0.435748696 0.358198047
v 0.245833397 1.30338502 0.800000072 0.725269318 0.435369313 0.357083619
v 0.81123817 1.34040487 0.720833421 0.725490212 0.435294122 0.356862754
v 0.325000048 1.35161972 0.720833421 0.725469291 0.435301244 0.356883675
v 0.404166818 1.36971879 0.720833421 0.725490212 0.435294122 0.356862754
v 0.562500119 1.38252747 0.720833421 0.725490212 0.435294122 0.356862754
v 0.64166677 1.37754691 0.720833421 0.725490212 0.435294122 0.356862754
v 0.720833421 1.3648665 0.720833421 0.725490212 0.435294122 0.356862754
v 0.404166818 -0.491666555 0.773462474 0.519217849 0.505514503 0.563135147
v 0.483333468 -0.412499905 0.844321668 0.579096437 0.48513031 0.503256559
v 0.166666746 -0.412499905 0.787478328 0.529650807 0.501962841 0.552702188
v 0.646978557 -0.412499905 0.805311859 0.586688817 0.482545674 0.49566415
v 0.751485407 -0.333333254 0.830652118 0.634234846 0.466359794 0.44811812
v 0.0083334446 -0.333333254 0.787357986 0.529539883 0.50200063 0.552813053
v -0.0771052763 -0.254166603 0.800000072 0.541188598 0.498035133 0.541164398
v 0.958333373 -0.205803379 0.800000072 0.68444562 0.449266762 0.397907376
v -0.229166627 -0.107921757 0.800000072 0.541184902 0.498036385 0.541168094
v -0.149999976 -0.174999952 0.809485614 0.549752355 0.49511978 0.532600641
v 1.03750026 -0.134609103 0.800000072 0.700769126 0.443709791 0.38158384
v -0.308333278 -0.0166665316 0.793212175 0.53493154 0.500165164 0.547421396
v -0.229166627 -0.0166665316 0.846563458 0.57970643 0.484922647 0.502646506
v 1.14633608 -0.0166665316 0.800000072 0.716114163 0.43848598 0.366238803
v -0.387499988 0.149106324 0.800000072 0.541259527 0.498010963 0.541093469
v 1.19583356 0.0482719243 0.800000072 0.720524907 0.43698445 0.361828089
v 1.23738086 0.14166677 0.84154743 0.7240116 0.435797483 0.358341366
v 1.28827953 0.220833421 0.81327939 0.72510612 0.435424864 0.357246876
v 1.32284153 0.300000072 0.800000072 0.725464344 0.435302913 0.356888592
v -0.387499988 0.458333373 0.865623057 0.593209028 0.480325997 0.489143908
v 1.35720277 0.458333373 0.800000072 0.725490212 0.435294122 0.356862754
v -0.387499988 0.537500262 0.863219023 0.597697973 0.478797883 0.484654993
v 1.36227894 0.537500262 0.800000072 0.725490212 0.435294122 0.356862754
v -0.387499988 0.616666913 0.843553007 0.601083159 0.477645457 0.481269777
v 1.35964239 0.616666913 0.800000072 0.725490212 0.435294122 0.356862754
v -0.387499988 0.695833564 0.804466009 0.603463471 0.476835132 0.478889465
v 1.33048797 0.775000215 0.800000072 0.725490212 0.435294122 0.356862754
v -0.287597448 0.854166865 0.800000072 0.656098127 0.458916962 0.426254839
v 1.29473174 0.873898387 0.800000072 0.725490212 0.435294122 0.356862754
v -0.158072591 1.01250017 0.800000072 0.696107864 0.445296615 0.386245102
v 1.20868587 1.02535248 0.800000072 0.725490212 0.435294122 0.356862754
v -0.0708333254 1.09971726 0.800000072 0.710505605 0.440395266 0.371847332
v 0.0083334446 1.16659737 0.800000072 0.718075514 0.437818259 0.364277422
v 0.959790468 1.25145721 0.800000072 0.725490212 0.435294122 0.356862754
v 1.00813675 1.22063661 0.800000072 0.725490212 0.435294122 0.356862754
v 0.166666746 1.26749063 0.800000072 0.724391818 0.435668051 0.357961118
v 0.778760672 1.30792737 0.857927382 0.725490212 0.435294122 0.356862754
v 0.853249907 1.30324984 0.800000072 0.725490212 0.435294122 0.356862754
v 0.404166818 1.34912527 0.800000072 0.725490212 0.435294122 0.356862754
v 0.483333468 1.35958052 0.800000072 0.725490212 0.435294122 0.356862754
v 0.562500119 1.36222732 0.800000072 0.725490212 0.435294122 0.356862754
v 0.562500119 -0.412499905 0.835373163 0.583351552 0.483681738 0.499001384
v 0.245833397 -0.326184452 0.879166842 0.601938486 0.477354288 0.48041451
v 0.404166818 -0.333333254 0.908657134 0.619799256 0.471274048 0.46255374
v 0.0885995105 -0.253067195 0.880266249 0.60267508 0.477103531 0.479677886
v 0.879166842 -0.21787262 0.879166842 0.681456327 0.450284392 0.400896668
v 0.0083334446 -0.174999952 0.899585783 0.614576578 0.473051965 0.467776388
v -0.0809260458 -0.026759252 0.948240638 0.640014529 0.464392245 0.442338437
v -0.149999976 0.0625001192 0.949328303 0.640719891 0.464152128 0.441633105
v 1.10595548 -0.0166665316 0.879166842 0.716618776 0.43831417 0.36573416
v -0.308333278 0.14166677 0.857985318 0.587909579 0.48213011 0.494443417
v 1.26138783 0.220833421 0.879166842 0.725190401 0.435396194 0.357162565
v -0.308333278 0.379166842 0.92778939 0.630127907 0.467757881 0.452225059
v 1.28707123 0.300000072 0.891237915 0.725486517 0.435295403 0.356866479
v 1.32597768 0.379166842 0.850977659 0.725490212 0.435294122 0.356862754
v 1.32814896 0.458333373 0.879166842 0.725490212 0.435294122 0.356862754
v 1.31331694 0.616666913 0.917483449 0.725490212 0.435294122 0.356862754
v -0.253512681 0.695833564 0.958333373 0.667591214 0.455004394 0.414761722
v 1.30580962 0.695833564 0.909976244 0.725490212 0.435294122 0.356862754
v -0.283469409 0.775000215 0.879166842 0.657582521 0.458411634 0.424770415
v -0.178034872 0.933333516 0.879166842 0.692234278 0.446615309 0.390118718
v 1.27350461 0.852671325 0.877671301 0.725490212 0.435294122 0.356862754
v 1.21382964 0.951329589 0.897162855 0.725490212 0.435294122 0.356862754
v 1.1823194 1.01250017 0.879166842 0.725490212 0.435294122 0.356862754
v -0.0326490551 1.09166682 0.879166842 0.715203941 0.438795835 0.367149025
v 1.13421476 1.01250017 0.958333373 0.725490212 0.435294122 0.356862754
v 1.09688616 1.07188606 0.938552678 0.725490212 0.435294122 0.356862754
v 0.0875000954 1.1865586 0.879166842 0.722584546 0.43628329 0.35976842
v 0.987375677 1.19987571 0.879166842 0.725490212 0.435294122 0.356862754
v 0.166666746 1.23450637 0.879166842 0.724568665 0.435607851 0.357784301
v 0.879166842 1.25750339 0.886670113 0.725490212 0.435294122 0.356862754
v 0.245833397 1.27219319 0.879166842 0.725344419 0.435343742 0.357008517
v 0.325000048 1.30046487 0.879166842 0.725490212 0.435294122 0.356862754
v 0.404166818 1.31990755 0.879166842 0.725490212 0.435294122 0.356862754
v 0.487210989 1.32916677 0.883044362 0.725490212 0.435294122 0.356862754
v 0.566629589 1.3332963 0.879166842 0.725490212 0.435294122 0.356862754
v 0.64166677 1.32854784 0.878547907 0.725490212 0.435294122 0.356862754
v 0.483333468 -0.291146934 0.958333373 0.645212412 0.462622732 0.437140554
v 0.245833397 -0.254166603 0.942719996 0.63758117 0.4652206 0.444771796
v 0.322984666 -0.177015334 1.03750026 0.675461888 0.452325046 0.406891048
v 0.562500119 -0.207402542 1.03750026 0.678800941 0.451188326 0.403551996
v 0.64166677 -0.194219157 1.03750026 0.68468678 0.449184656 0.397666216
v 0.720833421 -0.169743046 1.03750026 0.692392528 0.446561426 0.389960438
v 0.800000072 -0.205803379 0.958333373 0.68444562 0.449266762 0.397907376
v 0.209897622 -0.131769016 1.03750026 0.675410032 0.452342719 0.406942964
v 0.958333373 -0.100235172 0.958333373 0.70738256 0.441458404 0.374970376
v 1.03750026 -0.0295984149 0.958333373 0.715789557 0.438596457 0.36656341
v 1.11666691 0.0584045574 0.958333373 0.721631289 0.436607778 0.360721648
v -0.11449112 0.177175626 1.03750026 0.675400972 0.452345788 0.406951994
v 1.18325043 0.14166677 0.945750237 0.724236488 0.435720921 0.358116508
v -0.169537693 0.300000072 1.03750026 0.675442338 0.452331692 0.406910598
v 1.23062813 0.300000072 0.993128061 0.725490212 0.435294122 0.356862754
v 1.27500021 0.379166842 0.959424198 0.725490212 0.435294122 0.356862754
v -0.206248283 0.458333373 1.03750026 0.675445974 0.45233047 0.406906992
v 1.28969073 0.458333373 0.958333373 0.725490212 0.435294122 0.356862754
v -0.308333278 0.537500262 0.939622283 0.639846802 0.464449316 0.442506135
v 1.2952131 0.537500262 0.958333373 0.725490212 0.435294122 0.356862754
v -0.308333278 0.616666913 0.925429106 0.642930686 0.4633995 0.43942228
v 1.27887785 0.695833564 0.962211013 0.725490212 0.435294122 0.356862754
v 1.23590434 0.775000215 0.998404264 0.725490212 0.435294122 0.356862754
v -0.174294516 0.854166865 0.958333373 0.692990661 0.446357816 0.389362335
v 1.21242595 0.870759249 0.974925816 0.725490212 0.435294122 0.356862754
v -0.0533990711 1.01250017 0.958333373 0.713408947 0.439406872 0.368943989
v 0.0083334446 1.08148944 0.94815594 0.718779147 0.437578738 0.363573819
v 0.0875000954 1.1382767 0.958333373 0.722790003 0.436213315 0.359562933
v 0.992236137 1.12556946 0.992236137 0.725490212 0.435294122 0.356862754
v 0.166666746 1.19016969 0.958333373 0.724691272 0.435566097 0.357661694
v 0.800000072 1.25229037 0.958333373 0.725490212 0.435294122 0.356862754
v 0.90135479 1.19302142 0.980521441 0.725490212 0.435294122 0.356862754
v 0.325000048 1.25673711 0.965070426 0.725490212 0.435294122 0.356862754
v 0.404166818 1.28083158 0.958333373 0.725490212 0.435294122 0.356862754
v 0.483333468 1.27692902 0.985262394 0.725490212 0.435294122 0.356862754
v 0.64166677 1.27522027 0.983553648 0.725490212 0.435294122 0.356862754
v 0.720833421 1.26618075 0.974514067 0.725490212 0.435294122 0.356862754
v 0.404166818 -0.108399659 1.11666691 0.697065234 0.444970697 0.385287702
v 0.483333468 -0.120797493 1.11666691 0.697250962 0.444907486 0.385101974
v 0.110741645 -0.0725916326 1.03750026 0.675398052 0.452346772 0.406954914
v 0.879166842 -0.0883321837 1.03750026 0.708836734 0.440963387 0.373516232
v -0.0152802542 0.038886454 1.03750026 0.675370097 0.452356279 0.406982869
v 0.965277195 -0.0166665316 1.04444408 0.716929913 0.438208282 0.365423083
v 1.04555762 0.0625001192 1.04555762 0.721912503 0.436512053 0.360440463
v 1.11590838 0.140908211 1.03674173 0.724322855 0.435691535 0.358030111
v 1.17761636 0.220833421 1.01928294 0.725293517 0.435361087 0.357059419
v 1.21254849 0.379166842 1.05421519 0.725490212 0.435294122 0.356862754
v 1.22140241 0.458333373 1.06306911 0.725490212 0.435294122 0.356862754
v 1.25600696 0.616666913 1.01850688 0.725490212 0.435294122 0.356862754
v 1.22488451 0.537500262 1.06655121 0.725490212 0.435294122 0.356862754
v 1.21593451 0.695833564 1.05760121 0.725490212 0.435294122 0.356862754
v -0.0708333254 0.775000215 1.11087275 0.710264802 0.440477252 0.372088194
v -0.104161024 0.854166865 1.03750026 0.706380904 0.441799402 0.375972062
v 1.14209485 0.879594743 1.0629282 0.725490212 0.435294122 0.356862754
v 1.09983647 0.995669723 1.0206697 0.725490212 0.435294122 0.356862754
v 0.0083334446 1.00069916 1.03750026 0.718871534 0.437547296 0.363481432
v 0.0875000954 1.07447779 1.03750026 0.722889185 0.436179578 0.359463751
v 0.958333373 1.10337043 1.04920387 0.725490212 0.435294122 0.356862754
v 0.995182395 1.04934907 1.07434916 0.725490212 0.435294122 0.356862754
v 0.166666746 1.11325562 1.05908906 0.724769831 0.435539365 0.357583165
v 0.245833397 1.17632639 1.03750026 0.725418448 0.435318559 0.356934547
v 0.879166842 1.16336918 1.03750026 0.725490212 0.435294122 0.356862754
v 0.325000048 1.20847988 1.03750026 0.725490212 0.435294122 0.356862754
v 0.404166818 1.230546 1.03750026 0.725490212 0.435294122 0.356862754
v 0.483333468 1.21211123 1.07877803 0.725490212 0.435294122 0.356862754
v 0.562500119 1.27877545 0.987108707 0.725490212 0.435294122 0.356862754
v 0.64166677 1.21043968 1.07710648 0.725490212 0.435294122 0.356862754
v 0.747234285 1.19723439 1.06390119 0.725490212 0.435294122 0.356862754
v 0.813304782 1.18413818 1.05080497 0.725490212 0.435294122 0.356862754
v 0.562500119 -0.121310502 1.11666691 0.699137211 0.444265366 0.383215755
v 0.64166677 -0.109941453 1.11666691 0.702751517 0.443034947 0.379601449
v 0.22289747 -0.0396024622 1.11666691 0.697078645 0.444966137 0.385274321
v 0.800000072 -0.0519978404 1.11666691 0.712697387 0.439649105 0.369655579
v 0.12812157 0.0239549465 1.11666691 0.697070658 0.444968879 0.385282308
v 0.879166842 -0.0166665316 1.10595548 0.716618776 0.43831417 0.36573416
v 0.958333373 0.0584045574 1.11666691 0.721631289 0.436607778 0.360721648
v -0.0210455954 0.191454425 1.11666691 0.697076499 0.444966882 0.385276467
v 1.03750026 0.142873421 1.11666691 0.724361897 0.435678214 0.35799104
v 1.10417354 0.220833421 1.10417354 0.725311637 0.435354888 0.357041299
v -0.0762885883 0.300000072 1.11666691 0.69706732 0.444970012 0.385285646
v 1.12441838 0.300000072 1.12441838 0.725490212 0.435294122 0.356862754
v -0.118051164 0.458333373 1.11666691 0.697081089 0.444965303 0.385271847
v 1.17644823 0.458333373 1.11666691 0.725490212 0.435294122 0.356862754
v 1.09781468 0.379166842 1.17698133 0.725490212 0.435294122 0.356862754
v -0.122421689 0.537500262 1.11666691 0.698337197 0.444537699 0.384015739
v 1.15097547 0.537500262 1.15097547 0.725490212 0.435294122 0.356862754
v -0.114750303 0.616666913 1.11666691 0.701460779 0.443474352 0.380892187
v 1.1491816 0.616666913 1.1491816 0.725490212 0.435294122 0.356862754
v -0.0954247713 0.695833564 1.11666691 0.70592761 0.441953748 0.376425385
v 1.12955356 0.775000215 1.12955356 0.725490212 0.435294122 0.356862754
v 0.0083334446 0.869817436 1.13231742 0.718475699 0.437682033 0.363877237
v 1.0629282 0.879594743 1.14209485 0.725490212 0.435294122 0.356862754
v 0.0370836258 0.933333516 1.11666691 0.720500708 0.436992675 0.361852258
v 0.0875000954 1.01250017 1.09665227 0.722871125 0.436185718 0.359481841
v 0.989501774 0.964501858 1.14783525 0.725490212 0.435294122 0.356862754
v 0.166666746 1.03225768 1.13642442 0.724758029 0.435543388 0.357594967
v 0.245833397 1.09860337 1.12360346 0.725426316 0.435315877 0.35692665
v 0.879166842 1.09166682 1.11633086 0.725490212 0.435294122 0.356862754
v 0.325000048 1.15598655 1.10181999 0.725490212 0.435294122 0.356862754
v 0.800000072 1.06989777 1.17406452 0.725490212 0.435294122 0.356862754
v 0.404166818 1.17083347 1.11176705 0.725490212 0.435294122 0.356862754
v 0.325000048 0.0209409557 1.19583356 0.71170032 0.439988554 0.370652646
v 0.404166818 -0.0166665316 1.18851197 0.710577428 0.440370828 0.371775538
v 0.483333468 -0.0166665316 1.19921303 0.712257445 0.439798892 0.370095521
v 0.64166677 -0.012558734 1.19583356 0.714949608 0.438882411 0.367403388
v 0.720833421 0.0112975761 1.19583356 0.717677951 0.437953621 0.364675015
v 0.199104875 0.0949382484 1.19583356 0.711723685 0.439980626 0.370629311
v 0.861378551 0.0625001192 1.17804527 0.721506357 0.436650336 0.360846639
v 0.117467396 0.171634063 1.19583356 0.711721003 0.43998152 0.370631963
v 0.958333373 0.14166677 1.17509401 0.724255502 0.435714453 0.358097464
v 0.89543885 0.14166677 1.21210563 0.724142432 0.435752928 0.358210534
v 0.972562611 0.220833421 1.21006274 0.725269496 0.435369253 0.35708347
v 1.01928294 0.220833421 1.17761624 0.725293517 0.435361087 0.357059419
v 0.0083334446 0.300000072 1.17972195 0.709215879 0.440834314 0.373137057
v 1.04024851 0.302748352 1.19858181 0.725490212 0.435294122 0.356862754
v 0.0875000954 0.458333373 1.26461005 0.719725013 0.437256753 0.362627983
v 1.10662937 0.458333373 1.18579602 0.725490212 0.435294122 0.356862754
v 0.0083334446 0.537500262 1.2187475 0.715422034 0.438721567 0.366930902
v 1.03750026 0.458333373 1.23986101 0.725490212 0.435294122 0.356862754
v 0.0083334446 0.616666913 1.21416819 0.716416776 0.438382953 0.36593619
v 1.03750026 0.616666913 1.24273634 0.725490212 0.435294122 0.356862754
v 1.06655121 0.537500262 1.22488451 0.725490212 0.435294122 0.356862754
v 0.0083334446 0.695833564 1.20039082 0.717240691 0.438102484 0.365112275
v 1.05760121 0.695833564 1.21593451 0.725490212 0.435294122 0.356862754
v 1.14209604 0.695833564 1.14209604 0.725490212 0.435294122 0.356862754
v 0.0083334446 0.775000215 1.17613244 0.717894912 0.437879741 0.364458054
v 0.0875000954 0.775000215 1.23087978 0.722162604 0.436426938 0.360190362
v 1.04496539 0.775000215 1.20329869 0.725490212 0.435294122 0.356862754
v 0.0875000954 0.854166865 1.19923449 0.722500265 0.43631196 0.359852701
v 0.974925816 0.870759249 1.21242595 0.725490212 0.435294122 0.356862754
v 0.166666746 0.933333516 1.20565856 0.724658489 0.435577244 0.357694447
v 0.947301686 0.933333516 1.19583356 0.725490212 0.435294122 0.356862754
v 0.245833397 1.01148427 1.19583356 0.725411892 0.435320795 0.356941074
v 0.815493703 1.01250017 1.2113272 0.725490212 0.435294122 0.356862754
v 0.325000048 1.07509744 1.17926419 0.725490212 0.435294122 0.356862754
v 0.404166818 1.04325807 1.22659147 0.725490212 0.435294122 0.356862754
v 0.483333468 1.13655019 1.16155028 0.725490212 0.435294122 0.356862754
v 0.562500119 1.10212803 1.19583356 0.725490212 0.435294122 0.356862754
v 0.64166677 1.13488877 1.15988886 0.725490212 0.435294122 0.356862754
v 0.64166677 1.04875004 1.23208344 0.725490212 0.435294122 0.356862754
v 0.720833421 1.0843612 1.18852794 0.725490212 0.435294122 0.356862754
v 0.483333468 0.0625001192 1.25197959 0.718608975 0.437636673 0.363743991
v 0.562500119 0.0625001192 1.25390291 0.719469547 0.437343717 0.362883389
v 0.325000048 0.14166677 1.26775193 0.719995618 0.437164605 0.362357348
v 0.404166818 0.14166677 1.28605509 0.721465468 0.436664224 0.360887468
v 0.562500119 0.14166677 1.29855013 0.722791851 0.436212718 0.359561116
v 0.720833421 0.14166677 1.2780112 0.723608613 0.435934663 0.358744353
v 0.800000072 0.14166677 1.25415242 0.723892212 0.435838103 0.358460754
v 0.250362545 0.220833421 1.27952933 0.720985055 0.436827779 0.361367881
v 0.169697136 0.303030461 1.27500021 0.72061336 0.436954319 0.361739606
v 0.81327939 0.220833421 1.28827953 0.72510612 0.435424864 0.357246876
v 0.0875000954 0.379166842 1.25143301 0.718486547 0.437678337 0.363866419
v 0.958333373 0.300000072 1.25202584 0.725490212 0.435294151 0.356862783
v 0.959865868 0.380699337 1.27500021 0.725490212 0.435294122 0.356862754
v 0.958333373 0.458333373 1.28969073 0.725490212 0.435294122 0.356862754
v 0.0875000954 0.537500262 1.26938105 0.720526934 0.436983764 0.361826062
v 0.166666746 0.537500262 1.31099594 0.723322809 0.436031967 0.359030157
v 0.0875000954 0.616666913 1.26548421 0.721188545 0.436758518 0.361164391
v 0.958333373 0.616666913 1.29234505 0.725490212 0.435294122 0.356862754
v 0.166666746 0.695833564 1.29609311 0.724066615 0.435778737 0.358286351
v 0.168396428 0.775000215 1.27672994 0.724354804 0.435680628 0.357998163
v 0.949132979 0.775000215 1.26579976 0.725490212 0.435294122 0.356862754
v 0.909976184 0.695833564 1.30580962 0.725490212 0.435294122 0.356862754
v 0.166666746 0.854166865 1.24595332 0.724518657 0.435624897 0.357834339
v 0.245833397 0.859939158 1.28077245 0.725329041 0.435348988 0.357023895
v 0.877231479 0.854166865 1.27306485 0.725490212 0.435294122 0.356862754
v 0.325000048 0.933333516 1.27451301 0.725490212 0.435294122 0.356862754
v 0.325000048 1.03055537 1.21388876 0.725490212 0.435294122 0.356862754
v 0.404166818 0.946040809 1.28770757 0.725490212 0.435294122 0.356862754
v 0.483333468 1.01250017 1.25981724 0.725490212 0.435294122 0.356862754
v 0.562500119 0.933333516 1.30834782 0.725490212 0.435294122 0.356862754
v 0.64166677 1.00165093 1.26415098 0.725490212 0.435294122 0.356862754
v 0.800000072 0.933333516 1.26614463 0.725490212 0.435294122 0.356862754
v 0.483333468 0.220833421 1.33230686 0.724142194 0.435752988 0.358210742
v 0.325000048 0.220833421 1.30395734 0.72267127 0.436253756 0.359681696
v 0.404166818 0.220833421 1.32202137 0.723655343 0.435918778 0.358697653
v 0.64166677 0.220833421 1.32904434 0.724741578 0.435548991 0.357611418
v 0.720833421 0.220833421 1.31530368 0.724939525 0.435481608 0.357413441
v 0.325000048 0.300000072 1.33213449 0.724109054 0.435764313 0.358243912
v 0.404166818 0.379166842 1.37004197 0.725227475 0.435383558 0.357125491
v 0.562500119 0.300000072 1.36258841 0.725217521 0.435386956 0.357135445
v 0.720833421 0.300000072 1.34426284 0.7254197 0.435318112 0.356933266
v 0.835222363 0.300000072 1.31022251 0.725475907 0.435298979 0.356877029
v 0.245833397 0.379166842 1.32687962 0.723881841 0.43584168 0.358471155
v 0.325000048 0.379166842 1.35244274 0.724819005 0.435522616 0.357533962
v 0.800000072 0.379166842 1.34418023 0.725490212 0.435294122 0.356862754
v 0.245833397 0.458333373 1.33959377 0.724401951 0.435664594 0.357950985
v 0.325000048 0.458333373 1.36491346 0.725129128 0.435417056 0.357223809
v 0.860624313 0.458333373 1.33562434 0.725490212 0.435294122 0.356862754
v 0.245833397 0.537500262 1.34446764 0.724709749 0.435559809 0.357643217
v 0.325000048 0.537500262 1.3697685 0.725291669 0.435361713 0.357061297
v 0.919383585 0.537500262 1.31521702 0.725490212 0.435294122 0.356862754
v 0.800000072 0.5453704 1.36203706 0.725490212 0.435294122 0.356862754
v 0.245833397 0.695833564 1.33051121 0.725114942 0.435421884 0.357238024
v 0.879166842 0.616666913 1.33070028 0.725490212 0.435294122 0.356862754
v 0.804133296 0.616666913 1.35830009 0.725490212 0.435294122 0.356862754
v 0.800000072 0.695833564 1.34917843 0.725490212 0.435294122 0.356862754
v 0.720833421 0.695833564 1.36974561 0.725490212 0.435294122 0.356862754
v 0.245833397 0.775000215 1.31126142 0.725238681 0.435379744 0.357114285
v 0.328125715 0.695833564 1.35729253 0.725462437 0.435303569 0.356890559
v 0.840869367 0.775000215 1.31586945 0.725490212 0.435294122 0.356862754
v 0.64166677 0.775000215 1.36450446 0.725490212 0.435294122 0.356862754
v 0.325000048 0.854166865 1.31095433 0.725490212 0.435294122 0.356862754
v 0.404166818 0.836545229 1.33654523 0.725490212 0.435294122 0.356862754
v 0.404166818 0.695833564 1.37455904 0.725490212 0.435294122 0.356862754
v 0.800000072 0.854166865 1.3031143 0.725490212 0.435294122 0.356862754
v 0.720833421 0.854166865 1.32494938 0.725490212 0.435294122 0.356862754
v 0.483333468 0.775000215 1.36692691 0.725490212 0.435294122 0.356862754
v 0.483333468 0.933333516 1.30551648 0.725490212 0.435294122 0.356862754
v 0.551478386 0.854166865 1.34314513 0.725490212 0.435294122 0.356862754
v 0.64166677 0.933333516 1.30289567 0.725490212 0.435294122 0.356862754
v 0.64166677 0.379166842 1.37755787 0.725487947 0.435294896 0.356865048
v 0.483333468 0.379166842 1.38006663 0.725381613 0.435331106 0.356971353
v 0.562500119 0.379166842 1.38256443 0.72545743 0.435305297 0.356895566
v 0.720833421 0.379166842 1.3649087 0.725490212 0.435294122 0.356862754
v 0.483333468 0.458333373 1.39240789 0.725476265 0.43529886 0.356876731
v 0.64166677 0.458333373 1.39003491 0.725490212 0.435294122 0.356862754
v 0.720833421 0.458333373 1.37755525 0.725490212 0.435294122 0.356862754
v 0.483333468 0.537500262 1.39728355 0.725490212 0.435294122 0.356862754
v 0.64166677 0.537500262 1.3949393 0.725490212 0.435294122 0.356862754
v 0.720833421 0.537500262 1.38252783 0.725490212 0.435294122 0.356862754
v 0.562500119 0.616666913 1.39728355 0.725490212 0.435294122 0.356862754
v 0.64166677 0.616666913 1.3923924 0.725490212 0.435294122 0.356862754
v 0.720833421 0.616666913 1.3799454 0.725490212 0.435294122 0.356862754
v 0.483333468 0.695833564 1.38470733 0.725490212 0.435294122 0.356862754
v 0.562500119 0.695833564 1.38727641 0.725490212 0.435294122 0.356862754
vn 0.146813884 -0.100155592 -0.984080553
vn -0.0159059167 -0.087511152 -0.99603653
vn 0.106841996 -0.0915842652 -0.990049005
vn -0.0305123962 -0.0855270252 -0.995868444
vn 0.412271768 -0.108905651 -0.904528379
vn -0.0584339537 -0.0472424477 -0.997172832
vn -0.0659539849 -0.0543128364 -0.996343434
vn -0.0440976322 -0.0706296191 -0.996527374
vn 0.366613954 -0.0835257024 -0.926616251
vn 0.0847102106 0.00213555153 -0.996403337
vn 0.546021461 -0.00782518089 -0.83773458
vn -0.092615217 0.0307095312 -0.99522835
vn -0.0358978547 0.00332456711 -0.999349952
vn 0.333006233 -0.000918954727 -0.942924142
vn -0.110687368 0.351398766 -0.929659724
vn -0.0928513631 0.299494565 -0.949569166
vn 0.0807658732 0.255812556 -0.96334672
vn 0.323052645 0.244660154 -0.914209247
vn 0.530904293 0.223012 -0.817561209
vn -0.0885008126 0.523035228 -0.847703815
vn 0.071167469 0.480913609 -0.873874962
vn 0.300686747 0.462034792 -0.834332883
vn -0.111508213 -0.781153381 -0.614300728
vn -0.298054457 -0.466892391 -0.832571387
vn -0.111951202 -0.497337461 -0.86030364
vn -0.679190814 -0.278207958 -0.679190814
vn -0.354896396 -0.28242752 -0.891225696
vn -0.111661389 -0.278743774 -0.953851998
vn 0.202542961 -0.3012169 -0.931796491
vn 0.204642579 -0.76588577 -0.609541178
vn 0.205052957 -0.50102371 -0.840790391
vn 0.698714316 -0.31389147 -0.642861068
vn -0.707106769 -0.000335209945 -0.707106769
vn -0.387778878 -0.000260729226 -0.921752334
vn -0.111142807 -7.44924982e-05 -0.993804395
vn -0.0249206219 -0.0475709923 -0.998556912
vn -0.0264877006 -0.0199339818 -0.999450386
vn 0.565515161 -0.108935811 -0.817511857
vn 0.755284786 -0.13027449 -0.642318785
vn -0.149410754 0.0465415269 -0.987679243
vn -0.411753803 0.0484350622 -0.910007119
vn -0.706272721 0.0485563911 -0.706272721
vn 0.745148361 -0.158235818 -0.647854328
vn 0.616897821 -0.113642834 -0.778795481
vn -0.91000706 0.0484350584 -0.411753774
vn 0.717998505 -0.102571219 -0.688445568
vn 0.709699452 -0.00220928225 -0.704501152
vn -0.594737828 0.540900886 -0.594737828
vn -0.159925461 0.530865312 -0.832229495
vn 0.677417397 0.185463116 -0.711835027
vn -0.171539828 0.738429487 -0.652147293
vn -0.142833054 0.756011009 -0.638784885
vn -0.129083559 0.606771708 -0.784324884
vn 0.524465442 0.45762223 -0.717995763
vn 0.612700462 0.333834797 -0.716346562
vn -0.152459353 0.736618936 -0.658899605
vn -0.063434884 0.712053359 -0.699253917
vn 0.0452497788 0.706252337 -0.70651263
vn 0.282595843 0.639508426 -0.714960515
vn 0.4147695 0.559645712 -0.717469871
vn -0.111217976 -0.98755306 -0.111217976
vn -0.257068336 -0.959816098 -0.112555854
vn -0.0065739532 -0.988978267 -0.147915125
vn 0.199928507 -0.968091965 -0.151084781
vn 0.680526197 -0.713301778 -0.167585075
vn -0.614339232 -0.781117737 -0.111545682
vn -0.832571387 -0.466892391 -0.298054457
vn -0.516253173 -0.683348536 -0.516253173
vn -0.86030364 -0.497337461 -0.111951202
vn -0.953851998 -0.278743774 -0.111661389
vn -0.891225696 -0.28242752 -0.354896396
vn 0.703507125 -0.575175285 -0.417434007
vn 0.918858111 -0.342918009 -0.195210174
vn -0.921752334 -0.000260729226 -0.387778878
vn -0.993804395 -7.44924982e-05 -0.111142807
vn -0.993254423 -0.00320176734 -0.115911022
vn 0.910480082 -0.207088679 -0.35796693
vn 0.864627481 -0.221938103 -0.450735897
vn 0.757050812 -0.168356985 -0.631292403
vn 0.743435025 -0.0548764989 -0.66655314
vn -0.987674534 0.0465053618 -0.149453476
vn -0.832219303 0.530866623 -0.159974337
vn 0.727174103 0.0966821462 -0.67961055
vn -0.652135015 0.738440275 -0.171539664
vn -0.208000258 0.955757141 -0.208000258
vn 0.681068182 0.245950207 -0.689677179
vn -0.194732293 0.92463398 -0.327309221
vn -0.22085245 0.857254982 -0.465121508
vn 0.529434562 0.48204574 -0.698090971
vn -0.150781006 0.749218941 -0.644931078
vn 0.143962726 0.715970993 -0.683125317
vn 0.364892632 0.619121492 -0.695371807
vn 0 -1 0
vn 0 -1 0
vn -0.0182071365 -0.999152422 -0.0369169898
vn -0.0188067909 -0.998761356 -0.0460647941
vn 0.172887236 -0.981406689 -0.0833716765
vn 0.621509671 -0.778122544 -0.0908346102
vn 0.907225132 -0.392025232 -0.15250814
vn 0.948217869 -0.217750564 -0.231230631
vn 0.924965024 -0.247385353 -0.288513839
vn 0.86718297 -0.281514674 -0.410783589
vn 0.786605775 -0.24288477 -0.567678034
vn -0.998422623 -0.0277342256 -0.0488160327
vn -0.929659724 0.351398766 -0.110687368
vn -0.284501761 0.943237782 -0.17135106
vn -0.249111742 0.941288173 -0.227859184
vn -0.286629766 0.91415906 -0.286629766
vn -0.255149245 0.916835725 -0.30710122
vn -0.274305493 0.888847888 -0.367023051
vn 0.600258291 0.393544406 -0.696285009
vn -0.28270185 0.859212756 -0.426419079
vn -0.267442733 0.809026241 -0.523403168
vn -0.235802203 0.782387376 -0.576426387
vn -0.00666930713 0.741389394 -0.671041906
vn 0.265350908 0.672490954 -0.690901577
vn 0 -1 0
vn -0.00511913514 -0.999971032 -0.00563762709
vn 0.473104149 7.4516327e-05 0.881006539
vn 0.455213457 7.45152138e-05 0.89038229
vn 0.420338333 7.45148645e-05 0.907367468
vn 0.307227015 7.4515403e-05 0.951636255
vn -0.0235474352 0 0.999722719
vn -0.244796842 -7.45195866e-05 0.969574332
vn -0.476302356 -0.000149030777 0.87928158
vn -0.0244289879 -0.997322559 -0.0689258352
vn -0.0224530343 -0.998011768 -0.0588930324
vn -0.0260929707 -0.997524321 -0.0653014332
vn -0.0252743699 -0.996671855 -0.0775007606
vn 0.420338333 7.45148645e-05 0.907367468
vn 0.455213457 7.45152138e-05 0.89038229
vn 0.468839228 0.000149027095 0.883283556
vn 0.307227015 7.4515403e-05 0.951636255
vn 0.202388763 0 0.979305267
vn -0.0238453355 0 0.999715686
vn -0.244796842 -7.45195866e-05 0.969574332
vn -0.25011912 -7.45067373e-05 0.968215048
vn -0.25011912 -7.45067373e-05 0.968215048
vn -0.0238453355 0 0.999715686
vn -0.476302356 -0.000149030777 0.87928158
vn 0.892605662 -0.308169484 -0.329069644
vn -0.998557031 -0.0475830808 -0.0248940978
vn 0.202388763 0 0.979305267
vn 0.42875886 0.000149029845 0.903418899
vn -0.476302356 -0.000149030777 0.87928158
vn 0.766408563 -0.317332655 -0.558496118
vn -0.25011912 -7.45067373e-05 0.968215048
vn 0.73410207 -0.243259937 -0.633970618
vn -0.995232701 0.0307697691 -0.0925478339
vn -0.0238453355 0 0.999715686
vn 0.722148418 -0.135256201 -0.678385854
vn 0.202388763 0 0.979305267
vn 0.282948911 7.451907e-05 0.959134936
vn -0.25011912 -7.45067373e-05 0.968215048
vn -0.472632855 -7.45125071e-05 0.881259441
vn 0.727123618 -0.0786321089 -0.681988478
vn 0.428067148 7.45112484e-05 0.903746963
vn -0.02376909 7.45112484e-05 0.999717474
vn 0.722266793 0.0300311167 -0.690962136
vn -0.638784826 0.75601095 -0.142833039
vn 0.468839228 0.000149027095 0.883283556
vn 0.449893951 0.000149020852 0.893081963
vn 0.706355572 0.133940414 -0.69506973
vn -0.291029602 0.897029459 -0.332625836
vn -0.304306895 0.896943688 -0.320763707
vn 0.428067148 7.45112484e-05 0.903746963
vn 0.449893951 0.000149020852 0.893081963
vn 0.468839228 0.000149027095 0.883283556
vn 0.517341912 0.000223538213 0.855778754
vn -0.290984511 0.879531622 -0.376499891
vn -0.278172463 0.884914279 -0.373559654
vn 0.19485496 7.45143261e-05 0.98083204
vn 0.121319428 0 0.992613494
vn 0.64715302 0.266973734 -0.7140854
vn -0.316699594 0.882071078 -0.348786294
vn -0.284101188 0.882350922 -0.375158042
vn -0.322983921 0.873108149 -0.36518985
vn -0.300541669 0.846708119 -0.439044595
vn -0.281552494 0.881834567 -0.378280401
vn 0.121319428 0 0.992613494
vn 0.562406123 0.404992253 -0.720888793
vn -0.472632855 -7.45125071e-05 0.881259441
vn -0.227946267 0.731049478 -0.643122911
vn -0.116655514 0.721445262 -0.682574689
vn 0.446540177 0.528905809 -0.721706629
vn 0.174833983 0.689487815 -0.702879548
vn 0.269537121 0.661384225 -0.699943244
vn -0.00563762709 -0.999971032 -0.00511913514
vn 0.707106769 7.45185753e-05 0.707106769
vn 0.758029699 0.000223541647 0.652220011
vn 0.652220011 0.000223541647 0.758029699
vn -0.701196134 -0.000223524432 0.712968409
vn -0.0289460123 -0.996136665 -0.0829092711
vn -0.0249171201 -0.995960116 -0.0862706453
vn -0.026319474 -0.994834483 -0.0980395675
vn 0.548884511 -0.828413129 -0.111613207
vn 0.658373356 -0.740922034 -0.132586479
vn 0.707106769 7.45185753e-05 0.707106769
vn 0.707106769 7.45028738e-05 0.707106769
vn 0.873241842 -0.44880116 -0.189805999
vn 0.893627465 -0.33657223 -0.296899199
vn -0.754847646 -7.45087018e-05 0.655900121
vn 0.855971217 -0.371149421 -0.35994637
vn 0.584897339 0.000149018437 0.811107337
vn 0.817102313 -0.392648518 -0.422103167
vn 0.707106769 7.45028738e-05 0.707106769
vn 0.737089753 -0.359633207 -0.572156072
vn -0.703895569 -0.000223529889 0.710303426
vn -0.754847646 -7.45087018e-05 0.655900121
vn 0.726932585 -0.23833923 -0.644021273
vn -0.995317161 0.0136251561 -0.0956975743
vn 0.811107337 0.000149018437 0.584897339
vn 0.811107337 0.000149018437 0.584897339
vn 0.584897339 0.000149018437 0.811107337
vn -0.754847646 -7.45087018e-05 0.655900121
vn 0.707106769 7.45028738e-05 0.707106769
vn 0.754291058 0.000149010477 0.656540155
vn 0.707106769 0.000149021449 0.707106769
vn 0.656540155 0.000149010477 0.754291058
vn -0.30710122 0.916835725 -0.255149245
vn -0.332625836 0.897029459 -0.291029602
vn -0.320763707 0.896943688 -0.304306895
vn 0.656540155 0.000149010477 0.754291058
vn 0.707106769 0.000149021449 0.707106769
vn 0.754291058 0.000149010477 0.656540155
vn -0.348901302 0.87926805 -0.324276954
vn -0.324276954 0.87926805 -0.348901302
vn -0.321136802 0.878350317 -0.354078859
vn -0.348786294 0.882071078 -0.316699594
vn -0.331847519 0.873138189 -0.357081056
vn -0.357081056 0.873138189 -0.331847519
vn -0.754847646 -7.45087018e-05 0.655900121
vn -0.68991375 -7.45127763e-05 0.723891616
vn 0.570525944 0.433852941 -0.697331846
vn -0.68991375 -7.45127763e-05 0.723891616
vn 0.468611896 0.539851308 -0.699259222
vn -0.192878589 0.718684793 -0.668049395
vn -0.0502268896 0.742058873 -0.668450296
vn 0.05070135 0.739249051 -0.67152077
vn -0.147906691 -0.988979459 -0.00658275466
vn -0.00337816961 -0.999991179 -0.00251766527
vn 0.89038229 7.45152138e-05 0.455213457
vn 0.907367468 7.45148645e-05 0.420338333
vn 0.881006539 7.4516327e-05 0.473104149
vn -0.907926679 -0.000223535491 0.419129044
vn -0.881669283 -7.45093639e-05 0.4718678
vn -0.889972568 -0.000149024199 0.456014067
vn -0.0286723413 -0.994999766 -0.0956728756
vn -0.0238691736 -0.99556905 -0.0909526572
vn -0.609528184 -0.765899718 0.204629317
vn 0.881006539 7.4516327e-05 0.473104149
vn 0.89038229 7.45152138e-05 0.455213457
vn 0.907367468 7.45148645e-05 0.420338333
vn -0.954281688 -0.298850685 -0.00587977283
vn 0.861019671 -0.398396641 -0.316109627
vn -0.903361261 -0.000149020329 0.428880513
vn 0.77906847 -0.451114058 -0.435371518
vn 0.903418958 0.00014902986 0.428758889
vn -0.995672226 -0.0576210469 -0.0729154646
vn -0.903361261 -0.000149020329 0.428880513
vn 0.747676909 -0.450330943 -0.488038182
vn 0.718922853 -0.397321105 -0.570338249
vn -0.903361261 -0.000149020329 0.428880513
vn 0.896119714 0.000149030384 0.44381249
vn 0.757305562 -0.165295288 -0.631795645
vn 0.883283556 0.000149027095 0.468839228
vn 0.903746963 7.45112484e-05 0.428067148
vn 0.754627049 0.0143611412 -0.65599674
vn 0.893081963 0.000149020852 0.449893951
vn -0.903361261 -0.000149020329 0.428880513
vn 0.745441973 0.112087689 -0.657078862
vn -0.415644079 0.882355988 -0.220653445
vn -0.375158012 0.882350802 -0.284101158
vn 0.883283556 0.000149027095 0.468839228
vn 0.893081963 0.000149020852 0.449893951
vn 0.903746963 7.45112484e-05 0.428067148
vn -0.376656979 0.879495084 -0.290891498
vn -0.354078859 0.878350317 -0.321136802
vn 0.731228948 0.206054047 -0.650266111
vn -0.36518985 0.873108149 -0.322983921
vn -0.856175184 -0.000149029627 0.516685724
vn 0.657334149 0.319977552 -0.682294846
vn -0.903361261 -0.000149020329 0.428880513
vn 0.632235229 0.403480172 -0.661424518
vn 0.539451718 0.507725656 -0.671719134
vn -0.879646659 -0.000223544266 0.475627661
vn -0.204900488 0.71946311 -0.66361779
vn 0.437069088 0.604042709 -0.666410506
vn -0.907926679 -0.000223535491 0.419129044
vn -0.138185486 0.745617926 -0.65188849
vn -0.173585936 0.731313586 -0.659582019
vn 0.241317317 0.708926976 -0.662712991
vn 0.951636255 7.4515403e-05 0.307227015
vn -0.979293525 -7.45106518e-05 0.202445447
vn -0.979293525 -7.45106518e-05 0.202445447
vn 0.951636255 7.4515403e-05 0.307227015
vn 0.994313955 7.45195211e-05 0.106488392
vn 0.979305267 0 0.202388763
vn -0.979293525 -7.45106518e-05 0.202445447
vn 0.815552235 -0.546307862 -0.190846607
vn 0.873220801 -0.409387827 -0.26436162
vn 0.979305267 0 0.202388763
vn 0.756621718 -0.542322755 -0.365252882
vn -0.996597946 -0.0694777668 -0.0443340205
vn -0.979293525 -7.45106518e-05 0.202445447
vn 0.728939891 -0.548451126 -0.409692556
vn 0.72683847 -0.460731864 -0.509344518
vn 0.979305267 0 0.202388763
vn 0.757269323 -0.298321813 -0.580988228
vn 0.757374585 -0.347130418 -0.553067982
vn 0.809855461 -0.176240623 -0.559529603
vn 0.959134936 7.451907e-05 0.282948911
vn -0.979293525 -7.45106518e-05 0.202445447
vn -0.784324825 0.606771648 -0.129083544
vn -0.649581969 0.743674934 -0.158084676
vn -0.373559654 0.884914279 -0.278172463
vn 0.98083204 7.45143261e-05 0.19485496
vn -0.426419079 0.859212756 -0.28270185
vn -0.439044595 0.846708119 -0.300541669
vn -0.979293525 -7.45106518e-05 0.202445447
vn 0.714827657 0.295752108 -0.633681357
vn -0.979980052 0 0.199095696
vn -0.979980052 0 0.199095696
vn -0.188374266 0.745670199 -0.639133036
vn 0.32760182 0.69602561 -0.638925135
vn 0.414542377 0.671846509 -0.613821566
vn -0.144742921 0.774035394 -0.616375387
vn -0.0598585606 0.788962781 -0.611518323
vn 0.0301463045 0.820608079 -0.570695639
vn 0.1310101 0.778051734 -0.614387274
vn -0.0369312018 -0.999152184 -0.0181920938
vn 0.999722719 0 -0.0235474352
vn -0.999715686 0 -0.0238453355
vn 0.676203072 -0.723870456 -0.136970952
vn 0.377259612 -0.921551824 -0.0917470306
vn 0.999715686 0 -0.0238453355
vn -0.997101665 -0.0750619769 -0.0124079231
vn -0.999715686 0 -0.0238453355
vn 0.999715686 0 -0.0238453355
vn 0.772511899 -0.562492251 -0.294665605
vn -0.999715686 0 -0.0238453355
vn 0.726790547 -0.530427277 -0.436374217
vn 0.758253038 -0.473060042 -0.448627353
vn 0.819744885 -0.0941726863 -0.564933419
vn -0.957038105 0.280017942 -0.0752859563
vn -0.999715686 0 -0.0238453355
vn 0.821953177 0.000467466045 -0.569554925
vn 0.996243417 0 0.086597465
vn 0.999717474 7.45112484e-05 -0.02376909
vn 0.794980824 0.189011246 -0.576437533
vn 0.992613494 0 0.121319428
vn -0.523379803 0.809068501 -0.267360598
vn 0.992613494 0 0.121319428
vn 0.764384151 0.28308332 -0.579293311
vn -0.999715686 0 -0.0238453355
vn 0.710349023 0.39587903 -0.581965685
vn 0.593548357 0.563713968 -0.574392676
vn -0.988945127 0 0.148282155
vn 0.497666895 0.656707287 -0.566624343
vn -0.993582129 0 0.113113664
vn -0.99973315 0 -0.0231005717
vn -0.99973315 0 -0.0231005717
vn -0.185525268 0.788941026 -0.585792124
vn -0.147212952 0.788744867 -0.596833169
vn 0.218777835 0.786536813 -0.577491164
vn 0.304624081 0.750535071 -0.586431026
vn -0.151100039 0.813341796 -0.561821938
vn 0.969574332 -7.45195866e-05 -0.244796842
vn -0.0326121189 -0.996025264 -0.0828859955
vn -0.96820569 7.45174839e-05 -0.25015521
vn 0.0948167965 -0.992960334 -0.0709902644
vn 0.969574332 -7.45195866e-05 -0.244796842
vn 0.968215048 -7.45067373e-05 -0.25011912
vn 0.968215048 -7.45067373e-05 -0.25011912
vn 0.797900081 -0.559915662 -0.223271072
vn -0.96820569 7.45174839e-05 -0.25015521
vn -0.96820569 7.45174839e-05 -0.25015521
vn 0.968215048 -7.45067373e-05 -0.25011912
vn 0.806069911 -0.389558673 -0.44552815
vn 0.832148373 -0.26361993 -0.487886876
vn -0.96820569 7.45174839e-05 -0.25015521
vn 0.860880852 -0.0980762839 -0.499264628
vn 0.968215048 -7.45067373e-05 -0.25011912
vn 0.864372551 -0.00462720403 -0.502830684
vn -0.860699594 0.504284799 -0.0699500144
vn 0.859150767 0.0778148994 -0.505771518
vn -0.96820569 7.45174839e-05 -0.25015521
vn 0.841660023 0.181533784 -0.508580267
vn -0.635945439 0.755026281 -0.159714431
vn 0.814659476 0.274608195 -0.51080358
vn 0.775789201 0.36776197 -0.512739897
vn 0.723364472 0.460910916 -0.514105916
vn -0.96820569 7.45174839e-05 -0.25015521
vn 0.664697945 0.541436791 -0.514803648
vn 0.573350608 0.637372971 -0.514805555
vn -0.996132731 7.4521784e-05 -0.0878611878
vn 0.409130216 0.754482269 -0.513194859
vn -0.172171623 0.841328084 -0.512370884
vn -0.185155317 0.842381835 -0.506073534
vn -0.181173772 0.849262774 -0.495912105
vn -0.155826151 0.848364949 -0.505959511
vn -0.0684653893 0.863024831 -0.500500381
vn 0.0247631557 0.863390446 -0.503928244
vn 0.210321859 0.837266564 -0.504727066
vn -0.0460477136 -0.998760819 -0.018879313
vn 0.880753338 -7.45201251e-05 -0.473575383
vn -0.0473006889 -0.995690346 -0.0797710046
vn -0.896267474 0.00014903018 -0.443513811
vn 0.590834916 -0.801143706 -0.0953037962
vn -0.896267474 0.00014903018 -0.443513811
vn 0.71985054 -0.649222851 -0.245611385
vn 0.87928158 -0.000149030777 -0.476302356
vn 0.726804972 -0.614619136 -0.306590676
vn 0.757351756 -0.582847118 -0.294461161
vn -0.811046481 0.000223531417 -0.58498168
vn -0.896267474 0.00014903018 -0.443513811
vn 0.806119561 -0.468582898 -0.361388117
vn 0.88710314 -0.187747374 -0.421662241
vn 0.881259441 -7.45125071e-05 -0.472632855
vn 0.899436653 -0.10104198 -0.425210834
vn -0.896267474 0.00014903018 -0.443513811
vn 0.903826237 -0.00824577175 -0.427820235
vn 0.898799121 0.0842680484 -0.430184841
vn -0.674582303 0.726319015 -0.131907105
vn 0.8604002 0.269545496 -0.432500422
vn -0.576426387 0.782387376 -0.235802203
vn -0.933759809 7.4515985e-05 -0.357900262
vn -0.811046481 0.000223531417 -0.58498168
vn 0.881259441 -7.45125071e-05 -0.472632855
vn 0.823671043 0.362731725 -0.435880512
vn 0.77144289 0.462501019 -0.436999768
vn 0.650272131 0.620731533 -0.437993586
vn 0.48478803 0.757373691 -0.437453538
vn 0.552340567 0.709317267 -0.43793714
vn -0.811046481 7.45104699e-05 -0.58498168
vn -0.933759809 7.4515985e-05 -0.357900262
vn -0.22138688 0.850569308 -0.476990312
vn 0.298735678 0.849535882 -0.434794068
vn -0.160919279 0.891741335 -0.422968626
vn -0.0717024058 0.90188247 -0.425989181
vn 0.0207292046 0.903146327 -0.428832054
vn 0.206249237 0.877471685 -0.433018178
vn -0.051089 -0.996362448 -0.0682033002
vn -0.0589293428 -0.998008847 -0.0224881973
vn -0.0689258352 -0.997322559 -0.0244289879
vn -0.0652736276 -0.997525573 -0.0261184927
vn 0.712968409 -0.000223524432 -0.701196134
vn -0.811046481 0.000223531417 -0.58498168
vn -0.707106709 0.000223508614 -0.707106709
vn -0.811046481 0.000223531417 -0.58498168
vn 0.349647343 -0.934634984 -0.0648406148
vn 0.67225647 -0.735451996 -0.084744215
vn -0.840791285 -0.501032472 0.205027759
vn 0.772570193 -0.624276936 -0.115816914
vn 0.655900121 -7.45087018e-05 -0.754847646
vn 0.73131156 -0.66095221 -0.168302268
vn -0.811046481 0.000223531417 -0.58498168
vn -0.702622533 0.000223504147 -0.711562753
vn -0.995868504 -0.0855270326 -0.0305123981
vn 0.710303426 -0.000223529889 -0.703895569
vn 0.870218754 -0.357656151 -0.338823587
vn -0.707106709 0.000223508614 -0.707106709
vn 0.919994295 -0.191787601 -0.341801137
vn -0.999349952 0.00332456711 -0.0358978547
vn 0.710303426 -0.000223529889 -0.703895569
vn -0.811046481 0.000223531417 -0.58498168
vn 0.933100224 -0.103339434 -0.344448745
vn -0.711562753 0.000223504147 -0.702622533
vn 0.933793247 0.0815523416 -0.348395437
vn 0.655900121 -7.45087018e-05 -0.754847646
vn 0.897341192 0.266584963 -0.351725966
vn -0.643122911 0.731049478 -0.227946267
vn 0.723891616 -7.45127763e-05 -0.68991375
vn 0.831060648 0.429259688 -0.353658378
vn 0.723891616 -7.45127763e-05 -0.68991375
vn -0.707106769 7.45028738e-05 -0.707106769
vn 0.759858787 0.545113921 -0.354210943
vn 0.683222473 0.638241351 -0.354760587
vn 0.574947476 0.731649399 -0.366230339
vn 0.467142701 0.810285568 -0.353857487
vn 0.388924986 0.850956321 -0.353002429
vn -0.250528097 0.906872749 -0.338847309
vn -0.164301172 0.924945712 -0.342754483
vn 0.0181804709 0.937652647 -0.347097874
vn 0.110719219 0.93055582 -0.349008858
vn 0.272798687 0.895451009 -0.351778895
vn -0.0682033002 -0.996362448 -0.051089
vn -0.0833266377 -0.981417477 0.172847763
vn -0.0862706453 -0.995960116 -0.0249171201
vn -0.0775007606 -0.996671855 -0.0252743699
vn -0.0829092711 -0.996136665 -0.0289460123
vn 0.655582726 -7.45065045e-05 -0.755123377
vn 0.456014067 -0.000149024199 -0.889972568
vn 0.428880513 -0.000149020329 -0.903361261
vn -0.58498168 0.000223531417 -0.811046481
vn -0.0797710046 -0.995690346 -0.0473006889
vn -0.443513811 0.00014903018 -0.896267474
vn 0.428880513 -0.000149020329 -0.903361261
vn -0.25015521 7.45174839e-05 -0.96820569
vn -0.443513811 0.00014903018 -0.896267474
vn -0.58498168 0.000223531417 -0.811046481
vn 0.758973598 -0.643786311 -0.0974590033
vn 0.428880513 -0.000149020329 -0.903361261
vn -0.443513811 0.00014903018 -0.896267474
vn -0.25015521 7.45174839e-05 -0.96820569
vn 0.757307827 -0.637594759 -0.141271919
vn 0.655900121 -7.45087018e-05 -0.754847646
vn 0.753061414 -0.621443808 -0.216115564
vn 0.806122243 -0.544654489 -0.231340691
vn -0.58498168 0.000223531417 -0.811046481
vn 0.428880513 -0.000149020329 -0.903361261
vn 0.870390713 -0.427424371 -0.244394049
vn 0.925391853 -0.281786919 -0.253468007
vn -0.58498168 0.000223531417 -0.811046481
vn 0.946634889 -0.194978327 -0.256643295
vn -0.25015521 7.45174839e-05 -0.96820569
vn -0.443513811 0.00014903018 -0.896267474
vn 0.97969389 -0.106617451 -0.169801712
vn -0.58498168 0.000223531417 -0.811046481
vn 0.965481222 -0.0128232241 -0.26015687
vn 0.428880513 -0.000149020329 -0.903361261
vn 0.202445447 -7.45106518e-05 -0.979293525
vn -0.25015521 7.45174839e-05 -0.96820569
vn -0.443513811 0.00014903018 -0.896267474
vn 0.961877704 0.0796862319 -0.261612982
vn 0.927390635 0.265125185 -0.263922781
vn -0.699253917 0.712053359 -0.063434884
vn -0.58498168 0.000223531417 -0.811046481
vn 0.475627661 -0.000223544266 -0.879646659
vn 0.85207653 0.450994164 -0.265650034
vn -0.668075025 0.718702734 -0.192722872
vn 0.516685724 -0.000149029627 -0.856175184
vn -0.663763404 0.719362319 -0.204783022
vn -0.58498168 7.45104699e-05 -0.811046481
vn 0.740547001 0.617792904 -0.264427871
vn 0.419129044 -0.000223535491 -0.907926679
vn -0.443513811 0.00014903018 -0.896267474
vn -0.357900262 7.4515985e-05 -0.933759809
vn 0.649276257 0.713041782 -0.264597207
vn -0.357900262 7.4515985e-05 -0.933759809
vn 0.545204699 0.795462549 -0.264558345
vn -0.338847309 0.906872749 -0.250528097
vn -0.289809257 0.922972322 -0.25324446
vn -0.25324446 0.922972322 -0.289809257
vn 0.294480294 0.91693753 -0.269271225
vn 0.387509257 0.883032441 -0.264745861
vn -0.0759694353 0.962794244 -0.259337187
vn 0.108858682 0.958873212 -0.262129724
vn 0.201541886 0.943463624 -0.263167858
vn -0.0828347057 -0.996031284 -0.0325576738
vn 0.0839753971 -0.992923141 0.0839753971
vn -0.100251988 -0.994721949 -0.0218550283
vn -0.0909526572 -0.99556905 -0.0238691736
vn -0.0957247168 -0.99499613 -0.0286259949
vn 0.202445447 -7.45106518e-05 -0.979293525
vn -0.0976856127 -0.9948892 -0.025553206
vn -0.0238453355 0 -0.999715686
vn 0.665290594 -0.744703054 0.0529698022
vn -0.0238453355 0 -0.999715686
vn 0.202445447 -7.45106518e-05 -0.979293525
vn 0.202445447 -7.45106518e-05 -0.979293525
vn -0.0238453355 0 -0.999715686
vn -0.25015521 7.45174839e-05 -0.96820569
vn 0.8060776 -0.587981761 -0.0672039539
vn 0.880182505 -0.447029263 -0.159510776
vn 0.915074408 -0.368705988 -0.163385078
vn 0.95498091 -0.286872119 -0.0756028518
vn -0.0238453355 0 -0.999715686
vn -0.96334672 0.255812556 0.0807658732
vn 0.985220075 -0.0140224202 -0.170718864
vn 0.982015431 0.0787118897 -0.171610653
vn -0.70651263 0.706252337 0.0452497788
vn -0.0238453355 0 -0.999715686
vn 0.970101357 0.171614975 -0.171614975
vn 0.202445447 -7.45106518e-05 -0.979293525
vn -0.682524681 0.721479833 -0.116734408
vn 0.898744285 0.403481364 -0.171643466
vn 0.86804527 0.465827614 -0.171761826
vn -0.0238453355 0 -0.999715686
vn 0.760014474 0.626840651 -0.17160657
vn -0.657500029 0.740933061 -0.136791661
vn -0.659582019 0.731313586 -0.173585936
vn 0.199038684 -7.45184152e-05 -0.979991674
vn -0.63928616 0.745529056 -0.188413292
vn 0.199038684 -7.45184152e-05 -0.979991674
vn 0.148282155 0 -0.988945127
vn 0.148282155 0 -0.988945127
vn -0.25015521 7.45174839e-05 -0.96820569
vn -0.616375387 0.774035394 -0.144742921
vn -0.0231005717 0 -0.99973315
vn 0.113113664 0 -0.993582129
vn -0.59667021 0.788844109 -0.147341698
vn -0.58567965 0.789119065 -0.185122684
vn -0.0231005717 0 -0.99973315
vn -0.0878611878 7.4521784e-05 -0.996132731
vn 0.666811287 0.725222468 -0.171508342
vn -0.561651707 0.813435137 -0.151230395
vn -0.512322307 0.841326654 -0.172323212
vn -0.506112337 0.848247409 -0.155969858
vn -0.495794475 0.849340618 -0.181130812
vn -0.295724213 7.45084908e-05 -0.95527339
vn 0.503468096 0.846762121 -0.171796009
vn 0.61364603 0.770670295 -0.17177321
vn -0.423192739 0.891639769 -0.16089265
vn -0.349656045 0.922403038 -0.164052993
vn 0.31171307 0.934543192 -0.171650797
vn -0.168808028 0.971085906 -0.168808028
vn -0.0773530826 0.982380986 -0.170129746
vn 0.107876666 0.97923404 -0.171649054
vn 0.20110701 0.964419842 -0.171611309
vn -0.0957582369 -0.989204764 0.110924855
vn 0.330692053 -0.940491378 0.0782222375
vn -0.15104498 -0.968099415 0.199922726
vn 0.544398367 -0.836145163 0.0670201853
vn -0.931812525 -0.301155567 0.202560335
vn 0.758128047 -0.651509166 0.0278891623
vn 0.75339371 -0.657568753 0.00106575165
vn 0.727001429 -0.685230613 -0.0439086966
vn -0.984068692 -0.100201808 0.146861583
vn 0.757337153 -0.650766313 -0.0542548485
vn 0.850149989 -0.522233188 -0.0672125369
vn -0.994032204 -0.0601544268 0.0910018906
vn 0.925629556 -0.37124747 -0.0733840913
vn 0.977052927 -0.198638722 -0.0768776983
vn -0.996391058 0.00221028971 0.0848526433
vn 0.991164744 -0.107365504 -0.0778786168
vn 0.999786854 -0.0144508006 0.0147487558
vn -0.873835981 0.480963171 0.0713093728
vn 0.993817091 0.0785102099 -0.0785102099
vn 0.985022485 0.171794116 0.0147507526
vn 0.957876623 0.276276171 -0.0783825591
vn -0.671090782 0.741347194 -0.00644093659
vn -0.693041503 0.720478773 -0.0245709755
vn 0.889058053 0.451010346 -0.0785207972
vn 0.835189998 0.544326305 -0.078527227
vn -0.66474551 0.745261312 -0.0519530959
vn -0.56645292 0.821592212 -0.0641667843
vn 0.678367436 0.730515122 -0.0785195753
vn 0.561519206 0.82373035 -0.0785143599
vn 0.387343168 0.918599248 -0.0783625022
vn -0.3452411 0.93557626 -0.0741997957
vn -0.259337187 0.962794244 -0.0759694353
vn -0.0780887604 0.993883371 -0.0780887604
vn 0.107735083 0.99107337 -0.078528896
vn 0.200955421 0.97647351 -0.0782072619
vn -0.0783565715 -0.929332852 0.360833377
vn 0.0782222375 -0.940491378 0.330692053
vn 0.31735006 -0.893631816 0.31735006
vn -0.167584196 -0.713303268 0.680524766
vn -0.104112074 -0.768627346 0.63116771
vn -0.111757904 -0.899214089 0.422994316
vn 0.522153974 -0.801607907 0.291169971
vn 0.60175699 -0.750752151 0.272506535
vn -0.642858922 -0.313908219 0.698708951
vn -0.417391717 -0.575190961 0.703519404
vn 0.716019988 -0.66244024 0.220200717
vn -0.752058327 -0.0803477839 0.654180825
vn 0.72429055 -0.670223117 0.161877289
vn 0.718363106 -0.692763686 0.0635062456
vn -0.902580917 -0.110111251 0.416201025
vn 0.803550005 -0.594317198 0.0330837406
vn 0.85006243 -0.526031673 0.0261648782
vn -0.934042692 -0.0662779734 0.350958019
vn 0.891064107 -0.45334515 0.0219742395
vn 0.927464724 -0.373431385 0.0189252794
vn 0.9797436 -0.19965902 0.0154497549
vn -0.94288379 -0.000918952748 0.333120376
vn 0.99407351 -0.107704952 0.014747981
vn -0.914249063 0.244596764 0.322987676
vn -0.834332883 0.462034792 0.300686747
vn 0.991078675 0.0785057098 0.107703276
vn -0.731172323 0.628933966 0.264252186
vn -0.679397225 0.721007049 0.136265233
vn 0.933612227 0.357981503 0.0147483023
vn 0.878843784 0.476890832 0.0144512374
vn -0.671111226 0.739571989 0.0514104664
vn 0.806622088 0.590887189 0.0146008423
vn -0.617642343 0.785600483 0.0367393233
vn 0.721627414 0.692124546 0.0147514166
vn -0.503725946 0.863508165 0.0247751474
vn 0.573509932 0.81906575 0.0147512304
vn -0.43108663 0.89513725 0.113550007
vn 0.323337227 0.946171165 0.0146023268
vn 0.454362988 0.890694559 0.0147530129
vn -0.260766894 0.965263665 0.0163307432
vn -0.170997545 0.98515743 0.0149914976
vn -0.078528896 0.99107337 0.107735083
vn 0.0145990318 0.999884725 0.00417115213
vn 0.107857697 0.988298297 0.107857697
vn 0.201135337 0.979454637 0.0146009363
vn -0.140280902 -0.723671973 0.675736785
vn -0.0953037962 -0.801143706 0.590834916
vn 0.0670783222 -0.836138666 0.544401169
vn 0.291211009 -0.801566362 0.522194862
vn 0.46536693 -0.752905846 0.46536693
vn -0.195118368 -0.342909098 0.918880939
vn -0.170440957 -0.430161566 0.886516154
vn 0.611370444 -0.672938764 0.416388869
vn -0.31908229 -0.190796033 0.928322911
vn -0.26784879 -0.275375813 0.923268795
vn -0.231230631 -0.217750564 0.948217869
vn 0.654388428 -0.679780781 0.331170499
vn -0.642308831 -0.130133241 0.755317628
vn 0.699569404 -0.695175529 0.165329099
vn -0.646785021 -0.158399358 0.746042073
vn 0.741189241 -0.656033814 0.142331675
vn 0.840139568 -0.528989315 0.119732112
vn -0.778795481 -0.113642834 0.616897821
vn -0.864421546 -0.0735833347 0.497353852
vn 0.920089126 -0.375548929 0.111350894
vn 0.950802982 -0.289852768 0.109357461
vn -0.837734699 -0.00782518089 0.546021521
vn 0.973704934 -0.200644493 0.10789106
vn -0.860571742 0.233878121 0.452456921
vn 0.979492188 -0.0144503023 0.200963482
vn -0.717995763 0.45762223 0.524465442
vn -0.717547119 0.559472442 0.414869517
vn 0.974037647 0.199038595 0.107862234
vn -0.695371807 0.619121492 0.364892632
vn 0.932637453 0.344356149 0.107732363
vn -0.712963879 0.667742133 0.214016333
vn 0.841166198 0.532227159 0.0957800373
vn -0.67078191 0.726586998 0.14873752
vn 0.761684775 0.638933301 0.107705481
vn -0.614552319 0.777944088 0.130875781
vn 0.717586815 0.688090801 0.107705057
vn -0.506670415 0.854064107 0.117726646
vn 0.450145215 0.886432946 0.10773088
vn 0.567288458 0.817264855 0.101301514
vn -0.349013001 0.930589318 0.110423952
vn -0.262129724 0.958873212 0.108858682
vn -0.171649054 0.97923404 0.107876666
vn 0.29402414 0.949694991 0.107838646
vn -0.0574568287 -0.739530444 0.670666397
vn 0.0530603714 -0.744704008 0.665282428
vn 0.272441834 -0.750807941 0.601716757
vn -0.194137692 -0.539307296 0.819425523
vn 0.220200717 -0.66244024 0.716019988
vn 0.419794351 -0.669688404 0.612609267
vn 0.524404347 -0.670820534 0.524404347
vn -0.272101909 -0.416576087 0.867424369
vn 0.515606284 -0.684324741 0.515606284
vn 0.590709865 -0.683156669 0.429370195
vn -0.296970874 -0.33644855 0.893650174
vn -0.348229915 -0.269481331 0.897839487
vn -0.329069644 -0.308169484 0.892605662
vn 0.67524302 -0.690345228 0.259750545
vn -0.39131254 -0.330858022 0.858724356
vn -0.450735897 -0.221938103 0.864627481
vn 0.770709634 -0.597285032 0.221939698
vn 0.819504499 -0.531948566 0.213173956
vn 0.864600897 -0.457678378 0.207354128
vn -0.687056303 -0.105817296 0.718857646
vn -0.652760088 -0.119150974 0.748135924
vn 0.903342009 -0.377233893 0.204127148
vn 0.956509829 -0.201135248 0.211266503
vn -0.713973165 -0.020102242 0.699884415
vn 0.973615885 -0.107848518 0.201098755
vn -0.711924136 0.189210355 0.676286519
vn -0.716321468 0.333951235 0.612666368
vn 0.976436913 0.0785262063 0.201009214
vn -0.697825253 0.555400729 0.452294141
vn 0.943150759 0.264725775 0.200965151
vn -0.700046837 0.661225319 0.269658208
vn 0.862544537 0.460321695 0.210049704
vn 0.792077303 0.576327085 0.201148301
vn -0.577465653 0.786566615 0.218738213
vn 0.690245986 0.661045015 0.294244736
vn 0.610041022 0.766461849 0.200963467
vn -0.504697621 0.837216079 0.210593328
vn 0.556272626 0.806319654 0.201021105
vn -0.433037579 0.877526045 0.205977008
vn -0.351848066 0.888034225 0.295970112
vn 0.307258844 0.930121124 0.20116365
vn -0.263167858 0.943463624 0.201541886
vn -0.171611309 0.964419842 0.20110701
vn 0.0146009363 0.979454637 0.201135337
vn 0.107720137 0.973652959 0.200988203
vn 0.20115371 0.95868367 0.20115371
vn -0.0779704675 -0.639832556 0.764548779
vn 0.0012510122 -0.657522738 0.753433704
vn -0.223271072 -0.559915662 0.797900081
vn 0.331522644 -0.679646969 0.654349148
vn 0.42278111 -0.716351449 0.555064619
vn -0.31546098 -0.513927639 0.797723472
vn -0.379592627 -0.486694843 0.786789417
vn 0.595384359 -0.707439423 0.380850375
vn -0.471819013 -0.398146123 0.786680698
vn -0.435436249 -0.45117265 0.778998375
vn 0.649073243 -0.677111208 0.346733749
vn -0.508680105 -0.336175323 0.792610049
vn -0.531934738 -0.386849046 0.753255069
vn 0.73476094 -0.599924684 0.316570252
vn -0.567637026 -0.242610276 0.786720037
vn 0.778967083 -0.546456397 0.307564229
vn 0.8160339 -0.460679084 0.349089444
vn 0.871091664 -0.37904343 0.312290788
vn 0.909788132 -0.292249203 0.294747382
vn -0.666556299 -0.0550024211 0.743422747
vn 0.949665785 -0.107869163 0.294107348
vn -0.679698884 0.0967731699 0.727079332
vn 0.95565778 -0.0146015696 0.294117332
vn -0.689646363 0.246125624 0.681036115
vn 0.952495813 0.0785179585 0.294256091
vn -0.696315169 0.39358139 0.600199044
vn 0.918408155 0.264615983 0.294117093
vn -0.721605182 0.528980017 0.446616143
vn 0.876467109 0.381163359 0.294142485
vn -0.688851476 0.63143301 0.356056094
vn 0.775077045 0.559289396 0.29402557
vn -0.638977885 0.696120501 0.327297181
vn -0.57987529 0.752376139 0.312529445
vn 0.481997073 0.825280309 0.294264048
vn 0.539007902 0.789293468 0.294085562
vn -0.434794039 0.849535823 0.298735648
vn 0.269489944 0.892191947 0.362448305
vn 0.356823176 0.886619925 0.29424876
vn -0.1716059 0.940257311 0.294053853
vn -0.0783621967 0.952562511 0.294081688
vn 0.0145974113 0.955683589 0.294033587
vn 0.161877275 -0.670223057 0.72429049
vn -0.221609503 -0.638501346 0.737024605
vn -0.112038024 -0.677954316 0.726515949
vn -0.336952269 -0.586536527 0.736504018
vn 0.496141672 -0.712521493 0.496141672
vn -0.409692556 -0.548451126 0.728939891
vn -0.512625217 -0.468768179 0.719355106
vn -0.570338309 -0.397321135 0.718922913
vn 0.68456322 -0.601873338 0.411243975
vn -0.600201011 -0.285777271 0.747054279
vn 0.838941932 -0.37992093 0.389662087
vn -0.678401411 -0.135127842 0.722157896
vn 0.867433846 -0.293439329 0.401810974
vn 0.913356066 -0.200965151 0.354109854
vn 0.915606856 -0.107858673 0.387337774
vn 0.898308873 0.0783599466 0.432320446
vn -0.713941395 0.267092943 0.647262633
vn 0.889446259 0.17151159 0.423638076
vn -0.720860898 0.405032784 0.56241256
vn -0.699032187 0.539872169 0.4689264
vn 0.851282001 0.3559798 0.385483384
vn 0.781192482 0.47217223 0.4084014
vn 0.744117796 0.544196665 0.387477547
vn -0.613815486 0.67182672 0.414583355
vn 0.687633157 0.544295549 0.480523735
vn 0.6434443 0.613946259 0.457219362
vn -0.513047874 0.760904968 0.397247434
vn 0.514755607 0.764758408 0.38751933
vn -0.436259151 0.810162961 0.391553372
vn 0.387321204 0.832442641 0.396259367
vn -0.353002429 0.850956321 0.388924986
vn -0.264745861 0.883032441 0.387509257
vn -0.171785876 0.905712366 0.387523919
vn -0.073890686 0.917078733 0.39179942
vn 0.01966778 0.921703696 0.38739568
vn 0.107866541 0.915971637 0.386472106
vn -0.0302331895 -0.695191085 0.718188941
vn -0.245611385 -0.649222851 0.71985054
vn -0.204908118 -0.655473888 0.726888239
vn 0.0635062456 -0.692763686 0.718363106
vn 0.165200368 -0.695058048 0.699716449
vn 0.25950706 -0.690392017 0.675288796
vn 0.380850375 -0.707439423 0.595384359
vn -0.306776762 -0.614580393 0.726759195
vn 0.530912399 -0.660502911 0.530912399
vn 0.60460645 -0.612795889 0.508853853
vn 0.681306779 -0.540491164 0.493650019
vn -0.598845959 -0.336035162 0.726955235
vn 0.75108856 -0.462380648 0.471243232
vn -0.648636222 -0.225250438 0.727002919
vn 0.800935328 -0.294187695 0.521494269
vn 0.852985442 -0.200807601 0.481759489
vn -0.682166696 -0.0784693509 0.72697401
vn 0.870291889 -0.107855417 0.480582267
vn -0.701115429 0.0600222386 0.710517049
vn 0.876832426 -0.0145989768 0.480574489
vn -0.709977031 0.184575751 0.67960602
vn 0.857480705 0.171615317 0.485051632
vn 0.807157397 0.264780998 0.527624965
vn -0.697417974 0.433950961 0.570346177
vn 0.779485106 0.377304733 0.500044227
vn -0.629886866 0.581135094 0.515290678
vn -0.583089471 0.648737311 0.489026219
vn -0.514494002 0.703480244 0.490317702
vn 0.520348132 0.677108228 0.520348132
vn -0.437418938 0.757604599 0.484458506
vn 0.294106573 0.826299369 0.480344236
vn 0.413782924 0.756491125 0.50646311
vn -0.264731526 0.83143878 0.488494486
vn -0.171769276 0.860038161 0.480447441
vn -0.0783530697 0.855329514 0.512125194
vn 0.107716404 0.853239059 0.510274768
vn 0.201004535 0.842609823 0.499605775
vn -0.141368166 -0.637565374 0.757314622
vn -0.0541546494 -0.650761068 0.757348835
vn -0.39587611 -0.56113869 0.726914942
vn 0.42889744 -0.652464211 0.624769866
vn -0.50949657 -0.460654229 0.726781249
vn 0.514422953 -0.603049755 0.60967201
vn 0.596206427 -0.537657559 0.596206427
vn 0.671380877 -0.463718742 0.578111291
vn 0.740234554 -0.381363988 0.553727686
vn 0.77953136 -0.200842559 0.593290091
vn 0.789900959 -0.107862748 0.603673816
vn 0.830681682 0.0783605799 0.551205575
vn 0.794117391 -0.0148990126 0.607581735
vn 0.783487976 0.171658069 0.597227037
vn -0.637923419 0.297159374 0.710457504
vn -0.661424518 0.403480172 0.632235229
vn 0.696709454 0.38792187 0.603417456
vn 0.646977127 0.524225771 0.553721845
vn -0.583623707 0.551747501 0.595783532
vn -0.514923513 0.62755388 0.58397764
vn 0.48056224 0.651031494 0.587552547
vn 0.523894489 0.58736974 0.616872311
vn -0.438180864 0.666610062 0.603016257
vn -0.354552299 0.737732947 0.574493349
vn 0.38738358 0.721725404 0.573625684
vn -0.264725626 0.775108278 0.573696315
vn -0.171632841 0.800953209 0.573599339
vn -0.0785162225 0.779053748 0.622021317
vn 0.0145996613 0.857506633 0.514265656
vn 0.107863955 0.777097225 0.620068789
vn 0.232140735 0.761683881 0.604936719
vn 0.309800953 0.746115088 0.589351952
vn 0.0457575656 -0.656971216 0.752525806
vn 0.142464682 -0.655875742 0.741303444
vn -0.31674853 -0.571222782 0.757215202
vn 0.323131561 -0.625868022 0.709841669
vn -0.408747524 -0.509420574 0.757242501
vn 0.411243975 -0.601873338 0.68456322
vn 0.49353227 -0.540375769 0.681483626
vn -0.553003311 -0.347315103 0.757337153
vn 0.578873515 -0.461696237 0.672117591
vn 0.653551459 -0.381760329 0.653551459
vn -0.606569767 -0.24201107 0.757300317
vn 0.675874591 -0.293916821 0.675874591
vn -0.647214532 -0.0859924331 0.757442236
vn 0.737264812 -0.107877873 0.666935563
vn 0.644497693 -0.200828224 0.737760663
vn -0.65599674 0.0143611412 0.754627049
vn 0.707028329 -0.0148973512 0.707028329
vn -0.657078862 0.112087689 0.745441973
vn 0.704948962 0.0780628175 0.704948962
vn -0.650423825 0.20601742 0.73109895
vn 0.681877851 0.264736056 0.681877851
vn -0.581965685 0.39587903 0.710349023
vn 0.603417456 0.38792187 0.696709454
vn -0.558982611 0.466938496 0.685205758
vn -0.514897823 0.554391921 0.653857708
vn 0.517023385 0.487521768 0.703568995
vn -0.438030124 0.571376562 0.694016039
vn -0.354603589 0.64639467 0.675596118
vn 0.386996567 0.637248397 0.666444421
vn -0.264789492 0.713009417 0.64923346
vn 0.293990791 0.611673653 0.734455407
vn -0.171772659 0.730443478 0.661019325
vn -0.231722713 -0.544738889 0.80595541
vn -0.149295211 -0.580220282 0.800659359
vn -0.0626653209 -0.585219383 0.808450043
vn 0.126877442 -0.590460122 0.797031343
vn 0.218283609 -0.57531631 0.788266063
vn -0.361388117 -0.468582898 0.806119561
vn 0.378793031 -0.535645306 0.754718423
vn -0.44552815 -0.389558673 0.806069911
vn 0.486116856 -0.462542206 0.741447985
vn 0.412114352 -0.461545974 0.785580695
vn 0.499092758 -0.3811104 0.77824235
vn 0.553848147 -0.381445765 0.740102232
vn -0.551121533 -0.254197091 0.794763446
vn 0.577021658 -0.29067111 0.763253808
vn -0.499226123 -0.0979549438 0.860916972
vn 0.654957652 -0.107868366 0.74792707
vn -0.569554925 0.000467466045 0.821953177
vn 0.57377094 -0.108019717 0.811861277
vn -0.57328701 0.0947775245 0.813854516
vn 0.573656738 0.0783749223 0.815337598
vn 0.607581735 -0.0148990126 0.794117391
vn -0.576437533 0.189011246 0.794980824
vn 0.597227037 0.171658069 0.783487976
vn 0.696615458 0.171621263 0.696615458
vn -0.579293311 0.28308332 0.764384151
vn -0.51080358 0.274608195 0.814659476
vn 0.582374573 0.264742821 0.768603325
vn -0.512604773 0.36762464 0.775943577
vn 0.499820769 0.37736094 0.779601216
vn -0.437043488 0.455197513 0.77575016
vn 0.467545301 0.451155901 0.760170877
vn -0.354329377 0.543819726 0.760730386
vn 0.312404335 0.544510186 0.778403699
vn -0.264704943 0.617744207 0.740488648
vn -0.171607539 0.580367148 0.796068311
vn -0.0785067603 0.690174222 0.719372153
vn 0.0146009317 0.649592459 0.760142386
vn 0.107852757 0.688231647 0.71742934
vn 0.107708834 0.586812019 0.802527606
vn 0.20084253 0.628750324 0.751222551
vn -0.0672125369 -0.522233188 0.850149989
vn 0.0261574294 -0.525904477 0.850141287
vn -0.243129164 -0.441448301 0.863719642
vn -0.159510776 -0.447029263 0.880182505
vn 0.0218298919 -0.453175157 0.89115411
vn 0.207354128 -0.457678378 0.864600897
vn 0.300263286 -0.459886134 0.835671425
vn -0.326667219 -0.3588745 0.874355555
vn -0.413237393 -0.268108696 0.87026006
vn 0.312290788 -0.37904343 0.871091664
vn -0.494863033 -0.182635084 0.849561691
vn 0.480583042 -0.294029772 0.826187849
vn 0.482321858 -0.199216664 0.853040695
vn 0.480353087 -0.107870854 0.870416462
vn -0.502663195 -0.00476838974 0.864469171
vn -0.427984595 -0.00838326942 0.903747141
vn -0.505880237 0.0884136781 0.858060718
vn 0.480471104 0.078514196 0.873489022
vn -0.432540357 0.17671065 0.884127915
vn -0.432500422 0.269545496 0.8604002
vn 0.469575137 0.264582962 0.842315316
vn 0.423882574 0.171489924 0.889333904
vn -0.435822338 0.362392545 0.823851049
vn -0.353007942 0.366022468 0.861053348
vn 0.384982914 0.357867241 0.850716889
vn -0.264751613 0.450986564 0.852360129
vn -0.264564365 0.565476537 0.781179905
vn -0.171761826 0.465827614 0.86804527
vn -0.078659147 0.544357061 0.835157573
vn 0.0145994928 0.451094538 0.892356753
vn 0.107725188 0.531474054 0.840196848
vn 0.294123799 0.450870633 0.842737734
vn -0.0735337436 -0.37141782 0.925549328
vn -0.249074593 -0.364471525 0.897286117
vn -0.163385078 -0.368705988 0.915074408
vn 0.111350894 -0.375548929 0.920089126
vn 0.204002902 -0.377420068 0.903292239
vn -0.253555506 -0.281868666 0.925342977
vn -0.168379545 -0.19705002 0.965825856
vn 0.0169839729 -0.288456023 0.957342505
vn 0.202098921 -0.291067809 0.935112655
vn 0.33610937 -0.293058634 0.895068228
vn -0.341801137 -0.191787601 0.919994295
vn -0.256896764 -0.195240006 0.946512163
vn 0.29407984 -0.201118425 0.934381306
vn -0.344617635 -0.103491411 0.933021069
vn -0.258821666 -0.10521584 0.9601776
vn 0.36538887 -0.107993044 0.924569368
vn -0.346712053 -0.0109769553 0.937907398
vn -0.260328263 -0.0129697332 0.965433121
vn 0.434611112 -0.0145962611 0.90049994
vn 0.294060707 -0.00536280917 0.955771744
vn -0.350272119 0.17406258 0.920332372
vn 0.387343168 0.0783625022 0.918599248
vn 0.299206465 0.0783777907 0.950963974
vn 0.293966442 0.171492845 0.940305233
vn 0.200998068 0.171496496 0.964462936
vn -0.351887405 0.266742885 0.897230983
vn -0.259318709 0.172066361 0.95034045
vn 0.342396021 0.264917374 0.901434302
vn 0.108027279 0.264778584 0.958239257
vn -0.264710605 0.357962608 0.895427883
vn -0.171779975 0.337153584 0.925645232
vn -0.171614975 0.171614975 0.970101357
vn 0.294119567 0.357890189 0.886232615
vn 0.20098266 0.357716352 0.91194576
vn -0.0785161629 0.264749944 0.96111536
vn -0.078377828 0.451194048 0.888977408
vn 0.00178801792 0.358199596 0.933643341
vn 0.107870184 0.451147646 0.885906219
vn 0.10789106 -0.200644493 0.973704934
vn -0.0768776983 -0.198638722 0.977052927
vn 0.0153033519 -0.19983077 0.979710877
vn 0.201165751 -0.200867727 0.958741069
vn -0.0778786168 -0.107365504 0.991164744
vn 0.107857697 -0.107857697 0.988298297
vn 0.200981751 -0.108014651 0.973621726
vn -0.0783745572 -0.0146021033 0.996817052
vn 0.107868396 -0.0146009708 0.994057953
vn 0.200849384 -0.0146018099 0.979513288
vn 0.0146021033 0.0783745572 0.996817052
vn 0.107867695 0.0783679634 0.991071701
vn 0.201009214 0.0785262063 0.976436913
vn -0.0785223097 0.171497494 0.982050359
vn 0.014751507 0.1715049 0.985072851
f 1//1 2//2 3//3
f 2//2 4//4 3//3
f 1//1 3//3 5//5
f 6//6 7//7 8//8
f 5//5 3//3 9//9
f 8//8 7//7 4//4
f 4//4 7//7 10//10
f 3//3 4//4 10//10
f 10//10 9//9 3//3
f 9//9 11//11 5//5
f 7//7 6//6 12//12
f 13//13 10//10 7//7
f 9//9 10//10 14//14
f 7//7 12//12 13//13
f 9//9 14//14 11//11
f 15//15 16//16 12//12
f 13//13 12//12 16//16
f 13//13 16//16 17//17
f 10//10 13//13 17//17
f 10//10 18//18 14//14
f 17//17 18//18 10//10
f 19//19 11//11 14//14
f 14//14 18//18 19//19
f 16//16 15//15 20//20
f 16//16 20//20 17//17
f 17//17 20//20 21//21
f 18//18 17//17 22//22
f 17//17 21//21 22//22
f 18//18 22//22 19//19
f 23//23 24//24 25//25
f 26//26 27//27 24//24
f 28//28 24//24 27//27
f 25//25 24//24 28//28
f 28//28 29//29 25//25
f 23//23 25//25 30//30
f 25//25 31//31 30//30
f 29//29 31//31 25//25
f 31//31 32//32 30//30
f 29//29 32//32 31//31
f 26//26 33//33 34//34
f 27//27 34//34 28//28
f 27//27 26//26 34//34
f 28//28 34//34 35//35
f 29//29 28//28 35//35
f 36//36 29//29 35//35
f 2//2 29//29 36//36
f 35//35 37//37 36//36
f 32//32 1//1 38//38
f 32//32 29//29 1//1
f 32//32 38//38 39//39
f 35//35 34//34 40//40
f 34//34 41//41 40//40
f 35//35 40//40 37//37
f 4//4 36//36 8//8
f 4//4 2//2 36//36
f 29//29 2//2 1//1
f 34//34 33//33 42//42
f 6//6 36//36 37//37
f 5//5 38//38 1//1
f 43//43 39//39 38//38
f 36//36 6//6 8//8
f 38//38 5//5 43//43
f 34//34 42//42 41//41
f 5//5 44//44 43//43
f 33//33 45//45 42//42
f 6//6 37//37 12//12
f 46//46 43//43 44//44
f 5//5 11//11 44//44
f 44//44 11//11 46//46
f 37//37 40//40 12//12
f 46//46 11//11 47//47
f 42//42 45//45 48//48
f 41//41 49//49 40//40
f 41//41 42//42 49//49
f 48//48 49//49 42//42
f 40//40 49//49 12//12
f 12//12 49//49 15//15
f 47//47 11//11 50//50
f 11//11 19//19 50//50
f 49//49 48//48 51//51
f 51//51 15//15 49//49
f 15//15 51//51 52//52
f 52//52 53//53 15//15
f 15//15 53//53 20//20
f 22//22 54//54 19//19
f 55//55 50//50 19//19
f 19//19 54//54 55//55
f 53//53 52//52 56//56
f 56//56 20//20 53//53
f 56//56 57//57 20//20
f 20//20 57//57 21//21
f 21//21 57//57 58//58
f 21//21 59//59 22//22
f 59//59 21//21 58//58
f 60//60 54//54 22//22
f 22//22 59//59 60//60
f 61//61 62//62 23//23
f 23//23 63//63 61//61
f 30//30 64//64 63//63
f 64//64 30//30 65//65
f 66//66 67//67 68//68
f 69//69 67//67 66//66
f 70//70 67//67 69//69
f 71//71 67//67 70//70
f 26//26 67//67 71//71
f 26//26 68//68 67//67
f 62//62 68//68 23//23
f 66//66 68//68 62//62
f 26//26 24//24 68//68
f 23//23 68//68 24//24
f 63//63 23//23 30//30
f 65//65 30//30 72//72
f 32//32 72//72 30//30
f 73//73 65//65 72//72
f 72//72 32//32 73//73
f 26//26 71//71 74//74
f 70//70 74//74 71//71
f 75//75 74//74 70//70
f 33//33 26//26 74//74
f 32//32 39//39 73//73
f 75//75 76//76 74//74
f 39//39 77//77 73//73
f 43//43 77//77 39//39
f 77//77 43//43 78//78
f 45//45 33//33 74//74
f 43//43 79//79 78//78
f 76//76 45//45 74//74
f 46//46 79//79 43//43
f 46//46 80//80 79//79
f 81//81 45//45 76//76
f 46//46 47//47 80//80
f 81//81 82//82 45//45
f 45//45 82//82 48//48
f 47//47 83//83 80//80
f 50//50 83//83 47//47
f 84//84 48//48 82//82
f 48//48 84//84 85//85
f 85//85 51//51 48//48
f 52//52 51//51 85//85
f 86//86 83//83 50//50
f 50//50 55//55 86//86
f 52//52 85//85 87//87
f 52//52 87//87 88//88
f 52//52 88//88 56//56
f 54//54 89//89 55//55
f 60//60 89//89 54//54
f 56//56 88//88 90//90
f 56//56 90//90 57//57
f 58//58 91//91 59//59
f 59//59 92//92 60//60
f 91//91 92//92 59//59
f 93//93 61//61 94//94
f 94//94 61//61 95//95
f 95//95 61//61 96//96
f 61//61 63//63 96//96
f 97//97 64//64 98//98
f 64//64 65//65 98//98
f 99//99 98//98 65//65
f 65//65 73//73 99//99
f 73//73 100//100 99//99
f 73//73 101//101 100//100
f 101//101 73//73 77//77
f 102//102 101//101 77//77
f 77//77 78//78 102//102
f 78//78 103//103 102//102
f 78//78 79//79 103//103
f 104//104 81//81 76//76
f 82//82 105//105 84//84
f 84//84 106//106 85//85
f 85//85 106//106 107//107
f 107//107 108//108 85//85
f 85//85 108//108 87//87
f 108//108 109//109 87//87
f 109//109 110//110 87//87
f 55//55 111//111 86//86
f 89//89 111//111 55//55
f 112//112 88//88 87//87
f 87//87 110//110 112//112
f 88//88 112//112 113//113
f 114//114 88//88 113//113
f 88//88 114//114 90//90
f 60//60 92//92 89//89
f 115//115 57//57 90//90
f 57//57 115//115 58//58
f 58//58 115//115 91//91
f 116//116 92//92 91//91
f 93//93 117//117 61//61
f 118//118 93//93 94//94
f 119//119 118//118 94//94
f 94//94 120//120 119//119
f 94//94 121//121 120//120
f 122//122 121//121 94//94
f 94//94 123//123 122//122
f 94//94 95//95 123//123
f 124//124 123//123 95//95
f 95//95 125//125 124//124
f 95//95 96//96 125//125
f 126//126 127//127 63//63
f 128//128 127//127 126//126
f 125//125 127//127 128//128
f 125//125 96//96 127//127
f 96//96 63//63 127//127
f 126//126 63//63 129//129
f 63//63 64//64 97//97
f 120//120 130//130 131//131
f 120//120 121//121 130//130
f 131//131 119//119 120//120
f 131//131 132//132 119//119
f 130//130 132//132 131//131
f 122//122 133//133 121//121
f 121//121 133//133 130//130
f 133//133 132//132 130//130
f 133//133 134//134 132//132
f 122//122 123//123 133//133
f 133//133 135//135 134//134
f 123//123 135//135 133//133
f 124//124 136//136 123//123
f 123//123 137//137 135//135
f 136//136 137//137 123//123
f 124//124 125//125 136//136
f 136//136 125//125 137//137
f 137//137 125//125 138//138
f 135//135 139//139 134//134
f 137//137 138//138 135//135
f 140//140 138//138 125//125
f 135//135 138//138 139//139
f 101//101 141//141 100//100
f 75//75 142//142 76//76
f 134//134 143//143 132//132
f 134//134 139//139 143//143
f 143//143 144//144 132//132
f 138//138 140//140 145//145
f 141//141 101//101 146//146
f 101//101 102//102 146//146
f 146//146 102//102 103//103
f 138//138 145//145 147//147
f 103//103 148//148 146//146
f 79//79 148//148 103//103
f 81//81 104//104 149//149
f 139//139 150//150 143//143
f 138//138 147//147 139//139
f 147//147 150//150 139//139
f 79//79 151//151 148//148
f 79//79 80//80 151//151
f 143//143 152//152 153//153
f 143//143 153//153 144//144
f 150//150 152//152 143//143
f 147//147 154//154 150//150
f 155//155 147//147 145//145
f 147//147 155//155 154//154
f 80//80 156//156 151//151
f 144//144 153//153 157//157
f 150//150 158//158 152//152
f 154//154 158//158 150//150
f 80//80 159//159 156//156
f 80//80 83//83 159//159
f 160//160 84//84 105//105
f 84//84 160//160 106//106
f 157//157 161//161 144//144
f 162//162 161//161 157//157
f 163//163 159//159 83//83
f 83//83 86//86 163//163
f 108//108 164//164 109//109
f 108//108 165//165 164//164
f 162//162 166//166 167//167
f 162//162 157//157 166//166
f 167//167 161//161 162//162
f 167//167 168//168 161//161
f 169//169 168//168 167//167
f 109//109 169//169 167//167
f 109//109 164//164 169//169
f 167//167 110//110 109//109
f 167//167 170//170 110//110
f 166//166 170//170 167//167
f 157//157 153//153 166//166
f 153//153 170//170 166//166
f 153//153 171//171 170//170
f 172//172 171//171 153//153
f 152//152 172//172 153//153
f 152//152 173//173 172//172
f 158//158 173//173 152//152
f 174//174 86//86 111//111
f 86//86 174//174 163//163
f 175//175 164//164 165//165
f 110//110 170//170 176//176
f 177//177 169//169 164//164
f 164//164 175//175 177//177
f 171//171 178//178 179//179
f 171//171 172//172 178//178
f 171//171 179//179 170//170
f 170//170 179//179 176//176
f 176//176 179//179 110//110
f 179//179 112//112 110//110
f 179//179 178//178 112//112
f 173//173 158//158 180//180
f 173//173 180//180 172//172
f 172//172 180//180 178//178
f 178//178 180//180 112//112
f 180//180 113//113 112//112
f 180//180 158//158 113//113
f 154//154 113//113 158//158
f 154//154 155//155 113//113
f 111//111 181//181 174//174
f 111//111 89//89 181//181
f 182//182 113//113 155//155
f 113//113 182//182 114//114
f 183//183 114//114 182//182
f 114//114 184//184 90//90
f 92//92 185//185 89//89
f 185//185 181//181 89//89
f 184//184 114//114 183//183
f 90//90 184//184 115//115
f 91//91 186//186 116//116
f 92//92 116//116 187//187
f 116//116 186//186 187//187
f 117//117 93//93 188//188
f 188//188 189//189 190//190
f 188//188 93//93 189//189
f 93//93 191//191 189//189
f 93//93 118//118 191//191
f 118//118 119//119 191//191
f 125//125 128//128 192//192
f 128//128 126//126 192//192
f 193//193 129//129 194//194
f 192//192 129//129 193//193
f 126//126 129//129 192//192
f 129//129 63//63 194//194
f 63//63 97//97 195//195
f 196//196 98//98 197//197
f 189//189 191//191 198//198
f 198//198 190//190 189//189
f 198//198 199//199 190//190
f 191//191 199//199 198//198
f 132//132 191//191 119//119
f 98//98 200//200 197//197
f 200//200 98//98 99//99
f 70//70 142//142 75//75
f 200//200 99//99 201//201
f 125//125 192//192 140//140
f 192//192 202//202 140//140
f 99//99 100//100 201//201
f 100//100 203//203 201//201
f 141//141 203//203 100//100
f 132//132 204//204 191//191
f 191//191 204//204 199//199
f 203//203 141//141 205//205
f 190//190 199//199 206//206
f 199//199 204//204 206//206
f 202//202 145//145 140//140
f 205//205 141//141 146//146
f 205//205 146//146 207//207
f 132//132 144//144 204//204
f 145//145 202//202 208//208
f 202//202 209//209 208//208
f 207//207 146//146 210//210
f 146//146 148//148 210//210
f 149//149 104//104 211//211
f 210//210 148//148 151//151
f 212//212 213//213 206//206
f 210//210 151//151 156//156
f 204//204 214//214 206//206
f 144//144 214//214 204//204
f 208//208 155//155 145//145
f 149//149 82//82 81//81
f 105//105 82//82 149//149
f 208//208 209//209 215//215
f 216//216 217//217 206//206
f 218//218 217//217 216//216
f 219//219 218//218 216//216
f 206//206 219//219 216//216
f 214//214 219//219 206//206
f 161//161 214//214 144//144
f 155//155 208//208 215//215
f 220//220 107//107 106//106
f 220//220 221//221 107//107
f 107//107 222//222 108//108
f 107//107 221//221 222//222
f 218//218 223//223 224//224
f 218//218 219//219 223//223
f 224//224 217//217 218//218
f 224//224 225//225 217//217
f 226//226 225//225 224//224
f 108//108 226//226 224//224
f 108//108 222//222 226//226
f 224//224 165//165 108//108
f 224//224 227//227 165//165
f 223//223 227//227 224//224
f 219//219 214//214 223//223
f 214//214 227//227 223//223
f 214//214 228//228 227//227
f 168//168 228//228 214//214
f 168//168 169//169 228//228
f 168//168 214//214 161//161
f 229//229 222//222 221//221
f 165//165 227//227 230//230
f 231//231 226//226 222//222
f 222//222 229//229 231//231
f 230//230 175//175 165//165
f 227//227 228//228 230//230
f 230//230 228//228 175//175
f 175//175 228//228 177//177
f 177//177 228//228 169//169
f 155//155 215//215 232//232
f 233//233 182//182 155//155
f 232//232 233//233 155//155
f 185//185 234//234 181//181
f 182//182 233//233 235//235
f 182//182 235//235 183//183
f 233//233 232//232 235//235
f 92//92 236//236 185//185
f 187//187 236//236 92//92
f 237//237 184//184 183//183
f 183//183 235//235 237//237
f 184//184 238//238 115//115
f 239//239 115//115 238//238
f 115//115 239//239 91//91
f 91//91 239//239 186//186
f 240//240 62//62 61//61
f 61//61 241//241 240//240
f 61//61 117//117 241//241
f 241//241 242//242 243//243
f 241//241 117//117 242//242
f 117//117 244//244 242//242
f 117//117 188//188 244//244
f 190//190 244//244 188//188
f 245//245 246//246 247//247
f 193//193 246//246 192//192
f 194//194 246//246 193//193
f 194//194 247//247 246//246
f 248//248 249//249 195//195
f 247//247 248//248 245//245
f 247//247 249//249 248//248
f 247//247 194//194 249//249
f 194//194 63//63 249//249
f 63//63 195//195 249//249
f 97//97 98//98 196//196
f 66//66 250//250 69//69
f 242//242 251//251 252//252
f 242//242 244//244 251//251
f 252//252 243//243 242//242
f 252//252 253//253 243//243
f 251//251 253//253 252//252
f 244//244 190//190 251//251
f 142//142 70//70 254//254
f 201//201 255//255 200//200
f 246//246 256//256 192//192
f 192//192 256//256 202//202
f 255//255 201//201 257//257
f 201//201 203//203 257//257
f 251//251 190//190 258//258
f 257//257 203//203 205//205
f 104//104 76//76 259//259
f 202//202 256//256 260//260
f 257//257 205//205 261//261
f 202//202 260//260 209//209
f 205//205 262//262 261//261
f 262//262 205//205 207//207
f 190//190 213//213 258//258
f 206//206 213//213 190//190
f 211//211 104//104 259//259
f 209//209 260//260 263//263
f 207//207 210//210 262//262
f 258//258 213//213 264//264
f 213//213 212//212 264//264
f 210//210 156//156 265//265
f 264//264 266//266 267//267
f 264//264 212//212 266//266
f 209//209 263//263 215//215
f 156//156 159//159 268//268
f 266//266 269//269 267//267
f 217//217 212//212 206//206
f 263//263 270//270 215//215
f 159//159 271//271 268//268
f 159//159 163//163 271//271
f 272//272 106//106 160//160
f 272//272 273//273 106//106
f 106//106 273//273 220//220
f 269//269 274//274 275//275
f 269//269 266//266 274//274
f 275//275 267//267 269//269
f 275//275 276//276 267//267
f 277//277 276//276 275//275
f 220//220 277//277 275//275
f 220//220 273//273 277//277
f 275//275 221//221 220//220
f 275//275 274//274 221//221
f 266//266 212//212 274//274
f 212//212 278//278 274//274
f 225//225 278//278 212//212
f 225//225 226//226 278//278
f 225//225 212//212 217//217
f 279//279 163//163 174//174
f 279//279 271//271 163//163
f 221//221 274//274 280//280
f 280//280 229//229 221//221
f 274//274 278//278 280//280
f 280//280 278//278 229//229
f 229//229 278//278 231//231
f 231//231 278//278 226//226
f 270//270 281//281 215//215
f 215//215 281//281 232//232
f 282//282 279//279 174//174
f 174//174 181//181 282//282
f 270//270 283//283 281//281
f 284//284 282//282 181//181
f 181//181 234//234 284//284
f 232//232 281//281 235//235
f 185//185 236//236 234//234
f 236//236 285//285 234//234
f 286//286 281//281 283//283
f 287//287 281//281 286//286
f 235//235 287//287 237//237
f 235//235 281//281 287//287
f 187//187 288//288 236//236
f 289//289 287//287 286//286
f 286//286 283//283 289//289
f 290//290 184//184 237//237
f 237//237 291//291 290//290
f 237//237 287//287 291//291
f 287//287 289//289 291//291
f 184//184 290//290 238//238
f 292//292 187//187 186//186
f 62//62 240//240 66//66
f 241//241 243//243 293//293
f 294//294 248//248 195//195
f 295//295 248//248 294//294
f 245//245 295//295 246//246
f 245//245 248//248 295//295
f 243//243 296//296 293//293
f 296//296 297//297 293//293
f 298//298 297//297 296//296
f 253//253 298//298 296//296
f 253//253 251//251 298//298
f 253//253 296//296 243//243
f 246//246 295//295 299//299
f 197//197 200//200 300//300
f 301//301 300//300 200//200
f 200//200 255//255 301//301
f 251//251 258//258 298//298
f 256//256 246//246 299//299
f 258//258 302//302 298//298
f 303//303 255//255 257//257
f 76//76 142//142 304//304
f 260//260 256//256 299//299
f 299//299 305//305 260//260
f 303//303 257//257 306//306
f 259//259 76//76 304//304
f 257//257 261//261 306//306
f 261//261 262//262 307//307
f 260//260 305//305 263//263
f 258//258 308//308 302//302
f 264//264 308//308 258//258
f 262//262 309//309 310//310
f 262//262 210//210 309//309
f 210//210 265//265 309//309
f 309//309 265//265 311//311
f 264//264 312//312 308//308
f 149//149 211//211 105//105
f 267//267 312//312 264//264
f 263//263 305//305 313//313
f 156//156 268//268 265//265
f 160//160 105//105 314//314
f 270//270 263//263 313//313
f 314//314 315//315 160//160
f 160//160 315//315 272//272
f 316//316 317//317 312//312
f 276//276 316//316 312//312
f 276//276 277//277 316//316
f 276//276 312//312 267//267
f 273//273 272//272 318//318
f 277//277 273//273 316//316
f 273//273 317//317 316//316
f 273//273 319//319 317//317
f 273//273 318//318 319//319
f 270//270 313//313 320//320
f 282//282 321//321 279//279
f 270//270 320//320 283//283
f 282//282 284//284 321//321
f 285//285 284//284 234//234
f 288//288 285//285 236//236
f 322//322 283//283 320//320
f 283//283 322//322 323//323
f 283//283 324//324 289//289
f 283//283 323//323 324//324
f 289//289 290//290 291//291
f 289//289 324//324 290//290
f 292//292 325//325 187//187
f 187//187 325//325 288//288
f 325//325 326//326 288//288
f 327//327 290//290 324//324
f 324//324 323//323 327//327
f 328//328 238//238 290//290
f 290//290 327//327 328//328
f 329//329 239//239 238//238
f 238//238 328//328 329//329
f 330//330 186//186 239//239
f 239//239 329//329 330//330
f 186//186 330//330 292//292
f 66//66 240//240 250//250
f 240//240 241//241 331//331
f 331//331 293//293 332//332
f 331//331 241//241 293//293
f 333//333 294//294 195//195
f 295//295 294//294 333//333
f 334//334 335//335 196//196
f 196//196 197//197 334//334
f 70//70 69//69 254//254
f 297//297 332//332 293//293
f 297//297 336//336 332//332
f 297//297 298//298 336//336
f 299//299 295//295 333//333
f 142//142 254//254 337//337
f 333//333 338//338 299//299
f 302//302 339//339 336//336
f 298//298 302//302 336//336
f 301//301 255//255 340//340
f 255//255 303//303 340//340
f 305//305 299//299 338//338
f 341//341 305//305 338//338
f 306//306 261//261 342//342
f 261//261 307//307 342//342
f 307//307 310//310 343//343
f 307//307 262//262 310//310
f 308//308 339//339 302//302
f 309//309 311//311 310//310
f 265//265 344//344 311//311
f 211//211 345//345 105//105
f 312//312 339//339 308//308
f 346//346 305//305 341//341
f 313//313 305//305 346//346
f 268//268 344//344 265//265
f 268//268 347//347 344//344
f 312//312 348//348 339//339
f 348//348 349//349 339//339
f 271//271 347//347 268//268
f 271//271 350//350 347//347
f 351//351 349//349 348//348
f 312//312 351//351 348//348
f 312//312 317//317 351//351
f 350//350 271//271 279//279
f 352//352 318//318 272//272
f 317//317 353//353 351//351
f 353//353 349//349 351//351
f 352//352 349//349 353//353
f 352//352 353//353 318//318
f 318//318 353//353 319//319
f 319//319 353//353 317//317
f 313//313 346//346 320//320
f 354//354 350//350 279//279
f 321//321 354//354 279//279
f 355//355 320//320 346//346
f 356//356 321//321 284//284
f 321//321 356//356 354//354
f 284//284 285//285 356//356
f 357//357 356//356 285//285
f 358//358 320//320 355//355
f 322//322 358//358 323//323
f 322//322 320//320 358//358
f 288//288 326//326 359//359
f 288//288 359//359 285//285
f 285//285 359//359 357//357
f 323//323 358//358 360//360
f 355//355 360//360 358//358
f 355//355 361//361 360//360
f 362//362 360//360 361//361
f 363//363 360//360 362//362
f 364//364 360//360 363//363
f 323//323 364//364 327//327
f 323//323 360//360 364//364
f 327//327 364//364 328//328
f 330//330 365//365 292//292
f 292//292 365//365 366//366
f 366//366 325//325 292//292
f 366//366 326//326 325//325
f 367//367 364//364 363//363
f 363//363 362//362 367//367
f 364//364 367//367 328//328
f 331//331 332//332 368//368
f 369//369 333//333 195//195
f 369//369 370//370 333//333
f 371//371 195//195 97//97
f 371//371 369//369 195//195
f 371//371 196//196 335//335
f 371//371 97//97 196//196
f 332//332 372//372 368//368
f 373//373 372//372 332//332
f 336//336 373//373 332//332
f 334//334 197//197 300//300
f 336//336 374//374 373//373
f 370//370 338//338 333//333
f 300//300 301//301 375//375
f 336//336 339//339 374//374
f 370//370 376//376 338//338
f 301//301 340//340 375//375
f 376//376 341//341 338//338
f 376//376 377//377 341//341
f 378//378 374//374 339//339
f 342//342 307//307 343//343
f 343//343 310//310 379//379
f 310//310 311//311 379//379
f 379//379 311//311 380//380
f 381//381 341//341 377//377
f 344//344 382//382 311//311
f 339//339 383//383 378//378
f 339//339 349//349 383//383
f 346//346 341//341 381//381
f 347//347 384//384 382//382
f 347//347 382//382 344//344
f 105//105 345//345 385//385
f 314//314 105//105 385//385
f 347//347 386//386 384//384
f 347//347 350//350 386//386
f 387//387 346//346 381//381
f 350//350 388//388 386//386
f 272//272 315//315 389//389
f 352//352 272//272 389//389
f 352//352 383//383 349//349
f 350//350 390//390 388//388
f 350//350 354//354 390//390
f 355//355 346//346 387//387
f 391//391 354//354 356//356
f 354//354 391//391 390//390
f 392//392 391//391 356//356
f 387//387 393//393 355//355
f 357//357 394//394 356//356
f 356//356 394//394 392//392
f 359//359 395//395 357//357
f 357//357 395//395 394//394
f 396//396 355//355 393//393
f 361//361 396//396 362//362
f 361//361 355//355 396//396
f 366//366 397//397 326//326
f 326//326 397//397 359//359
f 359//359 397//397 395//395
f 362//362 396//396 398//398
f 393//393 398//398 396//396
f 393//393 399//399 398//398
f 400//400 398//398 399//399
f 401//401 398//398 400//400
f 362//362 401//401 367//367
f 362//362 398//398 401//401
f 402//402 367//367 401//401
f 367//367 402//402 328//328
f 328//328 402//402 403//403
f 328//328 403//403 329//329
f 329//329 403//403 330//330
f 330//330 403//403 404//404
f 330//330 404//404 365//365
f 365//365 404//404 366//366
f 366//366 404//404 397//397
f 331//331 405//405 240//240
f 405//405 331//331 406//406
f 368//368 406//406 331//331
f 407//407 408//408 370//370
f 369//369 407//407 370//370
f 334//334 409//409 335//335
f 406//406 372//372 373//373
f 372//372 406//406 368//368
f 376//376 408//408 410//410
f 370//370 408//408 376//376
f 374//374 406//406 373//373
f 377//377 376//376 410//410
f 340//340 303//303 411//411
f 374//374 412//412 406//406
f 411//411 303//303 413//413
f 413//413 303//303 306//306
f 342//342 413//413 306//306
f 413//413 342//342 414//414
f 415//415 416//416 410//410
f 410//410 416//416 377//377
f 342//342 343//343 414//414
f 417//417 414//414 343//343
f 343//343 379//379 417//417
f 412//412 374//374 378//378
f 379//379 380//380 418//418
f 416//416 381//381 377//377
f 418//418 380//380 311//311
f 378//378 419//419 412//412
f 383//383 419//419 378//378
f 382//382 418//418 311//311
f 418//418 382//382 420//420
f 416//416 421//421 381//381
f 382//382 422//422 420//420
f 382//382 384//384 422//422
f 423//423 422//422 384//384
f 384//384 386//386 423//423
f 314//314 424//424 315//315
f 314//314 385//385 424//424
f 421//421 387//387 381//381
f 386//386 425//425 423//423
f 386//386 388//388 425//425
f 315//315 424//424 389//389
f 389//389 426//426 352//352
f 419//419 383//383 352//352
f 421//421 427//427 387//387
f 428//428 427//427 421//421
f 390//390 425//425 388//388
f 352//352 429//429 419//419
f 429//429 352//352 426//426
f 430//430 425//425 390//390
f 390//390 391//391 430//430
f 392//392 431//431 391//391
f 431//431 430//430 391//391
f 394//394 431//431 392//392
f 387//387 427//427 393//393
f 395//395 432//432 394//394
f 432//432 431//431 394//394
f 397//397 433//433 434//434
f 397//397 434//434 395//395
f 434//434 432//432 395//395
f 427//427 435//435 436//436
f 436//436 437//437 427//427
f 399//399 437//437 400//400
f 399//399 427//427 437//437
f 399//399 393//393 427//427
f 404//404 438//438 397//397
f 438//438 433//433 397//397
f 400//400 439//439 401//401
f 400//400 437//437 439//439
f 437//437 436//436 439//439
f 439//439 440//440 401//401
f 401//401 440//440 402//402
f 402//402 440//440 403//403
f 440//440 441//441 403//403
f 441//441 442//442 403//403
f 403//403 442//442 404//404
f 404//404 442//442 438//438
f 443//443 407//407 369//369
f 405//405 444//444 240//240
f 445//445 444//444 446//446
f 405//405 406//406 444//444
f 406//406 446//446 444//444
f 447//447 445//445 446//446
f 446//446 406//406 447//447
f 407//407 443//443 448//448
f 449//449 448//448 443//443
f 450//450 448//448 449//449
f 408//408 448//448 450//450
f 408//408 407//407 448//448
f 451//451 335//335 409//409
f 409//409 334//334 452//452
f 69//69 453//453 254//254
f 250//250 453//453 69//69
f 334//334 454//454 452//452
f 454//454 334//334 300//300
f 408//408 450//450 410//410
f 300//300 375//375 454//454
f 406//406 455//455 447//447
f 375//375 340//340 456//456
f 340//340 411//411 456//456
f 304//304 142//142 337//337
f 406//406 412//412 455//455
f 457//457 450//450 458//458
f 410//410 450//450 457//457
f 415//415 410//410 457//457
f 304//304 459//459 259//259
f 412//412 460//460 455//455
f 379//379 461//461 417//417
f 457//457 462//462 415//415
f 379//379 418//418 461//461
f 461//461 418//418 463//463
f 211//211 259//259 464//464
f 412//412 465//465 460//460
f 416//416 415//415 466//466
f 415//415 462//462 466//466
f 418//418 467//467 463//463
f 418//418 420//420 467//467
f 211//211 464//464 345//345
f 419//419 465//465 412//412
f 462//462 468//468 466//466
f 421//421 416//416 466//466
f 420//420 422//422 467//467
f 428//428 421//421 466//466
f 423//423 469//469 422//422
f 468//468 428//428 466//466
f 423//423 425//425 469//469
f 419//419 470//470 465//465
f 425//425 471//471 469//469
f 472//472 426//426 389//389
f 426//426 472//472 429//429
f 473//473 470//470 419//419
f 429//429 473//473 419//419
f 428//428 435//435 427//427
f 474//474 471//471 425//425
f 425//425 430//430 474//474
f 429//429 475//475 473//473
f 429//429 472//472 475//475
f 428//428 476//476 435//435
f 430//430 431//431 474//474
f 431//431 477//477 474//474
f 431//431 432//432 477//477
f 432//432 478//478 477//477
f 479//479 478//478 432//432
f 434//434 479//479 432//432
f 438//438 480//480 433//433
f 438//438 481//481 480//480
f 433//433 479//479 434//434
f 480//480 479//479 433//433
f 435//435 476//476 482//482
f 482//482 436//436 435//435
f 482//482 483//483 436//436
f 436//436 483//483 439//439
f 440//440 439//439 483//483
f 440//440 484//484 441//441
f 485//485 441//441 484//484
f 441//441 485//485 442//442
f 442//442 485//485 486//486
f 486//486 438//438 442//442
f 438//438 486//486 481//481
f 443//443 487//487 449//449
f 487//487 443//443 369//369
f 445//445 488//488 444//444
f 489//489 490//490 491//491
f 488//488 445//445 490//490
f 447//447 490//490 445//445
f 447//447 492//492 490//490
f 491//491 490//490 492//492
f 491//491 493//493 489//489
f 491//491 494//494 493//493
f 492//492 494//494 491//491
f 487//487 495//495 449//449
f 487//487 496//496 495//495
f 496//496 497//497 495//495
f 451//451 371//371 335//335
f 492//492 455//455 494//494
f 498//498 494//494 455//455
f 497//497 499//499 500//500
f 495//495 501//501 449//449
f 495//495 497//497 501//501
f 502//502 454//454 375//375
f 455//455 492//492 447//447
f 497//497 500//500 501//501
f 449//449 501//501 458//458
f 449//449 458//458 450//450
f 375//375 456//456 502//502
f 455//455 503//503 498//498
f 504//504 500//500 505//505
f 500//500 504//504 501//501
f 456//456 411//411 506//506
f 506//506 411//411 413//413
f 507//507 503//503 455//455
f 413//413 508//508 506//506
f 413//413 414//414 508//508
f 509//509 508//508 414//414
f 460//460 507//507 455//455
f 501//501 510//510 458//458
f 501//501 504//504 510//510
f 509//509 414//414 417//417
f 503//503 507//507 511//511
f 512//512 509//509 417//417
f 512//512 417//417 461//461
f 512//512 461//461 513//513
f 259//259 459//459 464//464
f 504//504 514//514 510//510
f 457//457 458//458 462//462
f 458//458 510//510 462//462
f 461//461 463//463 513//513
f 514//514 462//462 510//510
f 515//515 513//513 463//463
f 465//465 507//507 460//460
f 516//516 517//517 504//504
f 504//504 517//517 514//514
f 463//463 467//467 515//515
f 518//518 515//515 467//467
f 465//465 511//511 507//507
f 517//517 519//519 514//514
f 514//514 468//468 462//462
f 520//520 467//467 422//422
f 467//467 520//520 518//518
f 465//465 521//521 511//511
f 511//511 521//521 522//522
f 516//516 523//523 517//517
f 519//519 468//468 514//514
f 517//517 524//524 519//519
f 422//422 525//525 520//520
f 469//469 525//525 422//422
f 523//523 524//524 517//517
f 525//525 469//469 526//526
f 389//389 424//424 527//527
f 470//470 521//521 465//465
f 519//519 528//528 468//468
f 519//519 524//524 528//528
f 471//471 526//526 469//469
f 521//521 529//529 522//522
f 530//530 526//526 471//471
f 474//474 530//530 471//471
f 472//472 389//389 531//531
f 475//475 470//470 473//473
f 521//521 532//532 529//529
f 521//521 470//470 532//532
f 475//475 532//532 470//470
f 528//528 476//476 468//468
f 428//428 468//468 476//476
f 531//531 475//475 472//472
f 531//531 532//532 475//475
f 531//531 533//533 532//532
f 529//529 532//532 533//533
f 528//528 534//534 476//476
f 477//477 535//535 530//530
f 477//477 530//530 474//474
f 529//529 533//533 536//536
f 524//524 537//537 528//528
f 524//524 523//523 537//537
f 538//538 537//537 523//523
f 478//478 535//535 477//477
f 537//537 534//534 528//528
f 539//539 478//478 479//479
f 478//478 539//539 535//535
f 538//538 540//540 537//537
f 539//539 479//479 541//541
f 541//541 479//479 480//480
f 537//537 540//540 542//542
f 542//542 476//476 534//534
f 534//534 537//537 542//542
f 542//542 543//543 476//476
f 544//544 476//476 543//543
f 476//476 544//544 482//482
f 482//482 544//544 483//483
f 486//486 545//545 546//546
f 486//486 546//546 481//481
f 481//481 546//546 480//480
f 480//480 546//546 541//541
f 483//483 544//544 547//547
f 547//547 440//440 483//483
f 440//440 547//547 484//484
f 547//547 548//548 484//484
f 548//548 485//485 484//484
f 548//548 549//549 486//486
f 548//548 486//486 485//485
f 486//486 549//549 545//545
f 496//496 487//487 550//550
f 550//550 487//487 551//551
f 487//487 369//369 551//551
f 369//369 371//371 551//551
f 551//551 371//371 451//451
f 444//444 488//488 240//240
f 489//489 488//488 490//490
f 552//552 553//553 554//554
f 488//488 553//553 552//552
f 489//489 553//553 488//488
f 489//489 493//493 553//553
f 494//494 553//553 493//493
f 494//494 554//554 553//553
f 552//552 554//554 555//555
f 494//494 555//555 554//554
f 556//556 555//555 557//557
f 552//552 555//555 556//556
f 557//557 499//499 556//556
f 496//496 550//550 499//499
f 550//550 556//556 499//499
f 497//497 496//496 499//499
f 409//409 452//452 558//558
f 498//498 555//555 494//494
f 454//454 558//558 452//452
f 557//557 555//555 559//559
f 499//499 557//557 559//559
f 498//498 560//560 555//555
f 555//555 560//560 559//559
f 499//499 559//559 505//505
f 499//499 505//505 500//500
f 559//559 560//560 561//561
f 505//505 559//559 562//562
f 560//560 498//498 503//503
f 505//505 562//562 563//563
f 504//504 505//505 563//563
f 337//337 459//459 304//304
f 503//503 561//561 560//560
f 559//559 561//561 562//562
f 506//506 508//508 564//564
f 508//508 509//509 564//564
f 565//565 564//564 509//509
f 561//561 503//503 511//511
f 565//565 509//509 512//512
f 565//565 512//512 566//566
f 512//512 513//513 566//566
f 513//513 567//567 566//566
f 504//504 563//563 516//516
f 513//513 515//515 567//567
f 562//562 561//561 568//568
f 516//516 562//562 568//568
f 563//563 562//562 516//516
f 464//464 569//569 345//345
f 511//511 522//522 561//561
f 568//568 561//561 522//522
f 520//520 570//570 518//518
f 345//345 569//569 385//385
f 525//525 570//570 520//520
f 525//525 571//571 570//570
f 385//385 572//572 424//424
f 568//568 522//522 573//573
f 573//573 516//516 568//568
f 523//523 516//516 573//573
f 574//574 571//571 525//525
f 525//525 526//526 574//574
f 424//424 572//572 527//527
f 575//575 522//522 529//529
f 573//573 522//522 575//575
f 576//576 531//531 389//389
f 530//530 577//577 526//526
f 578//578 577//577 530//530
f 523//523 573//573 579//579
f 530//530 580//580 578//578
f 533//533 581//581 582//582
f 533//533 531//531 581//581
f 531//531 576//576 581//581
f 582//582 536//536 533//533
f 529//529 583//583 575//575
f 582//582 584//584 536//536
f 582//582 581//581 584//584
f 536//536 585//585 529//529
f 536//536 584//584 585//585
f 529//529 585//585 583//583
f 575//575 586//586 573//573
f 575//575 583//583 586//586
f 585//585 586//586 583//583
f 585//585 587//587 586//586
f 579//579 586//586 587//587
f 573//573 586//586 579//579
f 523//523 579//579 588//588
f 535//535 580//580 530//530
f 589//589 585//585 584//584
f 584//584 581//581 589//589
f 587//587 590//590 579//579
f 587//587 591//591 590//590
f 587//587 585//585 591//591
f 589//589 591//591 585//585
f 589//589 592//592 591//591
f 593//593 591//591 592//592
f 594//594 591//591 593//593
f 590//590 591//591 594//594
f 594//594 579//579 590//590
f 594//594 595//595 579//579
f 588//588 579//579 595//595
f 538//538 523//523 588//588
f 539//539 580//580 535//535
f 539//539 596//596 580//580
f 597//597 594//594 593//593
f 593//593 592//592 597//597
f 595//595 598//598 588//588
f 595//595 594//594 598//598
f 597//597 598//598 594//594
f 597//597 599//599 598//598
f 600//600 598//598 599//599
f 538//538 588//588 601//601
f 588//588 598//598 601//601
f 600//600 601//601 598//598
f 600//600 540//540 601//601
f 540//540 538//538 601//601
f 541//541 602//602 603//603
f 603//603 539//539 541//541
f 539//539 603//603 596//596
f 540//540 600//600 604//604
f 600//600 599//599 604//604
f 605//605 540//540 604//604
f 540//540 605//605 542//542
f 543//543 542//542 605//605
f 606//606 602//602 546//546
f 546//546 602//602 541//541
f 543//543 607//607 544//544
f 543//543 605//605 607//607
f 607//607 547//547 544//544
f 547//547 607//607 608//608
f 608//608 609//609 547//547
f 547//547 609//609 548//548
f 610//610 549//549 548//548
f 609//609 610//610 548//548
f 610//610 545//545 549//549
f 610//610 606//606 545//545
f 545//545 606//606 546//546
f 556//556 550//550 611//611
f 611//611 550//550 551//551
f 551//551 451//451 612//612
f 240//240 613//613 250//250
f 613//613 240//240 488//488
f 488//488 552//552 556//556
f 611//611 488//488 556//556
f 451//451 614//614 612//612
f 614//614 451//451 409//409
f 614//614 409//409 558//558
f 254//254 453//453 615//615
f 558//558 454//454 616//616
f 337//337 254//254 615//615
f 454//454 617//617 616//616
f 454//454 502//502 617//617
f 502//502 456//456 617//617
f 456//456 618//618 617//617
f 615//615 619//619 337//337
f 618//618 456//456 506//506
f 506//506 620//620 618//618
f 459//459 337//337 619//619
f 506//506 564//564 620//620
f 564//564 565//565 621//621
f 459//459 619//619 622//622
f 623//623 621//621 565//565
f 566//566 623//623 565//565
f 464//464 459//459 622//622
f 566//566 567//567 623//623
f 567//567 515//515 624//624
f 622//622 625//625 464//464
f 515//515 518//518 624//624
f 518//518 626//626 624//624
f 625//625 569//569 464//464
f 570//570 627//627 626//626
f 570//570 626//626 518//518
f 385//385 569//569 628//628
f 570//570 629//629 627//627
f 571//571 629//629 570//570
f 572//572 385//385 628//628
f 574//574 630//630 629//629
f 571//571 574//574 629//629
f 631//631 630//630 574//574
f 574//574 526//526 631//631
f 572//572 632//632 527//527
f 527//527 632//632 389//389
f 631//631 526//526 577//577
f 632//632 633//633 389//389
f 389//389 633//633 576//576
f 577//577 634//634 631//631
f 577//577 578//578 634//634
f 578//578 580//580 635//635
f 635//635 634//634 578//578
f 576//576 633//633 636//636
f 636//636 581//581 576//576
f 581//581 637//637 589//589
f 581//581 636//636 637//637
f 589//589 637//637 592//592
f 596//596 638//638 580//580
f 592//592 637//637 597//597
f 599//599 597//597 637//637
f 603//603 602//602 639//639
f 639//639 638//638 596//596
f 603//603 639//639 596//596
f 606//606 640//640 602//602
f 602//602 640//640 639//639
f 605//605 604//604 641//641
f 642//642 607//607 605//605
f 641//641 642//642 605//605
f 642//642 643//643 607//607
f 607//607 643//643 608//608
f 644//644 609//609 643//643
f 643//643 609//609 608//608
f 644//644 645//645 609//609
f 609//609 645//645 610//610
f 645//645 640//640 606//606
f 645//645 606//606 610//610
f 646//646 611//611 647//647
f 611//611 551//551 647//647
f 647//647 551//551 648//648
f 551//551 612//612 648//648
f 649//649 250//250 613//613
f 650//650 649//649 613//613
f 613//613 488//488 650//650
f 650//650 611//611 651//651
f 650//650 488//488 611//611
f 611//611 646//646 651//651
f 612//612 652//652 648//648
f 652//652 612//612 614//614
f 652//652 614//614 653//653
f 614//614 558//558 653//653
f 453//453 654//654 615//615
f 250//250 654//654 453//453
f 655//655 250//250 649//649
f 654//654 250//250 655//655
f 656//656 653//653 558//558
f 558//558 616//616 656//656
f 615//615 654//654 657//657
f 616//616 658//658 656//656
f 658//658 616//616 617//617
f 617//617 659//659 658//658
f 659//659 617//617 618//618
f 619//619 657//657 660//660
f 619//619 615//615 657//657
f 618//618 620//620 659//659
f 661//661 620//620 564//564
f 662//662 661//661 564//564
f 564//564 621//621 662//662
f 622//622 660//660 663//663
f 622//622 619//619 660//660
f 621//621 664//664 662//662
f 664//664 621//621 623//623
f 623//623 665//665 664//664
f 665//665 623//623 567//567
f 567//567 666//666 665//665
f 624//624 666//666 567//567
f 622//622 663//663 667//667
f 625//625 622//622 667//667
f 626//626 666//666 624//624
f 668//668 666//666 626//626
f 625//625 667//667 669//669
f 569//569 625//625 669//669
f 626//626 627//627 668//668
f 569//569 669//669 670//670
f 628//628 569//569 670//670
f 629//629 671//671 627//627
f 670//670 672//672 628//628
f 628//628 672//672 572//572
f 629//629 630//630 671//671
f 673//673 572//572 672//672
f 572//572 673//673 632//632
f 632//632 673//673 633//633
f 634//634 674//674 631//631
f 675//675 674//674 634//634
f 676//676 633//633 673//673
f 677//677 675//675 635//635
f 635//635 675//675 634//634
f 633//633 676//676 636//636
f 636//636 676//676 678//678
f 678//678 637//637 636//636
f 679//679 677//677 638//638
f 638//638 677//677 580//580
f 580//580 677//677 635//635
f 680//680 637//637 678//678
f 637//637 680//680 599//599
f 681//681 638//638 639//639
f 638//638 681//681 679//679
f 682//682 604//604 680//680
f 680//680 604//604 599//599
f 604//604 682//682 641//641
f 640//640 683//683 684//684
f 640//640 684//684 681//681
f 640//640 681//681 639//639
f 685//685 642//642 641//641
f 642//642 685//685 686//686
f 686//686 643//643 642//642
f 686//686 687//687 643//643
f 643//643 687//687 688//688
f 688//688 644//644 643//643
f 688//688 689//689 644//644
f 644//644 690//690 645//645
f 644//644 689//689 690//690
f 683//683 640//640 645//645
f 690//690 683//683 645//645
f 651//651 691//691 650//650
f 691//691 651//651 692//692
f 646//646 692//692 651//651
f 693//693 646//646 647//647
f 646//646 693//693 692//692
f 648//648 694//694 647//647
f 647//647 694//694 693//693
f 695//695 694//694 648//648
f 648//648 652//652 695//695
f 653//653 695//695 652//652
f 654//654 655//655 696//696
f 655//655 649//649 696//696
f 649//649 650//650 696//696
f 697//697 650//650 691//691
f 650//650 697//697 696//696
f 653//653 698//698 695//695
f 653//653 656//656 698//698
f 696//696 699//699 654//654
f 696//696 700//700 701//701
f 696//696 697//697 700//700
f 656//656 658//658 702//702
f 656//656 702//702 698//698
f 657//657 654//654 703//703
f 699//699 703//703 654//654
f 660//660 657//657 703//703
f 658//658 704//704 702//702
f 704//704 658//658 659//659
f 660//660 703//703 705//705
f 703//703 699//699 705//705
f 659//659 706//706 704//704
f 706//706 659//659 620//620
f 620//620 661//661 706//706
f 707//707 706//706 661//661
f 661//661 662//662 707//707
f 708//708 660//660 705//705
f 662//662 664//664 707//707
f 663//663 660//660 709//709
f 660//660 708//708 709//709
f 665//665 710//710 664//664
f 665//665 711//711 710//710
f 712//712 709//709 708//708
f 665//665 666//666 711//711
f 713//713 711//711 666//666
f 663//663 709//709 712//712
f 667//667 663//663 712//712
f 668//668 713//713 666//666
f 667//667 712//712 714//714
f 669//669 667//667 714//714
f 627//627 713//713 668//668
f 627//627 715//715 713//713
f 714//714 670//670 669//669
f 714//714 716//716 670//670
f 671//671 715//715 627//627
f 670//670 716//716 717//717
f 670//670 717//717 672//672
f 630//630 718//718 671//671
f 672//672 717//717 719//719
f 720//720 718//718 630//630
f 630//630 631//631 720//720
f 719//719 673//673 672//672
f 631//631 674//674 720//720
f 673//673 719//719 721//721
f 722//722 720//720 674//674
f 675//675 722//722 674//674
f 721//721 676//676 673//673
f 722//722 675//675 677//677
f 676//676 721//721 723//723
f 677//677 724//724 722//722
f 676//676 723//723 725//725
f 725//725 678//678 676//676
f 726//726 724//724 679//679
f 679//679 724//724 677//677
f 727//727 678//678 725//725
f 678//678 727//727 680//680
f 681//681 726//726 679//679
f 727//727 682//682 680//680
f 684//684 683//683 728//728
f 684//684 728//728 729//729
f 684//684 729//729 681//681
f 730//730 641//641 682//682
f 730//730 731//731 685//685
f 730//730 685//685 641//641
f 685//685 731//731 686//686
f 731//731 732//732 686//686
f 732//732 687//687 686//686
f 687//687 689//689 688//688
f 690//690 733//733 683//683
f 683//683 733//733 728//728
f 734//734 691//691 692//692
f 692//692 693//693 734//734
f 735//735 734//734 693//693
f 736//736 735//735 693//693
f 693//693 694//694 736//736
f 694//694 695//695 736//736
f 697//697 691//691 737//737
f 736//736 738//738 735//735
f 695//695 739//739 736//736
f 736//736 739//739 738//738
f 695//695 740//740 739//739
f 695//695 698//698 740//740
f 741//741 697//697 737//737
f 740//740 742//742 739//739
f 698//698 742//742 740//740
f 743//743 742//742 698//698
f 702//702 743//743 698//698
f 701//701 699//699 696//696
f 697//697 744//744 700//700
f 697//697 741//741 744//744
f 699//699 701//701 745//745
f 701//701 746//746 745//745
f 700//700 746//746 701//701
f 700//700 744//744 746//746
f 702//702 747//747 743//743
f 704//704 747//747 702//702
f 746//746 748//748 745//745
f 749//749 705//705 699//699
f 745//745 749//749 699//699
f 704//704 750//750 747//747
f 706//706 750//750 704//704
f 706//706 707//707 750//750
f 751//751 750//750 707//707
f 707//707 752//752 751//751
f 752//752 707//707 664//664
f 708//708 705//705 753//753
f 754//754 705//705 749//749
f 705//705 754//754 753//753
f 710//710 755//755 752//752
f 664//664 710//710 752//752
f 711//711 755//755 710//710
f 712//712 708//708 753//753
f 713//713 756//756 711//711
f 712//712 753//753 757//757
f 758//758 756//756 713//713
f 712//712 757//757 759//759
f 759//759 714//714 712//712
f 715//715 758//758 713//713
f 714//714 759//759 760//760
f 714//714 760//760 716//716
f 671//671 761//761 715//715
f 716//716 762//762 717//717
f 718//718 761//761 671//671
f 762//762 719//719 717//717
f 718//718 763//763 761//761
f 718//718 720//720 763//763
f 764//764 721//721 719//719
f 720//720 765//765 763//763
f 722//722 765//765 720//720
f 766//766 765//765 722//722
f 764//764 723//723 721//721
f 724//724 766//766 722//722
f 723//723 764//764 767//767
f 767//767 725//725 723//723
f 766//766 724//724 726//726
f 726//726 768//768 766//766
f 769//769 768//768 726//726
f 767//767 770//770 725//725
f 770//770 727//727 725//725
f 771//771 769//769 729//729
f 729//729 769//769 681//681
f 769//769 726//726 681//681
f 772//772 682//682 727//727
f 770//770 772//772 727//727
f 682//682 773//773 730//730
f 682//682 772//772 773//773
f 728//728 733//733 774//774
f 728//728 771//771 729//729
f 730//730 773//773 775//775
f 775//775 731//731 730//730
f 775//775 776//776 732//732
f 731//731 775//775 732//732
f 732//732 776//776 687//687
f 687//687 777//777 689//689
f 777//777 778//778 689//689
f 778//778 779//779 689//689
f 689//689 779//779 690//690
f 774//774 733//733 779//779
f 779//779 733//733 690//690
f 780//780 737//737 691//691
f 691//691 734//734 780//780
f 781//781 780//780 734//734
f 734//734 735//735 781//781
f 738//738 781//781 735//735
f 741//741 737//737 782//782
f 737//737 780//780 782//782
f 783//783 738//738 739//739
f 784//784 783//783 739//739
f 742//742 784//784 739//739
f 741//741 782//782 785//785
f 744//744 741//741 786//786
f 786//786 741//741 785//785
f 743//743 787//787 742//742
f 743//743 747//747 787//787
f 748//748 746//746 788//788
f 746//746 744//744 788//788
f 786//786 789//789 744//744
f 744//744 789//789 788//788
f 787//787 747//747 790//790
f 747//747 750//750 790//790
f 745//745 748//748 791//791
f 792//792 748//748 788//788
f 748//748 792//792 791//791
f 750//750 793//793 790//790
f 749//749 745//745 794//794
f 745//745 791//791 794//794
f 750//750 795//795 793//793
f 795//795 750//750 751//751
f 796//796 795//795 751//751
f 751//751 752//752 796//796
f 749//749 794//794 754//754
f 797//797 796//796 752//752
f 755//755 797//797 752//752
f 798//798 797//797 755//755
f 755//755 711//711 798//798
f 753//753 754//754 799//799
f 711//711 756//756 798//798
f 753//753 799//799 757//757
f 758//758 800//800 756//756
f 799//799 801//801 757//757
f 757//757 801//801 759//759
f 802//802 800//800 758//758
f 715//715 802//802 758//758
f 759//759 801//801 803//803
f 760//760 759//759 803//803
f 804//804 802//802 715//715
f 761//761 804//804 715//715
f 805//805 760//760 803//803
f 760//760 805//805 716//716
f 716//716 805//805 762//762
f 763//763 806//806 804//804
f 761//761 763//763 804//804
f 807//807 719//719 762//762
f 808//808 806//806 763//763
f 807//807 764//764 719//719
f 765//765 808//808 763//763
f 807//807 809//809 764//764
f 808//808 765//765 810//810
f 810//810 765//765 766//766
f 811//811 764//764 809//809
f 810//810 766//766 768//768
f 764//764 811//811 767//767
f 811//811 812//812 767//767
f 812//812 770//770 767//767
f 771//771 813//813 814//814
f 769//769 814//814 768//768
f 771//771 814//814 769//769
f 815//815 772//772 770//770
f 815//815 773//773 772//772
f 779//779 816//816 774//774
f 774//774 816//816 817//817
f 817//817 813//813 774//774
f 774//774 813//813 728//728
f 728//728 813//813 771//771
f 775//775 818//818 776//776
f 776//776 818//818 687//687
f 818//818 819//819 687//687
f 819//819 820//820 687//687
f 820//820 777//777 687//687
f 820//820 778//778 777//777
f 820//820 779//779 778//778
f 781//781 738//738 821//821
f 738//738 783//783 821//821
f 822//822 785//785 782//782
f 823//823 782//782 780//780
f 782//782 823//823 822//822
f 786//786 785//785 824//824
f 742//742 825//825 784//784
f 742//742 787//787 825//825
f 789//789 786//786 826//826
f 826//826 786//786 824//824
f 826//826 827//827 789//789
f 787//787 790//790 825//825
f 828//828 788//788 789//789
f 788//788 828//828 792//792
f 790//790 793//793 829//829
f 793//793 795//795 829//829
f 794//794 791//791 830//830
f 796//796 797//797 831//831
f 794//794 832//832 754//754
f 797//797 798//798 831//831
f 798//798 833//833 831//831
f 834//834 833//833 798//798
f 798//798 756//756 834//834
f 756//756 835//835 834//834
f 756//756 800//800 835//835
f 800//800 802//802 835//835
f 802//802 804//804 836//836
f 803//803 837//837 805//805
f 804//804 838//838 836//836
f 805//805 837//837 839//839
f 805//805 839//839 762//762
f 804//804 806//806 838//838
f 762//762 839//839 807//807
f 839//839 840//840 807//807
f 806//806 808//808 841//841
f 842//842 841//841 808//808
f 807//807 840//840 809//809
f 810//810 842//842 808//808
f 843//843 842//842 810//810
f 844//844 811//811 809//809
f 845//845 843//843 846//846
f 843//843 768//768 846//846
f 843//843 810//810 768//768
f 811//811 844//844 812//812
f 847//847 812//812 844//844
f 768//768 814//814 848//848
f 847//847 770//770 812//812
f 847//847 849//849 815//815
f 847//847 815//815 770//770
f 813//813 850//850 848//848
f 849//849 851//851 815//815
f 815//815 851//851 773//773
f 851//851 852//852 773//773
f 853//853 818//818 852//852
f 853//853 854//854 818//818
f 817//817 850//850 813//813
f 814//814 813//813 848//848
f 773//773 852//852 775//775
f 818//818 775//775 852//852
f 818//818 854//854 819//819
f 855//855 820//820 819//819
f 820//820 855//855 856//856
f 856//856 779//779 820//820
f 856//856 816//816 779//779
f 823//823 780//780 857//857
f 780//780 781//781 857//857
f 781//781 821//821 857//857
f 858//858 824//824 785//785
f 785//785 822//822 858//858
f 823//823 859//859 822//822
f 822//822 859//859 858//858
f 860//860 857//857 821//821
f 861//861 821//821 783//783
f 821//821 861//861 860//860
f 783//783 862//862 861//861
f 863//863 862//862 783//783
f 783//783 784//784 863//863
f 864//864 824//824 858//858
f 784//784 825//825 863//863
f 825//825 865//865 863//863
f 825//825 790//790 865//865
f 828//828 789//789 827//827
f 790//790 866//866 865//865
f 866//866 790//790 829//829
f 829//829 867//867 866//866
f 829//829 795//795 867//867
f 791//791 792//792 830//830
f 792//792 828//828 868//868
f 792//792 868//868 830//830
f 795//795 869//869 867//867
f 796//796 869//869 795//795
f 796//796 831//831 869//869
f 794//794 830//830 832//832
f 830//830 870//870 832//832
f 833//833 871//871 831//831
f 833//833 872//872 871//871
f 833//833 834//834 872//872
f 873//873 799//799 754//754
f 754//754 832//832 873//873
f 834//834 835//835 872//872
f 874//874 872//872 835//835
f 799//799 873//873 875//875
f 875//875 801//801 799//799
f 876//876 874//874 835//835
f 835//835 802//802 876//876
f 801//801 875//875 877//877
f 877//877 803//803 801//801
f 802//802 836//836 876//876
f 803//803 877//877 837//837
f 838//838 878//878 836//836
f 838//838 806//806 879//879
f 839//839 880//880 840//840
f 841//841 881//881 879//879
f 841//841 879//879 806//806
f 842//842 881//881 841//841
f 840//840 880//880 882//882
f 882//882 809//809 840//840
f 843//843 845//845 842//842
f 809//809 882//882 844//844
f 882//882 883//883 844//844
f 883//883 884//884 844//844
f 884//884 847//847 844//844
f 885//885 846//846 848//848
f 848//848 846//846 768//768
f 847//847 884//884 886//886
f 847//847 886//886 849//849
f 886//886 851//851 849//849
f 887//887 888//888 850//850
f 888//888 848//848 850//850
f 848//848 888//888 885//885
f 851//851 889//889 852//852
f 889//889 890//890 852//852
f 852//852 890//890 853//853
f 890//890 891//891 853//853
f 891//891 854//854 853//853
f 855//855 854//854 891//891
f 855//855 892//892 856//856
f 856//856 892//892 893//893
f 856//856 893//893 816//816
f 893//893 887//887 816//816
f 816//816 887//887 817//817
f 887//887 850//850 817//817
f 854//854 855//855 819//819
f 858//858 859//859 864//864
f 894//894 859//859 823//823
f 857//857 895//895 823//823
f 823//823 895//895 894//894
f 857//857 860//860 895//895
f 826//826 824//824 896//896
f 896//896 824//824 864//864
f 863//863 865//865 897//897
f 827//827 826//826 898//898
f 826//826 896//896 898//898
f 899//899 897//897 865//865
f 866//866 899//899 865//865
f 828//828 827//827 898//898
f 866//866 900//900 899//899
f 867//867 900//900 866//866
f 901//901 900//900 867//867
f 869//869 901//901 867//867
f 869//869 902//902 901//901
f 869//869 831//831 902//902
f 868//868 870//870 830//830
f 831//831 871//871 902//902
f 871//871 872//872 903//903
f 832//832 870//870 873//873
f 903//903 872//872 904//904
f 872//872 874//874 904//904
f 905//905 906//906 904//904
f 876//876 905//905 904//904
f 874//874 876//876 904//904
f 876//876 836//836 905//905
f 907//907 905//905 878//878
f 836//836 878//878 905//905
f 837//837 908//908 839//839
f 879//879 907//907 878//878
f 879//879 878//878 838//838
f 839//839 908//908 909//909
f 880//880 839//839 909//909
f 910//910 879//879 881//881
f 881//881 842//842 911//911
f 880//880 909//909 882//882
f 909//909 912//912 882//882
f 842//842 845//845 911//911
f 882//882 912//912 883//883
f 912//912 913//913 883//883
f 913//913 884//884 883//883
f 885//885 914//914 915//915
f 846//846 885//885 915//915
f 911//911 845//845 846//846
f 846//846 915//915 911//911
f 884//884 913//913 916//916
f 916//916 886//886 884//884
f 916//916 917//917 886//886
f 914//914 885//885 918//918
f 885//885 888//888 918//918
f 886//886 917//917 851//851
f 917//917 889//889 851//851
f 919//919 889//889 917//917
f 920//920 889//889 919//919
f 920//920 890//890 889//889
f 921//921 891//891 920//920
f 922//922 891//891 921//921
f 923//923 924//924 893//893
f 892//892 923//923 893//893
f 893//893 924//924 925//925
f 925//925 887//887 893//893
f 925//925 918//918 888//888
f 925//925 888//888 887//887
f 920//920 891//891 890//890
f 922//922 855//855 891//891
f 855//855 922//922 892//892
f 895//895 860//860 926//926
f 860//860 861//861 927//927
f 861//861 862//862 927//927
f 894//894 928//928 864//864
f 864//864 859//859 894//894
f 860//860 927//927 926//926
f 929//929 927//927 862//862
f 862//862 863//863 929//929
f 897//897 929//929 863//863
f 864//864 930//930 896//896
f 864//864 928//928 930//930
f 897//897 931//931 929//929
f 897//897 899//899 931//931
f 898//898 896//896 930//930
f 932//932 931//931 899//899
f 900//900 932//932 899//899
f 828//828 898//898 933//933
f 898//898 930//930 933//933
f 932//932 900//900 934//934
f 901//901 934//934 900//900
f 868//868 828//828 933//933
f 901//901 935//935 934//934
f 901//901 902//902 935//935
f 933//933 936//936 868//868
f 868//868 936//936 870//870
f 871//871 937//937 935//935
f 902//902 871//871 935//935
f 870//870 936//936 938//938
f 937//937 871//871 903//903
f 873//873 870//870 938//938
f 939//939 940//940 903//903
f 903//903 904//904 939//939
f 873//873 938//938 941//941
f 941//941 875//875 873//873
f 906//906 942//942 939//939
f 904//904 906//906 939//939
f 943//943 877//877 875//875
f 875//875 941//941 943//943
f 944//944 942//942 906//906
f 906//906 905//905 944//944
f 877//877 943//943 945//945
f 945//945 837//837 877//877
f 905//905 907//907 944//944
f 945//945 908//908 837//837
f 879//879 946//946 907//907
f 908//908 947//947 909//909
f 946//946 910//910 948//948
f 946//946 879//879 910//910
f 947//947 949//949 909//909
f 881//881 911//911 910//910
f 909//909 949//949 912//912
f 949//949 950//950 912//912
f 911//911 951//951 910//910
f 911//911 915//915 951//951
f 950//950 913//913 912//912
f 950//950 916//916 913//913
f 952//952 916//916 950//950
f 952//952 953//953 916//916
f 954//954 951//951 915//915
f 915//915 914//914 954//954
f 953//953 917//917 916//916
f 955//955 917//917 953//953
f 924//924 956//956 925//925
f 918//918 956//956 954//954
f 925//925 956//956 918//918
f 954//954 914//914 918//918
f 955//955 919//919 917//917
f 955//955 920//920 919//919
f 955//955 957//957 920//920
f 957//957 921//921 920//920
f 921//921 923//923 922//922
f 922//922 923//923 892//892
f 928//928 894//894 958//958
f 959//959 958//958 894//894
f 960//960 894//894 895//895
f 894//894 960//960 959//959
f 960//960 895//895 926//926
f 926//926 927//927 961//961
f 961//961 960//960 926//926
f 927//927 962//962 961//961
f 929//929 962//962 927//927
f 928//928 963//963 930//930
f 928//928 958//958 963//963
f 929//929 964//964 962//962
f 931//931 964//964 929//929
f 932//932 964//964 931//931
f 965//965 933//933 930//930
f 965//965 930//930 963//963
f 932//932 966//966 964//964
f 966//966 967//967 964//964
f 934//934 966//966 932//932
f 966//966 968//968 967//967
f 966//966 969//969 968//968
f 934//934 969//969 966//966
f 934//934 935//935 969//969
f 936//936 933//933 970//970
f 933//933 965//965 970//970
f 937//937 971//971 969//969
f 935//935 937//937 969//969
f 936//936 970//970 938//938
f 940//940 971//971 937//937
f 937//937 903//903 940//940
f 938//938 970//970 972//972
f 940//940 939//939 973//973
f 974//974 938//938 972//972
f 938//938 974//974 941//941
f 942//942 975//975 973//973
f 973//973 939//939 942//942
f 941//941 974//974 976//976
f 941//941 976//976 943//943
f 977//977 978//978 942//942
f 944//944 977//977 942//942
f 979//979 943//943 976//976
f 943//943 979//979 945//945
f 944//944 980//980 977//977
f 981//981 980//980 944//944
f 944//944 907//907 981//981
f 979//979 982//982 945//945
f 945//945 982//982 908//908
f 983//983 982//982 979//979
f 980//980 981//981 984//984
f 981//981 946//946 984//984
f 907//907 946//946 981//981
f 908//908 982//982 947//947
f 982//982 985//985 947//947
f 984//984 946//946 948//948
f 986//986 984//984 948//948
f 985//985 949//949 947//947
f 987//987 949//949 985//985
f 986//986 951//951 988//988
f 948//948 951//951 986//986
f 949//949 987//987 950//950
f 987//987 952//952 950//950
f 989//989 952//952 987//987
f 990//990 988//988 951//951
f 910//910 951//951 948//948
f 989//989 953//953 952//952
f 991//991 953//953 989//989
f 990//990 954//954 956//956
f 951//951 954//954 990//990
f 953//953 991//991 955//955
f 991//991 992//992 957//957
f 991//991 957//957 955//955
f 992//992 993//993 957//957
f 994//994 921//921 993//993
f 995//995 923//923 994//994
f 995//995 996//996 997//997
f 995//995 997//997 924//924
f 924//924 997//997 956//956
f 957//957 993//993 921//921
f 994//994 923//923 921//921
f 924//924 923//923 995//995
f 958//958 959//959 998//998
f 959//959 960//960 998//998
f 999//999 998//998 960//960
f 961//961 999//999 960//960
f 1000//1000 963//963 958//958
f 1001//1001 958//958 998//998
f 958//958 1001//1001 1000//1000
f 1002//1002 998//998 999//999
f 1002//1002 999//999 961//961
f 962//962 1003//1003 961//961
f 961//961 1003//1003 1002//1002
f 962//962 964//964 1004//1004
f 1004//1004 1003//1003 962//962
f 967//967 1004//1004 964//964
f 963//963 1005//1005 965//965
f 965//965 1005//1005 1006//1006
f 963//963 1000//1000 1005//1005
f 1004//1004 967//967 1007//1007
f 967//967 968//968 1007//1007
f 1008//1008 970//970 965//965
f 965//965 1006//1006 1008//1008
f 968//968 1009//1009 1007//1007
f 968//968 971//971 1009//1009
f 969//969 971//971 968//968
f 971//971 1010//1010 1009//1009
f 971//971 940//940 1010//1010
f 1008//1008 972//972 970//970
f 975//975 1011//1011 1010//1010
f 940//940 975//975 1010//1010
f 940//940 973//973 975//975
f 972//972 1012//1012 974//974
f 972//972 1013//1013 1012//1012
f 975//975 942//942 978//978
f 974//974 1012//1012 976//976
f 1014//1014 976//976 1012//1012
f 977//977 1015//1015 978//978
f 1014//1014 979//979 976//976
f 1014//1014 1016//1016 979//979
f 1017//1017 979//979 1016//1016
f 979//979 1017//1017 983//983
f 1018//1018 1019//1019 980//980
f 980//980 984//984 1018//1018
f 982//982 983//983 985//985
f 983//983 1017//1017 1020//1020
f 1020//1020 985//985 983//983
f 1021//1021 1020//1020 1017//1017
f 1018//1018 986//986 1022//1022
f 1018//1018 984//984 986//986
f 1020//1020 987//987 985//985
f 1020//1020 989//989 987//987
f 1021//1021 989//989 1020//1020
f 1023//1023 989//989 1021//1021
f 1022//1022 986//986 988//988
f 1023//1023 1024//1024 989//989
f 1023//1023 1025//1025 1024//1024
f 1025//1025 992//992 1024//1024
f 1025//1025 1026//1026 992//992
f 996//996 1026//1026 1027//1027
f 1028//1028 996//996 1027//1027
f 1028//1028 1029//1029 990//990
f 1022//1022 990//990 1029//1029
f 1022//1022 988//988 990//990
f 1024//1024 991//991 989//989
f 1024//1024 992//992 991//991
f 996//996 994//994 1026//1026
f 1028//1028 997//997 996//996
f 990//990 997//997 1028//1028
f 997//997 990//990 956//956
f 1026//1026 993//993 992//992
f 1026//1026 994//994 993//993
f 994//994 996//996 995//995
f 1001//1001 998//998 1030//1030
f 998//998 1002//1002 1030//1030
f 1005//1005 1000//1000 1031//1031
f 1032//1032 1031//1031 1000//1000
f 1000//1000 1001//1001 1032//1032
f 1001//1001 1030//1030 1032//1032
f 1002//1002 1033//1033 1030//1030
f 1003//1003 1033//1033 1002//1002
f 1034//1034 1033//1033 1003//1003
f 1007//1007 1034//1034 1003//1003
f 1004//1004 1007//1007 1003//1003
f 1006//1006 1005//1005 1035//1035
f 1005//1005 1031//1031 1035//1035
f 1032//1032 1035//1035 1031//1031
f 1032//1032 1036//1036 1035//1035
f 1032//1032 1030//1030 1036//1036
f 1037//1037 1030//1030 1033//1033
f 1034//1034 1038//1038 1033//1033
f 1034//1034 1007//1007 1039//1039
f 1039//1039 1038//1038 1034//1034
f 1009//1009 1039//1039 1007//1007
f 1040//1040 1008//1008 1006//1006
f 1006//1006 1035//1035 1040//1040
f 1035//1035 1041//1041 1040//1040
f 1035//1035 1036//1036 1041//1041
f 1039//1039 1042//1042 1038//1038
f 1039//1039 1009//1009 1042//1042
f 1009//1009 1010//1010 1042//1042
f 1013//1013 972//972 1008//1008
f 1008//1008 1040//1040 1013//1013
f 1043//1043 1013//1013 1040//1040
f 1040//1040 1044//1044 1043//1043
f 1040//1040 1041//1041 1044//1044
f 1010//1010 1045//1045 1042//1042
f 1010//1010 1011//1011 1045//1045
f 1043//1043 1046//1046 1013//1013
f 1043//1043 1047//1047 1046//1046
f 1043//1043 1044//1044 1047//1047
f 1011//1011 1048//1048 1045//1045
f 1048//1048 1049//1049 1045//1045
f 975//975 1048//1048 1011//1011
f 975//975 978//978 1048//1048
f 1014//1014 1012//1012 1013//1013
f 1046//1046 1050//1050 1013//1013
f 1050//1050 1014//1014 1013//1013
f 1046//1046 1047//1047 1050//1050
f 1051//1051 1052//1052 1049//1049
f 1049//1049 1048//1048 1051//1051
f 1048//1048 1015//1015 1051//1051
f 1015//1015 1048//1048 978//978
f 1014//1014 1050//1050 1016//1016
f 1052//1052 1053//1053 1054//1054
f 1052//1052 1019//1019 1053//1053
f 1052//1052 1051//1051 1019//1019
f 1015//1015 1019//1019 1051//1051
f 980//980 1019//1019 1015//1015
f 980//980 1015//1015 977//977
f 1055//1055 1017//1017 1016//1016
f 1050//1050 1055//1055 1016//1016
f 1056//1056 1055//1055 1050//1050
f 1057//1057 1054//1054 1053//1053
f 1058//1058 1054//1054 1057//1057
f 1019//1019 1057//1057 1053//1053
f 1019//1019 1018//1018 1057//1057
f 1055//1055 1021//1021 1017//1017
f 1055//1055 1056//1056 1059//1059
f 1059//1059 1021//1021 1055//1055
f 1056//1056 1060//1060 1059//1059
f 1056//1056 1061//1061 1060//1060
f 1057//1057 1062//1062 1063//1063
f 1057//1057 1063//1063 1058//1058
f 1062//1062 1057//1057 1022//1022
f 1022//1022 1057//1057 1018//1018
f 1021//1021 1059//1059 1023//1023
f 1059//1059 1060//1060 1023//1023
f 1060//1060 1025//1025 1023//1023
f 1060//1060 1064//1064 1065//1065
f 1065//1065 1025//1025 1060//1060
f 1066//1066 1027//1027 1065//1065
f 1066//1066 1065//1065 1064//1064
f 1058//1058 1067//1067 1027//1027
f 1058//1058 1027//1027 1066//1066
f 1058//1058 1063//1063 1067//1067
f 1063//1063 1062//1062 1029//1029
f 1029//1029 1062//1062 1022//1022
f 1025//1025 1065//1065 1026//1026
f 1065//1065 1027//1027 1026//1026
f 1027//1027 1067//1067 1028//1028
f 1067//1067 1063//1063 1028//1028
f 1063//1063 1029//1029 1028//1028
f 1037//1037 1033//1033 1068//1068
f 1033//1033 1038//1038 1068//1068
f 1036//1036 1030//1030 1069//1069
f 1030//1030 1037//1037 1070//1070
f 1030//1030 1070//1070 1069//1069
f 1068//1068 1070//1070 1037//1037
f 1038//1038 1071//1071 1068//1068
f 1038//1038 1042//1042 1071//1071
f 1041//1041 1036//1036 1044//1044
f 1069//1069 1072//1072 1036//1036
f 1070//1070 1072//1072 1069//1069
f 1068//1068 1073//1073 1070//1070
f 1068//1068 1071//1071 1074//1074
f 1074//1074 1073//1073 1068//1068
f 1042//1042 1074//1074 1071//1071
f 1042//1042 1045//1045 1074//1074
f 1044//1044 1036//1036 1047//1047
f 1072//1072 1075//1075 1036//1036
f 1036//1036 1075//1075 1047//1047
f 1070//1070 1076//1076 1075//1075
f 1070//1070 1075//1075 1072//1072
f 1070//1070 1073//1073 1076//1076
f 1074//1074 1077//1077 1076//1076
f 1074//1074 1076//1076 1073//1073
f 1074//1074 1049//1049 1077//1077
f 1045//1045 1049//1049 1074//1074
f 1075//1075 1061//1061 1047//1047
f 1075//1075 1076//1076 1078//1078
f 1076//1076 1079//1079 1078//1078
f 1076//1076 1077//1077 1080//1080
f 1080//1080 1079//1079 1076//1076
f 1052//1052 1080//1080 1077//1077
f 1049//1049 1052//1052 1077//1077
f 1050//1050 1047//1047 1056//1056
f 1047//1047 1061//1061 1056//1056
f 1061//1061 1075//1075 1081//1081
f 1075//1075 1078//1078 1081//1081
f 1078//1078 1082//1082 1081//1081
f 1079//1079 1082//1082 1078//1078
f 1079//1079 1054//1054 1082//1082
f 1080//1080 1054//1054 1079//1079
f 1080//1080 1052//1052 1054//1054
f 1081//1081 1064//1064 1061//1061
f 1066//1066 1064//1064 1081//1081
f 1082//1082 1066//1066 1081//1081
f 1082//1082 1058//1058 1066//1066
f 1054//1054 1058//1058 1082//1082
f 1061//1061 1064//1064 1060//1060
