# claycore OBJ export (vertex-color extension: v x y z r g b)
mtllib 44_quads_2000.mtl
usemtl clay_default
o claycore
v -0.204316616 -0.104474247 -0.247527286 0.690196097 0.470588237 0.290196091
v -0.176382601 -0.108402096 -0.248145461 0.690196097 0.470588237 0.290196091
v -0.142673552 -0.108402096 -0.248145461 0.690196097 0.470588237 0.290196091
v -0.108964503 -0.108402096 -0.248145461 0.690196097 0.470588237 0.290196091
v -0.0752554536 -0.108402096 -0.248145461 0.690196097 0.470588237 0.290196091
v -0.0415464044 -0.108402096 -0.248145461 0.690196097 0.470588237 0.290196091
v -0.00783735514 -0.108402096 -0.248145461 0.690196097 0.470588237 0.290196091
v 0.0258716941 -0.108402096 -0.248145461 0.690196097 0.470588237 0.290196091
v 0.0595807433 -0.108402096 -0.248145461 0.690196097 0.470588237 0.290196091
v 0.0932897925 -0.108402096 -0.248145461 0.690196097 0.470588237 0.290196091
v 0.126998842 -0.108402096 -0.248145461 0.690196097 0.470588237 0.290196091
v 0.160707891 -0.108402096 -0.248145461 0.690196097 0.470588237 0.290196091
v 0.19441694 -0.108369865 -0.248140186 0.690196097 0.470588237 0.290196091
v 0.214211211 -0.104431272 -0.247520253 0.690196097 0.470588237 0.290196091
v -0.209856346 -0.0797640383 -0.248145461 0.690196097 0.470588237 0.290196091
v -0.176382601 -0.0797640383 -0.25 0.690196097 0.470588237 0.290196091
v -0.142673552 -0.0797640383 -0.25 0.690196097 0.470588237 0.290196091
v -0.108964503 -0.0797640383 -0.25 0.690196097 0.470588237 0.290196091
v -0.0752554536 -0.0797640383 -0.25 0.690196097 0.470588237 0.290196091
v -0.0415464044 -0.0797640383 -0.25 0.690196097 0.470588237 0.290196091
v -0.00783735514 -0.0797640383 -0.25 0.690196097 0.470588237 0.290196091
v 0.0258716941 -0.0797640383 -0.25 0.690196097 0.470588237 0.290196091
v 0.0595807433 -0.0797640383 -0.25 0.690196097 0.470588237 0.290196091
v 0.0932897925 -0.0797640383 -0.25 0.690196097 0.470588237 0.290196091
v 0.126998842 -0.0797640383 -0.25 0.690196097 0.470588237 0.290196091
v 0.160707891 -0.0797640383 -0.25 0.690196097 0.470588237 0.290196091
v 0.19441694 -0.0797640383 -0.24998945 0.690196097 0.470588237 0.290196091
v 0.215681061 -0.0797640383 -0.248134911 0.690196097 0.470588237 0.290196091
v -0.209856346 -0.0460549891 -0.248145461 0.690196097 0.470588237 0.290196091
v -0.176382601 -0.0460549891 -0.25 0.690196097 0.470588237 0.290196091
v -0.142673552 -0.0460549891 -0.25 0.690196097 0.470588237 0.290196091
v -0.108964503 -0.0460549891 -0.25 0.690196097 0.470588237 0.290196091
v -0.0752554536 -0.0460549891 -0.25 0.690196097 0.470588237 0.290196091
v -0.0415464044 -0.0460549891 -0.25 0.690196097 0.470588237 0.290196091
v -0.00783735514 -0.0460549891 -0.25 0.690196097 0.470588237 0.290196091
v 0.0258716941 -0.0460549891 -0.25 0.690196097 0.470588237 0.290196091
v 0.0595807433 -0.0460549891 -0.25 0.690196097 0.470588237 0.290196091
v 0.0932897925 -0.0460549891 -0.25 0.690196097 0.470588237 0.290196091
v 0.126998842 -0.0460549891 -0.25 0.690196097 0.470588237 0.290196091
v 0.160707891 -0.0460549891 -0.25 0.690196097 0.470588237 0.290196091
v 0.19441694 -0.0460549891 -0.24998945 0.690196097 0.470588237 0.290196091
v 0.215681061 -0.0460549891 -0.248134911 0.690196097 0.470588237 0.290196091
v -0.209856346 -0.0123459399 -0.248145461 0.690196097 0.470588237 0.290196091
v -0.176382601 -0.0123459399 -0.25 0.690196097 0.470588237 0.290196091
v -0.142673552 -0.0123459399 -0.25 0.690196097 0.470588237 0.290196091
v -0.108964503 -0.0123459399 -0.25 0.690196097 0.470588237 0.290196091
v -0.0752554536 -0.0123459399 -0.25 0.690196097 0.470588237 0.290196091
v -0.0415464044 -0.0123459399 -0.25 0.690196097 0.470588237 0.290196091
v -0.00783735514 -0.0123459399 -0.25 0.690196097 0.470588237 0.290196091
v 0.0258716941 -0.0123459399 -0.25 0.690196097 0.470588237 0.290196091
v 0.0595807433 -0.0123459399 -0.25 0.690196097 0.470588237 0.290196091
v 0.0932897925 -0.0123459399 -0.25 0.690196097 0.470588237 0.290196091
v 0.126998842 -0.0123459399 -0.25 0.690196097 0.470588237 0.290196091
v 0.160707891 -0.0123459399 -0.25 0.690196097 0.470588237 0.290196091
v 0.19441694 -0.0123459399 -0.24998945 0.690196097 0.470588237 0.290196091
v 0.215684786 -0.0123459399 -0.248134911 0.690196097 0.470588237 0.290196091
v -0.209856346 0.0213631094 -0.248145461 0.690196097 0.470588237 0.290196091
v -0.176382601 0.0213631094 -0.25 0.690196097 0.470588237 0.290196091
v -0.142673552 0.0213631094 -0.25 0.690196097 0.470588237 0.290196091
v -0.108964503 0.0213631094 -0.25 0.690196097 0.470588237 0.290196091
v -0.0752554536 0.0213631094 -0.25 0.690196097 0.470588237 0.290196091
v -0.0415464044 0.0213631094 -0.25 0.690196097 0.470588237 0.290196091
v -0.00783735514 0.0213631094 -0.25 0.690196097 0.470588237 0.290196091
v 0.0258716941 0.0213631094 -0.25 0.690196097 0.470588237 0.290196091
v 0.0595807433 0.0213631094 -0.25 0.690196097 0.470588237 0.290196091
v 0.0932897925 0.0213631094 -0.25 0.690196097 0.470588237 0.290196091
v 0.126998842 0.0213631094 -0.25 0.690196097 0.470588237 0.290196091
v 0.160707891 0.0213631094 -0.25 0.690196097 0.470588237 0.290196091
v 0.19441694 0.0213631094 -0.249990717 0.690196097 0.470588237 0.290196091
v 0.215733588 0.0213631094 -0.248136163 0.690196097 0.470588237 0.290196091
v -0.209856346 0.0550721586 -0.248145461 0.690196097 0.470588237 0.290196091
v -0.176382601 0.0550721586 -0.25 0.690196097 0.470588237 0.290196091
v -0.142673552 0.0550721586 -0.25 0.690196097 0.470588237 0.290196091
v -0.108964503 0.0550721586 -0.25 0.690196097 0.470588237 0.290196091
v -0.0752554536 0.0550721586 -0.25 0.690196097 0.470588237 0.290196091
v -0.0415464044 0.0550721586 -0.25 0.690196097 0.470588237 0.290196091
v -0.00783735514 0.0550721586 -0.25 0.690196097 0.470588237 0.290196091
v 0.0258716941 0.0550721586 -0.25 0.690196097 0.470588237 0.290196091
v 0.0595807433 0.0550721586 -0.25 0.690196097 0.470588237 0.290196091
v 0.0932897925 0.0550721586 -0.25 0.690196097 0.470588237 0.290196091
v 0.126998842 0.0550721586 -0.250003189 0.690196097 0.470588237 0.290196091
v 0.160707891 0.0550721586 -0.250023723 0.690198898 0.4705908 0.290197551
v 0.19441694 0.0550721586 -0.250049025 0.69022733 0.470616966 0.290212333
v 0.215920389 0.0550721586 -0.248173922 0.69024986 0.470637679 0.290224046
v -0.209856346 0.0887812078 -0.248145461 0.690196097 0.470588237 0.290196091
v -0.176382601 0.0887812078 -0.25 0.690196097 0.470588237 0.290196091
v -0.142673552 0.0887812078 -0.25 0.690196097 0.470588237 0.290196091
v -0.108964503 0.0887812078 -0.25 0.690196097 0.470588237 0.290196091
v -0.0752554536 0.0887812078 -0.25 0.690196097 0.470588237 0.290196091
v -0.0415464044 0.0887812078 -0.25 0.690196097 0.470588237 0.290196091
v -0.00783735514 0.0887812078 -0.25 0.690196097 0.470588237 0.290196091
v 0.0258716941 0.0887812078 -0.25 0.690196097 0.470588237 0.290196091
v 0.0595807433 0.0887812078 -0.25 0.690196097 0.470588237 0.290196091
v 0.0932897925 0.0887812078 -0.25000298 0.690196097 0.470588237 0.290196091
v 0.126998842 0.0887812078 -0.250038117 0.690209568 0.470600635 0.290203094
v 0.160707891 0.0887812078 -0.250127226 0.690290987 0.470675528 0.290245444
v 0.19441694 0.0887812078 -0.250221282 0.690384567 0.470761597 0.290294081
v 0.216269523 0.0887812078 -0.248274654 0.690439105 0.470811814 0.290322483
v -0.204316616 0.109650932 -0.247527286 0.690196097 0.470588237 0.290196091
v -0.176382601 0.111658521 -0.248145461 0.690196097 0.470588237 0.290196091
v -0.142673552 0.111658521 -0.248145461 0.690196097 0.470588237 0.290196091
v -0.108964503 0.111658521 -0.248145461 0.690196097 0.470588237 0.290196091
v -0.0752554536 0.111658521 -0.248145461 0.690196097 0.470588237 0.290196091
v -0.0415464044 0.111658521 -0.248145461 0.690196097 0.470588237 0.290196091
v -0.00783735514 0.111658521 -0.248145461 0.690196097 0.470588237 0.290196091
v 0.0258716941 0.111658521 -0.248145461 0.690196097 0.470588237 0.290196091
v 0.0595807433 0.111682191 -0.248145461 0.690196097 0.470588237 0.290196091
v 0.0932897925 0.111798994 -0.248148441 0.690196097 0.470588237 0.290196091
v 0.126998842 0.112073869 -0.248180389 0.690259814 0.470646858 0.290229231
v 0.160707891 0.112459205 -0.248248965 0.690398216 0.470774204 0.290301204
v 0.19441694 0.112794004 -0.248313725 0.690532267 0.470897526 0.290370911
v 0.214741781 0.110495366 -0.247656226 0.690576553 0.470938236 0.290393919
v -0.232317373 -0.135333434 -0.22080414 0.690196097 0.470588237 0.290196091
v -0.21009165 -0.138973996 -0.226538479 0.690196097 0.470588237 0.290196091
v -0.176382601 -0.140111655 -0.228161693 0.690196097 0.470588237 0.290196091
v -0.142673552 -0.140111655 -0.228161693 0.690196097 0.470588237 0.290196091
v -0.108964503 -0.140111655 -0.228161693 0.690196097 0.470588237 0.290196091
v -0.0752554536 -0.140111655 -0.228161693 0.690196097 0.470588237 0.290196091
v -0.0415464044 -0.140111655 -0.228161693 0.690196097 0.470588237 0.290196091
v -0.00783735514 -0.140111655 -0.228161693 0.690196097 0.470588237 0.290196091
v 0.0258716941 -0.140111655 -0.228161693 0.690196097 0.470588237 0.290196091
v 0.0595807433 -0.140111655 -0.228161693 0.690196097 0.470588237 0.290196091
v 0.0932897925 -0.140111655 -0.228161693 0.690196097 0.470588237 0.290196091
v 0.126998842 -0.140111655 -0.228161693 0.690196097 0.470588237 0.290196091
v 0.160707891 -0.140111655 -0.228161693 0.690196097 0.470588237 0.290196091
v 0.19441694 -0.140105337 -0.228153318 0.690196097 0.470588237 0.290196091
v 0.222204432 -0.136841878 -0.222957253 0.690196097 0.470588237 0.290196091
v -0.236711234 -0.113473088 -0.22715652 0.690196097 0.470588237 0.290196091
v -0.213368446 -0.114815593 -0.243957132 0.690196097 0.470588237 0.290196091
v -0.176382601 -0.125256628 -0.245016217 0.690196097 0.470588237 0.290196091
v -0.142673552 -0.125256628 -0.245016217 0.690196097 0.470588237 0.290196091
v -0.108964503 -0.125256628 -0.245016217 0.690196097 0.470588237 0.290196091
v -0.0752554536 -0.125256628 -0.245016217 0.690196097 0.470588237 0.290196091
v -0.0415464044 -0.125256628 -0.245016217 0.690196097 0.470588237 0.290196091
v -0.00783735514 -0.125256628 -0.245016217 0.690196097 0.470588237 0.290196091
v 0.0258716941 -0.125256628 -0.245016217 0.690196097 0.470588237 0.290196091
v 0.0595807433 -0.125256628 -0.245016217 0.690196097 0.470588237 0.290196091
v 0.0932897925 -0.125256628 -0.245016217 0.690196097 0.470588237 0.290196091
v 0.126998842 -0.125256628 -0.245016217 0.690196097 0.470588237 0.290196091
v 0.160707891 -0.125256628 -0.245016217 0.690196097 0.470588237 0.290196091
v 0.19441694 -0.125224382 -0.245007843 0.690196097 0.470588237 0.290196091
v 0.229444191 -0.116823971 -0.230810657 0.690196097 0.470588237 0.290196091
v 0.246624634 -0.106743991 -0.216191366 0.690196097 0.470588237 0.290196091
v -0.238419488 -0.0797640383 -0.229397774 0.690196097 0.470588237 0.290196091
v -0.226710871 -0.0797640383 -0.246252298 0.690196097 0.470588237 0.290196091
v 0.232535586 -0.0797640383 -0.234850645 0.690196097 0.470588237 0.290196091
v 0.247463539 -0.0797640383 -0.21799612 0.690196097 0.470588237 0.290196091
v -0.238419488 -0.0460549891 -0.229397774 0.690196097 0.470588237 0.290196091
v -0.226710871 -0.0460549891 -0.246252298 0.690196097 0.470588237 0.290196091
v 0.232535586 -0.0460549891 -0.234862387 0.690196097 0.470588237 0.290196091
v 0.247526795 -0.0460549891 -0.218007863 0.690196097 0.470588237 0.290196091
v -0.238419488 -0.0123459399 -0.229397774 0.690196097 0.470588237 0.290196091
v -0.226710871 -0.0123459399 -0.246252298 0.690196097 0.470588237 0.290196091
v 0.232539311 -0.0123459399 -0.235023201 0.690196097 0.470588237 0.290196091
v 0.247722179 -0.0123459399 -0.218168676 0.690311074 0.470694035 0.290255874
v -0.238419488 0.0213631094 -0.229397774 0.690196097 0.470588237 0.290196091
v -0.226710871 0.0213631094 -0.246252298 0.690196097 0.470588237 0.290196091
v 0.232588112 0.0213631094 -0.235466704 0.69021523 0.47060582 0.290206045
v 0.248110801 0.0213631094 -0.218612179 0.690745473 0.471093684 0.290481776
v -0.238419488 0.0550721586 -0.229397774 0.690196097 0.470588237 0.290196091
v -0.226710871 0.0550721586 -0.246252298 0.690196097 0.470588237 0.290196091
v 0.232774913 0.0550721586 -0.236120611 0.69041419 0.470788896 0.290309519
v 0.248634949 0.0550721586 -0.219266087 0.69136703 0.471665502 0.290804982
v -0.238419488 0.0887812078 -0.229397774 0.690196097 0.470588237 0.290196091
v -0.226710871 0.0887812078 -0.246252298 0.690196097 0.470588237 0.290196091
v 0.233124048 0.0887812078 -0.236827716 0.690736413 0.47108531 0.290477037
v 0.249200255 0.0887812078 -0.219973192 0.692039669 0.472284317 0.291154742
v -0.234742403 0.122490257 -0.224225417 0.690196097 0.470588237 0.290196091
v -0.213368446 0.121528469 -0.239509389 0.690196097 0.470588237 0.290196091
v -0.176382601 0.128513038 -0.239759028 0.690196097 0.470588237 0.290196091
v -0.142673552 0.128513038 -0.239759028 0.690196097 0.470588237 0.290196091
v -0.108964503 0.128513038 -0.239759028 0.690196097 0.470588237 0.290196091
v -0.0752554536 0.128513038 -0.239759028 0.690196097 0.470588237 0.290196091
v -0.0415464044 0.128513038 -0.239759028 0.690196097 0.470588237 0.290196091
v -0.00783735514 0.128513038 -0.239759028 0.690196097 0.470588237 0.290196091
v 0.0258716941 0.128513038 -0.239779323 0.690196097 0.470588237 0.290196091
v 0.0595807433 0.128536716 -0.23990494 0.690196097 0.470588237 0.290196091
v 0.0932897925 0.128653526 -0.240205556 0.690240622 0.470629215 0.290219247
v 0.126998842 0.128928393 -0.240619943 0.690425694 0.470799446 0.290315479
v 0.160707891 0.129313737 -0.241028219 0.690663695 0.471018434 0.290439248
v 0.19441694 0.129648536 -0.241331011 0.69086796 0.471206337 0.290545464
v 0.229546785 0.12440268 -0.230400607 0.691232204 0.471541464 0.290734857
v 0.247980908 0.115837276 -0.217741191 0.692620039 0.472818255 0.29145655
v -0.229692265 0.141500264 -0.216895998 0.690196097 0.470588237 0.290196091
v -0.21009165 0.143601596 -0.220978782 0.690196097 0.470588237 0.290196091
v -0.176382601 0.144625187 -0.222904503 0.690196097 0.470588237 0.290196091
v -0.142673552 0.144625187 -0.222904503 0.690196097 0.470588237 0.290196091
v -0.108964503 0.144625187 -0.222904503 0.690196097 0.470588237 0.290196091
v -0.0752554536 0.144625187 -0.222904503 0.690196097 0.470588237 0.290196091
v -0.0415464044 0.14464435 -0.222904503 0.690196097 0.470588237 0.290196091
v -0.00783735514 0.144730672 -0.222904503 0.690196097 0.470588237 0.290196091
v 0.0258716941 0.144923583 -0.222924799 0.69020021 0.470592022 0.290198237
v 0.0595807433 0.145265475 -0.223050416 0.690416813 0.47079131 0.29031086
v 0.0932897925 0.145748347 -0.223351032 0.690864503 0.471203148 0.290543646
v 0.126998842 0.146284997 -0.223765418 0.691408336 0.4717035 0.29082647
v 0.160707891 0.146782011 -0.224173695 0.691926718 0.472180426 0.291096032
v 0.19441694 0.147149652 -0.224476486 0.692319274 0.472541541 0.291300148
v 0.221879065 0.144641727 -0.220587328 0.692650259 0.472846061 0.291472256
v -0.235031381 -0.1378631 -0.195727348 0.690196097 0.470588237 0.290196091
v -0.21009165 -0.147673234 -0.195727348 0.690196097 0.470588237 0.290196091
v -0.176382601 -0.149947852 -0.195727348 0.690196097 0.470588237 0.290196091
v -0.142673552 -0.149947852 -0.195727348 0.690196097 0.470588237 0.290196091
v -0.108964503 -0.149947852 -0.195727348 0.690196097 0.470588237 0.290196091
v -0.0752554536 -0.149947852 -0.195727348 0.690196097 0.470588237 0.290196091
v -0.0415464044 -0.149947852 -0.195727348 0.690196097 0.470588237 0.290196091
v -0.00783735514 -0.149947852 -0.195727348 0.690196097 0.470588237 0.290196091
v 0.0258716941 -0.149947852 -0.195727348 0.690196097 0.470588237 0.290196091
v 0.0595807433 -0.149947852 -0.195727348 0.690196097 0.470588237 0.290196091
v 0.0932897925 -0.149947852 -0.195727348 0.690196097 0.470588237 0.290196091
v 0.126998842 -0.149947852 -0.195727348 0.690196097 0.470588237 0.290196091
v 0.160707891 -0.149947852 -0.195727348 0.690196097 0.470588237 0.290196091
v 0.19441694 -0.149935216 -0.195727348 0.690196097 0.470588237 0.290196091
v 0.227706343 -0.140125081 -0.195727348 0.690196097 0.470588237 0.290196091
v -0.246531487 -0.113473088 -0.195727348 0.690196097 0.470588237 0.290196091
v 0.244560868 -0.128789812 -0.195727348 0.690196097 0.470588237 0.290196091
v 0.247504652 -0.111935288 -0.195727348 0.690196097 0.470588237 0.290196091
v -0.249946401 -0.0797640383 -0.195727348 0.690196097 0.470588237 0.290196091
v 0.250181258 -0.0797640383 -0.195727348 0.690196097 0.470588237 0.290196091
v -0.249946401 -0.0460549891 -0.195727348 0.690196097 0.470588237 0.290196091
v 0.250702858 -0.0460549891 -0.195727348 0.690456688 0.470827967 0.290331602
v -0.249946401 -0.0123459399 -0.195727348 0.690196097 0.470588237 0.290196091
v 0.251690686 -0.0123459399 -0.195727348 0.69122231 0.471532345 0.290729731
v -0.249946401 0.0213631094 -0.195727348 0.690196097 0.470588237 0.290196091
v 0.253111869 0.0213631094 -0.195727348 0.692361236 0.472580165 0.291321963
v -0.249946401 0.0550721586 -0.195727348 0.690196097 0.470588237 0.290196091
v 0.254789531 0.0550721586 -0.195727348 0.693712056 0.473822951 0.292024404
v -0.249946401 0.0887812078 -0.195727348 0.690196097 0.470588237 0.290196091
v 0.256493598 0.0887812078 -0.195727348 0.695089757 0.475090384 0.292740792
v -0.242595553 0.122490257 -0.195727348 0.690196097 0.470588237 0.290196091
v 0.24435176 0.13830997 -0.211106062 0.694248855 0.474316776 0.292303532
v 0.251481771 0.125240281 -0.198212773 0.695533693 0.475498855 0.292971641
v -0.231095433 0.142601922 -0.195727348 0.690196097 0.470588237 0.290196091
v -0.21009165 0.147905946 -0.195727348 0.690196097 0.470588237 0.290196091
v -0.176382601 0.149952799 -0.195727348 0.690196097 0.470588237 0.290196091
v -0.142673552 0.149952799 -0.195727348 0.690196097 0.470588237 0.290196091
v -0.108964503 0.149953723 -0.195727348 0.690196097 0.470588237 0.290196091
v -0.0752554536 0.150002748 -0.195727348 0.690196097 0.470588237 0.290196091
v -0.0415464044 0.150195658 -0.195727348 0.690196097 0.470588237 0.290196091
v -0.00783735514 0.150694221 -0.195727348 0.69036752 0.470745951 0.29028523
v 0.0258716941 0.151613057 -0.195727348 0.691039681 0.471364319 0.290634751
v 0.0595807433 0.152936161 -0.195727348 0.692100883 0.472340643 0.291186601
v 0.0932897925 0.154542476 -0.195727348 0.693399251 0.47353515 0.291861743
v 0.126998842 0.156210735 -0.195727348 0.694753587 0.474781126 0.292566001
v 0.160707891 0.157704532 -0.195727348 0.695970893 0.475901037 0.293198973
v 0.19441694 0.158796474 -0.195727348 0.696869552 0.476727813 0.293666303
v 0.231119633 0.149134204 -0.198212773 0.696070313 0.475992531 0.29325068
v 0.247587964 0.142413974 -0.188633367 0.698185861 0.477938801 0.294350773
v -0.235059783 -0.137889892 -0.162018299 0.690196097 0.470588237 0.290196091
v -0.21009165 -0.147726089 -0.162018299 0.690196097 0.470588237 0.290196091
v -0.176382601 -0.150000006 -0.162018299 0.690196097 0.470588237 0.290196091
v -0.142673552 -0.150000006 -0.162018299 0.690196097 0.470588237 0.290196091
v -0.108964503 -0.150000006 -0.162018299 0.690196097 0.470588237 0.290196091
v -0.0752554536 -0.150000006 -0.162018299 0.690196097 0.470588237 0.290196091
v -0.0415464044 -0.150000006 -0.162018299 0.690196097 0.470588237 0.290196091
v -0.00783735514 -0.150000006 -0.162018299 0.690196097 0.470588237 0.290196091
v 0.0258716941 -0.150000006 -0.162018299 0.690196097 0.470588237 0.290196091
v 0.0595807433 -0.150000006 -0.162018299 0.690196097 0.470588237 0.290196091
v 0.0932897925 -0.150000006 -0.162018299 0.690196097 0.470588237 0.290196091
v 0.126998842 -0.150000006 -0.162018299 0.690196097 0.470588237 0.290196091
v 0.160707891 -0.150000006 -0.162018299 0.690196097 0.470588237 0.290196091
v 0.19441694 -0.14998737 -0.162018299 0.690196097 0.470588237 0.290196091
v 0.227769405 -0.140151158 -0.162018299 0.690196097 0.470588237 0.290196091
v -0.246586695 -0.113473088 -0.162018299 0.690196097 0.470588237 0.290196091
v 0.244623929 -0.129077315 -0.162018299 0.690196097 0.470588237 0.290196091
v 0.247806475 -0.112222791 -0.162018299 0.690212846 0.470603615 0.290204793
v -0.25 -0.0797640383 -0.162018299 0.690196097 0.470588237 0.290196091
v 0.25126043 -0.0797640383 -0.162018299 0.69084543 0.471185654 0.290533751
v -0.25 -0.0460549891 -0.162018299 0.690196097 0.470588237 0.290196091
v 0.252933383 -0.0460549891 -0.162018299 0.692185402 0.472418368 0.2912305
v -0.25 -0.0123459399 -0.162018299 0.690196097 0.470588237 0.290196091
v 0.255348265 -0.0123459399 -0.162018299 0.694132507 0.474209726 0.292243004
v -0.25 0.0213631094 -0.162018299 0.690196097 0.470588237 0.290196091
v 0.258285969 0.0213631094 -0.162018299 0.696514964 0.476401627 0.293481916
v -0.25 0.0550721586 -0.162018299 0.690196097 0.470588237 0.290196091
v 0.26146251 0.0550721586 -0.162018299 0.699104846 0.478784263 0.294828624
v -0.25 0.0887812078 -0.162018299 0.690196097 0.470588237 0.290196091
v 0.264546216 0.0887812078 -0.162018299 0.701630056 0.481107473 0.296141744
v -0.242652476 0.122490257 -0.162018299 0.690196097 0.470588237 0.290196091
v 0.262950093 0.122490257 -0.162018299 0.703266025 0.48261255 0.296992451
v -0.231125548 0.142625853 -0.162018299 0.690196097 0.470588237 0.290196091
v -0.21009165 0.147953466 -0.162018299 0.690196097 0.470588237 0.290196091
v -0.176382601 0.150000006 -0.162018299 0.690196097 0.470588237 0.290196091
v -0.142673552 0.150002465 -0.162018299 0.690196097 0.470588237 0.290196091
v -0.108964503 0.150073051 -0.162018299 0.690196097 0.470588237 0.290196091
v -0.0752554536 0.150385067 -0.162018299 0.690201879 0.470593542 0.290199101
v -0.0415464044 0.151202172 -0.162018299 0.690692067 0.471044511 0.290454
v -0.00783735514 0.152748004 -0.162018299 0.69191438 0.472169042 0.291089594
v 0.0258716941 0.15504013 -0.162018299 0.693769753 0.473875999 0.292054385
v 0.0595807433 0.157908648 -0.162018299 0.696106613 0.476025939 0.293269575
v 0.0932897925 0.161082953 -0.162018299 0.698709071 0.478420198 0.294622838
v 0.126998842 0.164229691 -0.162018299 0.701303959 0.480807483 0.295972198
v 0.161349133 0.167938665 -0.159290224 0.704414248 0.483668923 0.297589511
v 0.19441694 0.167846113 -0.164742589 0.704375863 0.483633637 0.297569573
v 0.227398515 0.164811343 -0.160183996 0.705818892 0.484961212 0.298319936
v 0.252429724 0.148361295 -0.162018299 0.704914033 0.484128743 0.297849417
v 0.173012972 0.173518494 -0.146235153 0.709412575 0.488267422 0.300188661
v 0.19441694 0.174281567 -0.147888064 0.710037112 0.488841981 0.300513417
v 0.215677187 0.17422612 -0.147724792 0.710654914 0.489410341 0.300834656
v -0.235059783 -0.137889892 -0.12830925 0.690196097 0.470588237 0.290196091
v -0.21009165 -0.147726089 -0.12830925 0.690196097 0.470588237 0.290196091
v -0.176382601 -0.150000006 -0.12830925 0.690196097 0.470588237 0.290196091
v -0.142673552 -0.150000006 -0.12830925 0.690196097 0.470588237 0.290196091
v -0.108964503 -0.150000006 -0.12830925 0.690196097 0.470588237 0.290196091
v -0.0752554536 -0.150000006 -0.12830925 0.690196097 0.470588237 0.290196091
v -0.0415464044 -0.150000006 -0.12830925 0.690196097 0.470588237 0.290196091
v -0.00783735514 -0.150000006 -0.12830925 0.690196097 0.470588237 0.290196091
v 0.0258716941 -0.150000006 -0.12830925 0.690196097 0.470588237 0.290196091
v 0.0595807433 -0.150000006 -0.12830925 0.690196097 0.470588237 0.290196091
v 0.0932897925 -0.150003612 -0.12830925 0.690196097 0.470588237 0.290196091
v 0.126998842 -0.150027871 -0.12830925 0.690196097 0.470588237 0.290196091
v 0.160707891 -0.150079995 -0.12830925 0.690196097 0.470588237 0.290196091
v 0.19441694 -0.150124609 -0.12830925 0.690210819 0.470601767 0.29020375
v 0.231365293 -0.138432115 -0.129126415 0.690268934 0.470655262 0.29023397
v 0.245235369 -0.130628392 -0.118434846 0.690847635 0.471187651 0.290534884
v -0.246586695 -0.113473088 -0.12830925 0.690196097 0.470588237 0.290196091
v 0.244761214 -0.129600033 -0.140907541 0.690301299 0.470685035 0.290250808
v 0.24811992 -0.116407439 -0.129126415 0.690835595 0.471176594 0.290528655
v -0.25 -0.0797640383 -0.12830925 0.690196097 0.470588237 0.290196091
v 0.253887981 -0.0797640383 -0.12830925 0.692953348 0.473124921 0.291629881
v -0.25 -0.0460549891 -0.12830925 0.690196097 0.470588237 0.290196091
v 0.257295728 -0.0460549891 -0.12830925 0.695709884 0.47566095 0.293063283
v -0.25 -0.0123459399 -0.12830925 0.690196097 0.470588237 0.290196091
v 0.261638314 -0.0123459399 -0.12830925 0.699247658 0.478915691 0.294902921
v -0.25 0.0213631094 -0.12830925 0.690196097 0.470588237 0.290196091
v 0.266630411 0.0213631094 -0.12830925 0.70334053 0.482681125 0.297031194
v -0.25 0.0550721586 -0.12830925 0.690196097 0.470588237 0.290196091
v 0.272708654 0.0557171479 -0.126168117 0.708399415 0.487335265 0.299661815
v 0.279610366 0.0673834905 -0.11350435 0.714366615 0.492825091 0.302764744
v -0.25 0.0887812078 -0.12830925 0.690196097 0.470588237 0.290196091
v 0.274107397 0.0887812078 -0.134205014 0.709674716 0.488508552 0.300324947
v 0.281580031 0.0887812078 -0.117350496 0.715945303 0.494277507 0.303585678
v -0.242652476 0.122490257 -0.12830925 0.690196097 0.470588237 0.290196091
v 0.273928344 0.122490257 -0.136177063 0.711724162 0.490394086 0.301390707
v 0.283010513 0.122490257 -0.119322538 0.718809068 0.496912152 0.305074811
v -0.231125548 0.142625853 -0.12830925 0.690196097 0.470588237 0.290196091
v -0.21009165 0.147953466 -0.12830925 0.690196097 0.470588237 0.290196091
v -0.176382601 0.15000087 -0.12830925 0.690196097 0.470588237 0.290196091
v -0.142673552 0.150072768 -0.12830925 0.690196097 0.470588237 0.290196091
v -0.108964503 0.150444195 -0.12830925 0.69021666 0.470607132 0.29020676
v -0.0752554536 0.151505321 -0.12830925 0.690922499 0.471256554 0.290573835
v -0.0415464044 0.153620392 -0.12830925 0.692618787 0.472817123 0.291455895
v -0.00783735514 0.156888008 -0.12830925 0.695272803 0.475258797 0.292835981
v 0.0258716941 0.161180019 -0.12830925 0.698787749 0.478492588 0.294663757
v 0.0613364689 0.167274117 -0.125835493 0.703845024 0.483145267 0.297293544
v 0.0932897925 0.169143349 -0.134273589 0.705581009 0.484742373 0.298196256
v 0.126998842 0.171158493 -0.140562952 0.707405627 0.486421019 0.299145043
v 0.150540277 0.172437891 -0.143808499 0.708530962 0.487456292 0.299730211
v 0.238149881 0.170770332 -0.142149448 0.712985575 0.491554588 0.302046627
v 0.263958067 0.158383667 -0.129141599 0.71778357 0.495968699 0.304541558
v 0.281517655 0.145997018 -0.116133749 0.723257303 0.501004577 0.307387918
v 0.0737433061 0.17366004 -0.112949967 0.709492028 0.488340497 0.300229967
v 0.0932897925 0.175842434 -0.117419064 0.71120429 0.489915788 0.301120341
v 0.126998842 0.179474205 -0.123708434 0.713954747 0.492446184 0.302550584
v 0.161349133 0.181007817 -0.130866975 0.715061545 0.49346444 0.303126127
v 0.19441694 0.186193407 -0.12830925 0.719210446 0.497281432 0.305283546
v 0.227398515 0.182703331 -0.129871562 0.719081044 0.497162372 0.305216253
v 0.253138036 0.179424927 -0.119676746 0.724641323 0.502277851 0.308107615
v -0.235059783 -0.137889892 -0.0946002007 0.690196097 0.470588237 0.290196091
v -0.21009165 -0.147726089 -0.0946002007 0.690196097 0.470588237 0.290196091
v -0.176382601 -0.150000006 -0.0946002007 0.690196097 0.470588237 0.290196091
v -0.142673552 -0.150000006 -0.0946002007 0.690196097 0.470588237 0.290196091
v -0.108964503 -0.150000006 -0.0946002007 0.690196097 0.470588237 0.290196091
v -0.0752554536 -0.150000006 -0.0946002007 0.690196097 0.470588237 0.290196091
v -0.0415464044 -0.150000006 -0.0946002007 0.690196097 0.470588237 0.290196091
v -0.00783735514 -0.150000006 -0.0946002007 0.690196097 0.470588237 0.290196091
v 0.0258716941 -0.150002494 -0.0946002007 0.690196097 0.470588237 0.290196091
v 0.0595807433 -0.150046811 -0.0946002007 0.690196097 0.470588237 0.290196091
v 0.0932897925 -0.150184989 -0.0946002007 0.690239072 0.470627785 0.290218443
v 0.126998842 -0.150414377 -0.0946002007 0.690417469 0.470791906 0.290311217
v 0.160707891 -0.150680348 -0.0946002007 0.690643907 0.471000195 0.290428936
v 0.19441694 -0.150894105 -0.0946002007 0.690835953 0.471176893 0.290528804
v 0.228125989 -0.141847402 -0.0946002007 0.691062927 0.471385688 0.290646821
v 0.246043175 -0.131523728 -0.0946002007 0.691912234 0.472167045 0.291088462
v -0.246586695 -0.113473088 -0.0946002007 0.690196097 0.470588237 0.290196091
v 0.251538724 -0.113473088 -0.0946002007 0.693001807 0.473169506 0.291655064
v -0.25 -0.0797640383 -0.0946002007 0.690196097 0.470588237 0.290196091
v 0.258445203 -0.0797640383 -0.0946002007 0.696643651 0.476520002 0.293548822
v -0.25 -0.0460549891 -0.0946002007 0.690196097 0.470588237 0.290196091
v 0.264083594 -0.0460549891 -0.0946002007 0.701249003 0.480756909 0.295943588
v -0.25 -0.0123459399 -0.0946002007 0.690196097 0.470588237 0.290196091
v 0.272065073 -0.0105892383 -0.0923640281 0.707838595 0.486819327 0.29937017
v 0.279460013 0.00181824586 -0.0796368942 0.714230716 0.4927001 0.302694082
v -0.25 0.0213631094 -0.0946002007 0.690196097 0.470588237 0.290196091
v 0.275180548 0.0213631094 -0.102292515 0.710646629 0.489402711 0.300830364
v 0.282348722 0.0213631094 -0.0854379907 0.716552496 0.494836122 0.303901404
v -0.25 0.0550721586 -0.0946002007 0.690196097 0.470588237 0.290196091
v 0.277424246 0.0449107885 -0.108583577 0.712573886 0.491175801 0.301832527
v 0.286160618 0.0557171479 -0.0962484181 0.719481051 0.497530431 0.305424273
v -0.25 0.0887812078 -0.0946002007 0.690196097 0.470588237 0.290196091
v 0.294954717 0.0887812078 -0.0946002007 0.726584196 0.504065275 0.309117913
v -0.242652476 0.122490257 -0.0946002007 0.690196097 0.470588237 0.290196091
v 0.301876217 0.123591304 -0.0915514976 0.733732224 0.510641515 0.312834889
v 0.312831551 0.13556169 -0.0782826766 0.744082987 0.520164192 0.318217278
v -0.231125548 0.142625853 -0.0946002007 0.690196097 0.470588237 0.290196091
v -0.21009165 0.147953466 -0.0946002007 0.690196097 0.470588237 0.290196091
v -0.176382601 0.150049359 -0.0946002007 0.690196097 0.470588237 0.290196091
v -0.142673552 0.150382861 -0.0946002007 0.690201461 0.470593184 0.290198892
v -0.108964503 0.151502103 -0.0946002007 0.690920055 0.471254259 0.290572524
v -0.0752554536 0.153948069 -0.0946002007 0.692883849 0.473060966 0.29159373
v -0.0415464044 0.157972962 -0.0946002007 0.696158111 0.476073295 0.293296337
v -0.00783735514 0.163577795 -0.0946002007 0.700762987 0.480309784 0.295690894
v 0.0236451495 0.16952908 -0.0951983929 0.705938816 0.48507157 0.298382312
v 0.0512706041 0.171369433 -0.10683354 0.707568288 0.486570656 0.299229622
v 0.275610745 0.168469712 -0.109023668 0.729696155 0.506928325 0.31073615
v 0.295943886 0.155106485 -0.0936531723 0.737318933 0.513941288 0.314699978
v 0.312831551 0.141743228 -0.0782826766 0.745188475 0.521181226 0.318792135
v 0.0333971344 0.175930038 -0.0843608379 0.711249292 0.489957184 0.301143765
v 0.0613364689 0.179184631 -0.0951983929 0.713724732 0.492234617 0.302430987
v 0.0932897925 0.188967645 -0.0946002007 0.721459389 0.499350458 0.30645299
v 0.124497175 0.198132589 -0.0935026854 0.729178965 0.506452501 0.310467184
v 0.160707891 0.199502349 -0.102437727 0.730439723 0.507612407 0.311122775
v 0.19441694 0.201820195 -0.105769634 0.732468605 0.509478927 0.312177777
v 0.228125989 0.201090991 -0.105743602 0.734016299 0.510902822 0.312982589
v 0.263358653 0.190360114 -0.101241328 0.736886263 0.513543248 0.314475
v 0.286952555 0.189908355 -0.0852909535 0.74775058 0.523538411 0.320124447
v 0.134065732 0.210198 -0.0815346539 0.739392698 0.515849113 0.315778315
v 0.160707891 0.214306384 -0.0855832025 0.742539525 0.518744171 0.317414671
v 0.19441694 0.218211263 -0.0889151096 0.745312572 0.521295428 0.318856657
v 0.228125989 0.219025522 -0.0888890773 0.747351646 0.523171365 0.319916964
v 0.261835039 0.213873386 -0.0836567432 0.751179218 0.526692688 0.321907312
v 0.280499011 0.20853503 -0.0790007487 0.753957331 0.529248595 0.323351949
v -0.235059783 -0.137889892 -0.0608911514 0.690196097 0.470588237 0.290196091
v -0.21009165 -0.147726089 -0.0608911514 0.690196097 0.470588237 0.290196091
v -0.176382601 -0.150000006 -0.0608911514 0.690196097 0.470588237 0.290196091
v -0.142673552 -0.150000006 -0.0608911514 0.690196097 0.470588237 0.290196091
v -0.108964503 -0.150000006 -0.0608911514 0.690196097 0.470588237 0.290196091
v -0.0752554536 -0.150000006 -0.0608911514 0.690196097 0.470588237 0.290196091
v -0.0415464044 -0.150000006 -0.0608911514 0.690196097 0.470588237 0.290196091
v -0.00783735514 -0.150010943 -0.0608911514 0.690196097 0.470588237 0.290196091
v 0.0258716941 -0.150114954 -0.0608911514 0.690202713 0.470594347 0.290199548
v 0.0595807433 -0.15042302 -0.0608911514 0.690425873 0.470799655 0.290315568
v 0.0932897925 -0.150943339 -0.0608911514 0.690867901 0.471206278 0.290545404
v 0.126998842 -0.151572019 -0.0608911514 0.691399097 0.471695006 0.290821671
v 0.160707891 -0.152170688 -0.0608911514 0.69190222 0.472157866 0.291083276
v 0.19441694 -0.152612418 -0.0608911514 0.692281127 0.472506464 0.291280299
v 0.228125989 -0.144531012 -0.0608911514 0.692706943 0.472898185 0.291501731
v 0.247769371 -0.133305416 -0.0608911514 0.694181263 0.474254608 0.292268395
v -0.246586695 -0.113473088 -0.0608911514 0.690196097 0.470588237 0.290196091
v 0.255896211 -0.113473088 -0.0608911514 0.696318448 0.476220787 0.293379694
v -0.25 -0.0797640383 -0.0608911514 0.690196097 0.470588237 0.290196091
v 0.264998347 -0.0797640383 -0.0608911514 0.701999187 0.481447071 0.2963337
v -0.25 -0.0460549891 -0.0608911514 0.690196097 0.470588237 0.290196091
v 0.273371041 -0.0460350029 -0.0604962707 0.70903194 0.487917215 0.299990743
v 0.280653566 -0.0347853266 -0.0489966609 0.715168178 0.493562549 0.303181559
v -0.25 -0.0123459399 -0.0608911514 0.690196097 0.470588237 0.290196091
v 0.276443332 -0.020654453 -0.0714693591 0.711727202 0.490396857 0.301392257
v 0.284160137 -0.0105892383 -0.0604962707 0.717966199 0.496136755 0.304636538
v -0.25 0.0213631094 -0.0608911514 0.690196097 0.470588237 0.290196091
v 0.295487136 0.0213631094 -0.0608911514 0.72701931 0.50446564 0.309344172
v -0.25 0.0550721586 -0.0608911514 0.690196097 0.470588237 0.290196091
v 0.305772543 0.0518513434 -0.0610986054 0.73572129 0.512471437 0.313869208
v 0.316911668 0.0609404854 -0.0500005595 0.744620562 0.520658791 0.318496823
v -0.25 0.0887812078 -0.0608911514 0.690196097 0.470588237 0.290196091
v 0.308918774 0.0887812078 -0.0730278268 0.738404751 0.514940202 0.315264583
v 0.322229356 0.0887812078 -0.0561733022 0.748292148 0.524036646 0.320406049
v -0.242652476 0.122490257 -0.0608911514 0.690196097 0.470588237 0.290196091
v 0.311572701 0.113088995 -0.0767276287 0.740936458 0.517269373 0.31658107
v 0.324472815 0.123591304 -0.0636512265 0.75056529 0.526127875 0.321588069
v -0.231125548 0.142625853 -0.0608911514 0.690196097 0.470588237 0.290196091
v -0.21009165 0.147972077 -0.0608911514 0.690196097 0.470588237 0.290196091
v -0.176382601 0.15023981 -0.0608911514 0.690196097 0.470588237 0.290196091
v -0.142673552 0.151194051 -0.0608911514 0.690685987 0.471038938 0.290450841
v -0.108964503 0.15360783 -0.0608911514 0.692608654 0.472807765 0.29145062
v -0.0752554536 0.157961741 -0.0608911514 0.696148932 0.476064861 0.293291569
v -0.0415464044 0.164448425 -0.0608911514 0.701482177 0.480971396 0.296064824
v -0.0110580623 0.170825005 -0.063414529 0.707135081 0.48617211 0.299004376
v 0.0109244362 0.172546133 -0.0763331279 0.708583534 0.487504661 0.29975754
v 0.310370147 0.164215937 -0.0761263371 0.74984479 0.525465012 0.321213394
v 0.325847924 0.154267475 -0.0632904544 0.75570631 0.530857623 0.324261397
v -0.00196885061 0.177238032 -0.0538604297 0.712279618 0.490905076 0.301679522
v 0.0236451495 0.18292591 -0.063414529 0.716545701 0.494829893 0.303897887
v 0.0583986156 0.19794035 -0.0605558231 0.72907275 0.506354749 0.31041193
v 0.0932897925 0.203033566 -0.0727045536 0.733511984 0.510438859 0.312720358
v 0.111593038 0.206291273 -0.0772012249 0.736190259 0.512902856 0.314113051
v 0.30380708 0.189908355 -0.0722982585 0.755500615 0.530668437 0.324154437
v 0.326309443 0.189908355 -0.0554437302 0.764298081 0.538762093 0.328729123
v 0.0688468814 0.21101141 -0.0490959249 0.739991844 0.516400337 0.316089869
v 0.0932897925 0.217967391 -0.0558500253 0.745156944 0.521152258 0.318775743
v 0.122629076 0.225062206 -0.0628006533 0.749931693 0.525545001 0.321258605
v 0.160707891 0.231160909 -0.0698130056 0.753881752 0.529179037 0.32331264
v 0.19441694 0.235065788 -0.0734890997 0.756204128 0.531315625 0.32452026
v 0.228125989 0.235880047 -0.0744350553 0.757618785 0.532617152 0.325255901
v 0.261835039 0.230727911 -0.071768105 0.759794831 0.534619093 0.326387435
v 0.293258846 0.221309811 -0.0646292567 0.763248503 0.537796497 0.328183353
v 0.318811417 0.223617405 -0.0486411564 0.770676434 0.54463017 0.332045853
v 0.133665115 0.2457854 -0.0484000854 0.761717856 0.536388278 0.327387422
v 0.160707891 0.251951456 -0.052958481 0.764500976 0.538948774 0.328834653
v 0.193929031 0.259951085 -0.0547977984 0.767773747 0.541959703 0.330536455
v 0.228125989 0.257326454 -0.0592984222 0.767276645 0.541502357 0.330277979
v 0.261927545 0.259583622 -0.0534296855 0.770987034 0.544915915 0.332207382
v 0.295544088 0.248266757 -0.0487285443 0.772487283 0.54629612 0.332987517
v 0.313287646 0.241484925 -0.0445835404 0.773750782 0.547458589 0.333644539
v 0.204840109 0.275717854 -0.0451746471 0.773342192 0.547082663 0.333432078
v 0.228125989 0.276548773 -0.0457545184 0.774011195 0.5476982 0.333779961
v 0.250752896 0.275801152 -0.0451891273 0.774877548 0.548495173 0.334230453
v -0.235059783 -0.137889892 -0.0271821022 0.690196097 0.470588237 0.290196091
v -0.21009165 -0.147726089 -0.0271821022 0.690196097 0.470588237 0.290196091
v -0.176382601 -0.150000006 -0.0271821022 0.690196097 0.470588237 0.290196091
v -0.142673552 -0.150000006 -0.0271821022 0.690196097 0.470588237 0.290196091
v -0.108964503 -0.150000006 -0.0271821022 0.690196097 0.470588237 0.290196091
v -0.0752554536 -0.150000006 -0.0271821022 0.690196097 0.470588237 0.290196091
v -0.0415464044 -0.150010839 -0.0271821022 0.690196097 0.470588237 0.290196091
v -0.00783735514 -0.150148109 -0.0271821022 0.690217793 0.470608175 0.290207356
v 0.0258716941 -0.150601909 -0.0271821022 0.690576851 0.470938563 0.290394098
v 0.0595807433 -0.151412055 -0.0271821022 0.691264331 0.471570998 0.290751547
v 0.0932897925 -0.15244019 -0.0271821022 0.692128122 0.472365707 0.291200757
v 0.126998842 -0.153505877 -0.0271821022 0.693019331 0.473185629 0.291664183
v 0.160707891 -0.154446155 -0.0271821022 0.693803608 0.473907173 0.292071998
v 0.19441694 -0.155119389 -0.0271821022 0.694371939 0.474430025 0.292367548
v 0.228125989 -0.148089796 -0.0271821022 0.694994926 0.475003153 0.292691469
v 0.250188828 -0.135567263 -0.0271821022 0.69720161 0.477033317 0.293838948
v -0.246586695 -0.113473088 -0.0271821022 0.690196097 0.470588237 0.290196091
v 0.261781573 -0.113473088 -0.0271821022 0.700890422 0.480427027 0.295757145
v -0.25 -0.0797640383 -0.0271821022 0.690196097 0.470588237 0.290196091
v 0.273393482 -0.0794074237 -0.0271791779 0.709052444 0.48793608 0.300001383
v 0.28067407 -0.0679333284 -0.0159408767 0.715184391 0.49357748 0.303190023
v -0.25 -0.0460549891 -0.0271821022 0.690196097 0.470588237 0.290196091
v 0.276878446 -0.0572580285 -0.0384135768 0.712086856 0.490727752 0.301579297
v 0.285395145 -0.0460350029 -0.0271791779 0.718913972 0.497008681 0.305129379
v -0.25 -0.0123459399 -0.0271821022 0.690196097 0.470588237 0.290196091
v 0.301517963 -0.0111603644 -0.0257126447 0.732043564 0.50908792 0.311956763
v 0.314387172 0.000866369053 -0.0134966569 0.742674053 0.51886797 0.317484617
v -0.25 0.0213631094 -0.0271821022 0.690196097 0.470588237 0.290196091
v 0.308682501 0.0213631094 -0.0378806666 0.738216996 0.514767468 0.31516695
v 0.320075065 0.0213631094 -0.0210261419 0.746882021 0.522739291 0.319672763
v -0.25 0.0550721586 -0.0271821022 0.690196097 0.470588237 0.290196091
v 0.312296957 0.0384677872 -0.0438959487 0.74105835 0.517381549 0.31664446
v 0.330014855 0.0523807704 -0.0288266372 0.753170252 0.528524458 0.322942644
v 0.348989725 0.0662937537 -0.0137573211 0.763197243 0.53774935 0.32815671
v -0.25 0.0887812078 -0.0271821022 0.690196097 0.470588237 0.290196091
v 0.33908391 0.0887812078 -0.0361110792 0.758413911 0.53334868 0.325669378
v 0.354111791 0.0887812078 -0.0192565545 0.765526712 0.539892435 0.329367995
v -0.242652476 0.122490257 -0.0271821022 0.690196097 0.470588237 0.290196091
v 0.344021201 0.122490257 -0.0418679453 0.761381269 0.536078632 0.327212393
v 0.360291541 0.122490257 -0.0250134207 0.76833111 0.542472482 0.330826283
v -0.231125548 0.142626688 -0.0271821022 0.690196097 0.470588237 0.290196091
v -0.21009165 0.148058027 -0.0271821022 0.690196097 0.470588237 0.290196091
v -0.176382601 0.150732502 -0.0271821022 0.690363109 0.470741868 0.290282935
v -0.142673552 0.152727604 -0.0271821022 0.691897929 0.472153902 0.291081041
v -0.108964503 0.156857818 -0.0271821022 0.695248187 0.475236148 0.292823166
v -0.0752554536 0.163544133 -0.0271821022 0.700735211 0.480284244 0.29567644
v -0.0440432392 0.170811683 -0.0304023679 0.707122803 0.486160815 0.298997968
v -0.0244415496 0.17297256 -0.0437855609 0.708958983 0.48785007 0.299952775
v 0.34574002 0.156199306 -0.0437304862 0.765315652 0.539698243 0.329258263
v 0.366264343 0.153547645 -0.0241069067 0.772376716 0.546194434 0.332930028
v 0.380717039 0.16301623 -0.0112286136 0.777090549 0.550531149 0.33538121
v -0.0344714485 0.177224517 -0.0213128626 0.712268949 0.490895271 0.301673979
v -0.0110580623 0.184284717 -0.0304023679 0.717570901 0.495773077 0.304430991
v 0.0233293232 0.200901747 -0.0289977901 0.731697798 0.50876981 0.311776996
v 0.0463741831 0.204919577 -0.0414445996 0.735037982 0.511842787 0.313513875
v 0.343163967 0.189908355 -0.0420373194 0.76997143 0.543981552 0.331679285
v 0.366220564 0.192261741 -0.0227523725 0.776553571 0.550037146 0.335101992
v 0.380717039 0.182594299 -0.0112286136 0.778721929 0.552032053 0.336229533
v 0.0328707583 0.213758066 -0.0189718995 0.742118776 0.518357098 0.317195892
v 0.058519911 0.223621085 -0.0280442182 0.749031425 0.524716735 0.32079044
v 0.0932897925 0.234821916 -0.0385066457 0.756057858 0.531181097 0.324444205
v 0.111192413 0.239926398 -0.043583408 0.758745134 0.533653378 0.325841606
v 0.335665941 0.223617405 -0.0377878472 0.774602711 0.548242331 0.334087521
v 0.359876454 0.223617405 -0.0209333245 0.779369235 0.552627563 0.33656612
v 0.0706656352 0.24509196 -0.0146438377 0.761342287 0.53604275 0.327192128
v 0.0949725434 0.256727576 -0.0204266366 0.766523242 0.540809214 0.329886198
v 0.124256805 0.257143646 -0.0355199277 0.766685247 0.540958285 0.329970449
v 0.160707891 0.268805981 -0.0402479805 0.771118701 0.545037031 0.332275838
v 0.182367399 0.272937179 -0.0432224013 0.772444129 0.546256483 0.332965076
v 0.273225605 0.272324711 -0.043040365 0.775854468 0.549394011 0.334738463
v 0.295544088 0.265121281 -0.0395694859 0.77674979 0.550217688 0.335204005
v 0.326415628 0.254563361 -0.0310346484 0.778775513 0.552081347 0.336257398
v 0.352118731 0.257326454 -0.01464957 0.782568455 0.555570841 0.338229716
v 0.107330732 0.276281595 -0.0120599531 0.773474991 0.547204852 0.333501101
v 0.126998842 0.282794058 -0.0168761425 0.775484324 0.549053431 0.33454597
v 0.159570307 0.293294698 -0.0223204531 0.778210044 0.551561058 0.335963339
v 0.193929031 0.288586736 -0.0344358869 0.777031124 0.550476491 0.335350305
v 0.228125989 0.293403298 -0.0344804153 0.778483927 0.551813066 0.336105764
v 0.261927545 0.288636714 -0.0349676237 0.778889537 0.552186251 0.336316705
v 0.298501909 0.294177115 -0.0222424455 0.782503128 0.5555107 0.338195741
v 0.329253137 0.282965124 -0.0153871505 0.783452272 0.556383967 0.338689297
v 0.346812844 0.275038958 -0.0107972501 0.783971488 0.556861639 0.338959306
v 0.170048252 0.311217517 -0.0128945336 0.781914413 0.554969072 0.337889612
v 0.19441694 0.315118551 -0.0157918446 0.78262347 0.555621445 0.338258326
v 0.228125989 0.317776829 -0.0176258907 0.783201098 0.556152821 0.338558674
v 0.261835039 0.316588163 -0.0165930409 0.783863902 0.556762636 0.338903368
v 0.28923741 0.312615722 -0.0136691779 0.784475863 0.557325661 0.339221597
v -0.235059783 -0.137889892 0.00652694702 0.690196097 0.470588237 0.290196091
v -0.21009165 -0.147726089 0.00652694702 0.690196097 0.470588237 0.290196091
v -0.176382601 -0.150000006 0.00652694702 0.690196097 0.470588237 0.290196091
v -0.142673552 -0.150000006 0.00652694702 0.690196097 0.470588237 0.290196091
v -0.108964503 -0.150000006 0.00652694702 0.690196097 0.470588237 0.290196091
v -0.0752554536 -0.150002331 0.00652694702 0.690196097 0.470588237 0.290196091
v -0.0415464044 -0.150113776 0.00652694702 0.690202296 0.470593959 0.29019931
v -0.00783735514 -0.150599942 0.00652694702 0.690575182 0.470937014 0.290393233
v 0.0258716941 -0.151592761 0.00652694702 0.691416562 0.471711069 0.290830731
v 0.0595807433 -0.152959511 0.00652694702 0.692562819 0.472765595 0.291426778
v 0.0932897925 -0.154491603 0.00652694702 0.693841517 0.473942012 0.292091697
v 0.126998842 -0.155985489 0.00652694702 0.695084929 0.475085944 0.292738289
v 0.160707891 -0.157259017 0.00652694702 0.696143091 0.476059467 0.293288529
v 0.19441694 -0.158157393 0.00652694702 0.696895242 0.476751447 0.293679655
v 0.228125989 -0.152180597 0.00652694702 0.697701693 0.477493405 0.294099003
v 0.253195256 -0.138096869 0.00652694702 0.700769007 0.480315357 0.295694023
v -0.246586695 -0.113473088 0.00652694702 0.690196097 0.470588237 0.290196091
v 0.270446539 -0.111097887 0.00817967951 0.707565606 0.486568213 0.299228251
v 0.279516518 -0.0982780457 0.0205178503 0.714362264 0.492821097 0.302762508
v -0.25 -0.0797640383 0.00652694702 0.690196097 0.470588237 0.290196091
v 0.2764709 -0.0904060304 -0.00195484865 0.711749852 0.490417689 0.301404029
v 0.284238487 -0.0794074237 0.00817967951 0.71802628 0.496192038 0.304667801
v -0.25 -0.0460549891 0.00652694702 0.690196097 0.470588237 0.290196091
v 0.301562369 -0.0446256846 0.00768645573 0.732082725 0.509123921 0.311977148
v 0.314422876 -0.032436464 0.019695811 0.742701292 0.518893003 0.317498773
v -0.25 -0.0123459399 0.00652694702 0.690196097 0.470588237 0.290196091
v 0.308389634 -0.0216063317 -0.00277688843 0.737919629 0.514493883 0.315012336
v 0.320577145 -0.0111603644 0.00768645573 0.747225881 0.523055613 0.319851577
v -0.25 0.0213631094 0.00652694702 0.690196097 0.470588237 0.290196091
v 0.337794244 0.0194014255 0.00537617784 0.757750869 0.532738626 0.325324565
v 0.35196057 0.0293299854 0.0158453491 0.764577329 0.539018989 0.32887432
v -0.25 0.0550721586 0.00652694702 0.690196097 0.470588237 0.290196091
v 0.343118042 0.0438210517 -0.00662735105 0.760417521 0.535191953 0.326711237
v 0.361711532 0.0566688478 0.00753811374 0.768570542 0.54269278 0.330950797
v 0.381173939 0.0695166364 0.0217035785 0.774935782 0.548548818 0.334260732
v -0.25 0.0887812078 0.00652694702 0.690196097 0.470588237 0.290196091
v 0.370966315 0.0887812078 -0.000455334317 0.771901727 0.545757413 0.332683027
v 0.385812402 0.0887812078 0.0163991898 0.776344776 0.54984504 0.334993422
v -0.242652476 0.122490257 0.00652694702 0.690196097 0.470588237 0.290196091
v 0.377146065 0.122490257 -0.00754150422 0.774042368 0.54772687 0.333796173
v 0.392521679 0.122490257 0.00931302086 0.778225124 0.551574945 0.335971177
v -0.231125548 0.142644346 0.00652694702 0.690196097 0.470588237 0.290196091
v -0.21009165 0.148265451 0.00652694702 0.690196097 0.470588237 0.290196091
v -0.176382601 0.151640207 0.00652694702 0.691026211 0.471351951 0.290627748
v -0.142673552 0.15500015 0.00652694702 0.693737328 0.473846138 0.292037517
v -0.108964503 0.161122173 0.00652694702 0.698740244 0.478448838 0.294639051
v -0.0758051425 0.169492796 0.00434330059 0.705905259 0.485040665 0.298364848
v -0.0569441468 0.172529638 -0.00834881328 0.70856905 0.487491399 0.29975003
v 0.379702091 0.140543535 -0.0102173472 0.775287449 0.548872292 0.334443599
v 0.396654695 0.154258713 0.0061731413 0.780201733 0.553393424 0.336999029
v 0.414241105 0.167973876 0.0225636307 0.783705413 0.556616843 0.338820934
v -0.0649352521 0.175893471 0.0141238868 0.711220682 0.489930838 0.301128864
v -0.0440432392 0.182873413 0.00434330059 0.716506124 0.494793475 0.303877324
v -0.0096236188 0.200871184 0.00398734119 0.731670797 0.508744955 0.311762929
v 0.010398061 0.205889761 -0.00894207973 0.735842943 0.512583375 0.313932449
v 0.379629165 0.205066994 -0.0101799434 0.780584693 0.553745747 0.337198138
v 0.393840551 0.192261741 0.00243574008 0.782062411 0.555105269 0.337966591
v 0.414428413 0.189908355 0.0223703682 0.784716964 0.55754745 0.339346945
v 0.000421889126 0.21372968 0.0135306204 0.742097259 0.518337369 0.317184716
v 0.0232329443 0.224980235 0.00388109405 0.749937892 0.525550723 0.321261823
v 0.0481929369 0.236230776 -0.00576843182 0.756790221 0.531854808 0.324825019
v 0.376730978 0.223617405 -0.00809173379 0.782054901 0.555098355 0.337962657
v 0.398981154 0.221853346 0.0113683492 0.784792006 0.557616472 0.339385957
v 0.414013952 0.209440947 0.0228511747 0.785550058 0.558313906 0.339780152
v 0.0360678285 0.246947646 0.0167042669 0.762229383 0.536858916 0.327653408
v 0.059041217 0.25725615 0.00600574212 0.766779244 0.541044712 0.330019325
v 0.0848580301 0.267564654 -0.00469278311 0.770656884 0.544612169 0.33203572
v 0.368973255 0.257326454 -0.00288693327 0.784406662 0.557262003 0.339185596
v 0.390602469 0.257326454 0.0139675913 0.786233902 0.558943033 0.340135753
v 0.0698894933 0.280483216 0.0177799165 0.774776578 0.548402309 0.334177941
v 0.0945994481 0.28961876 0.00729944371 0.777335465 0.550756514 0.335508585
v 0.126998842 0.299648583 -0.00398787949 0.779674649 0.55290854 0.336724937
v 0.147575557 0.306037158 -0.00902119558 0.780917048 0.554051578 0.337370992
v 0.311710119 0.307507873 -0.0101150526 0.784989119 0.557797849 0.339488477
v 0.329253137 0.299819648 -0.00600695983 0.785320401 0.558102608 0.339660734
v 0.362044662 0.289818585 0.00722660543 0.786455214 0.559146643 0.34025085
v 0.384729773 0.282125473 0.019232491 0.787163079 0.559797883 0.340618908
v 0.104340851 0.312593311 0.019291671 0.782151818 0.555187523 0.338013053
v 0.129387081 0.324195623 0.0144300563 0.784038246 0.556923032 0.338994026
v 0.159570307 0.323370159 0.000255139545 0.783925712 0.556819499 0.338935494
v 0.19441694 0.331973076 -0.00312089501 0.785044312 0.557848632 0.339517176
v 0.228125989 0.334631354 -0.00527010392 0.785436988 0.558209896 0.339721352
v 0.261835039 0.333442688 -0.00456850324 0.785866499 0.558605015 0.33994469
v 0.298501909 0.324209064 -0.00274379062 0.786117315 0.558835804 0.340075135
v 0.330188513 0.326424867 0.0113388132 0.787333608 0.559954762 0.34070757
v 0.354803711 0.316308707 0.0176934209 0.787567437 0.560169876 0.340829194
v 0.142215595 0.34258008 0.0224822145 0.786114872 0.558833539 0.340073854
v 0.160707891 0.346802503 0.0187755562 0.786542714 0.559227169 0.340296328
v 0.19441694 0.35271278 0.0137336291 0.787009656 0.559656739 0.340539157
v 0.228125989 0.355425447 0.0115844198 0.787241876 0.559870422 0.340659916
v 0.261835039 0.354797155 0.0122860214 0.787482381 0.560091615 0.340784967
v 0.295544088 0.3506881 0.0158472862 0.787732244 0.56032151 0.340914905
v 0.319575727 0.345694095 0.0200222507 0.787895441 0.560471654 0.340999752
v -0.235059783 -0.137889892 0.0402359962 0.690196097 0.470588237 0.290196091
v -0.21009165 -0.147726089 0.0402359962 0.690196097 0.470588237 0.290196091
v -0.176382601 -0.150000006 0.0402359962 0.690196097 0.470588237 0.290196091
v -0.142673552 -0.150000006 0.0402359962 0.690196097 0.470588237 0.290196091
v -0.108964503 -0.150000006 0.0402359962 0.690196097 0.470588237 0.290196091
v -0.0752554536 -0.150045514 0.0402359962 0.690196097 0.470588237 0.290196091
v -0.0415464044 -0.150418416 0.0402359962 0.690422058 0.470796108 0.290313572
v -0.00783735514 -0.151405171 0.0402359962 0.69125849 0.471565634 0.290748537
v 0.0258716941 -0.152954116 0.0402359962 0.692558289 0.472761452 0.291424423
v 0.0595807433 -0.15484786 0.0402359962 0.694138288 0.47421506 0.292246014
v 0.0932897925 -0.156854272 0.0402359962 0.69580698 0.475750238 0.293113738
v 0.126998842 -0.158748865 0.0402359962 0.69737947 0.477196932 0.293931425
v 0.160707891 -0.160332471 0.0402359962 0.698692143 0.478404582 0.294614017
v 0.19441694 -0.161439419 0.0402359962 0.699614346 0.479253024 0.295093566
v 0.228125989 -0.156443372 0.0402359962 0.700581908 0.480143219 0.295596719
v 0.256614447 -0.140679628 0.0402359962 0.704633534 0.483870685 0.297703564
v -0.246586695 -0.113473088 0.0402359962 0.690196097 0.470588237 0.290196091
v 0.273468971 -0.120133631 0.0402359962 0.710800409 0.489544213 0.300910324
v 0.282461792 -0.103279106 0.0402359962 0.716967165 0.495217621 0.304117024
v -0.25 -0.0797640383 0.0402359962 0.690196097 0.470588237 0.290196091
v 0.295715928 -0.0797640383 0.0402359962 0.727206826 0.504638135 0.309441686
v -0.25 -0.0460549891 0.0402359962 0.690196097 0.470588237 0.290196091
v 0.308798194 -0.0569083393 0.0402359962 0.738314629 0.514857292 0.315217704
v 0.320167214 -0.0400538146 0.0402359962 0.746946216 0.522798359 0.319706142
v -0.25 -0.0123459399 0.0402359962 0.690196097 0.470588237 0.290196091
v 0.337867975 -0.0135536371 0.0382648297 0.757791936 0.532776415 0.325345933
v 0.352010816 -0.00312241795 0.0481870659 0.764600277 0.539040089 0.328886271
v -0.25 0.0213631094 0.0402359962 0.690196097 0.470588237 0.290196091
v 0.344489366 0.00685728574 0.0257143695 0.76105392 0.53577745 0.327042162
v 0.363222092 0.0204156041 0.0392930061 0.769143581 0.543219924 0.33124876
v 0.382793576 0.0339739211 0.0528716445 0.775426567 0.549000323 0.334515929
v -0.25 0.0550721586 0.0402359962 0.690196097 0.470588237 0.290196091
v 0.374433279 0.0470439382 0.0303989444 0.772998631 0.546766579 0.333253413
v 0.388440043 0.0569970384 0.0410755761 0.777077317 0.55051899 0.335374326
v -0.25 0.0887812078 0.0402359962 0.690196097 0.470588237 0.290196091
v 0.40411973 0.0867966115 0.0402047262 0.780659258 0.553814411 0.337236941
v 0.417714566 0.0967098996 0.0514202304 0.78304106 0.556005657 0.338475466
v -0.242652476 0.122490257 0.0402359962 0.690196097 0.470588237 0.290196091
v 0.409376204 0.122490257 0.028353652 0.781721592 0.554791749 0.337789357
v 0.422574699 0.122490257 0.0452081747 0.78389281 0.556789279 0.338918388
v -0.231125548 0.142694026 0.0402359962 0.690196097 0.470588237 0.290196091
v -0.21009165 0.148650289 0.0402359962 0.690304279 0.470687777 0.290252358
v -0.176382601 0.152945787 0.0402359962 0.692074537 0.472316384 0.291172862
v -0.142673552 0.157841876 0.0402359962 0.696052074 0.475975752 0.293241203
v -0.106418513 0.167224377 0.042114418 0.703798652 0.48310259 0.297269434
v -0.0874079466 0.171340987 0.0321303494 0.707544148 0.486548454 0.299217075
v 0.412592322 0.145501181 0.0244449843 0.782682121 0.555675387 0.338288814
v 0.424556255 0.156522244 0.0375031978 0.784790277 0.557614923 0.339385062
v -0.0934848413 0.173610017 0.0546030514 0.709453821 0.48830536 0.300210118
v -0.0758051425 0.17909427 0.042114418 0.713656664 0.492171943 0.302395582
v -0.0411568843 0.197857574 0.0391105115 0.728999138 0.506287098 0.310373694
v -0.022050811 0.204882145 0.0271238387 0.735007048 0.511814296 0.313497782
v 0.429256082 0.189908355 0.0402359962 0.786286414 0.558991373 0.340163052
v -0.0296608564 0.210934803 0.0495965369 0.739931166 0.516344547 0.316058338
v -0.00863924529 0.223568574 0.0392535515 0.748996019 0.524684191 0.320772052
v 0.0135951275 0.236202374 0.028910568 0.756774902 0.531840742 0.324817061
v 0.41175738 0.231913641 0.0250745062 0.786432743 0.55912596 0.340239137
v 0.424841583 0.221853346 0.0378809124 0.78699404 0.559642375 0.340531021
v 0.00477231992 0.245020106 0.0513832681 0.761307478 0.536010742 0.327174008
v 0.025385052 0.257220238 0.0397368371 0.766764462 0.541031182 0.330011636
v 0.047416795 0.269420356 0.0280904043 0.77127254 0.545178592 0.332355857
v 0.407456994 0.257326454 0.0290103629 0.787249625 0.559877515 0.34066394
v 0.423510969 0.257326454 0.0458648875 0.787895322 0.560471535 0.340999693
v 0.0371749736 0.280440569 0.0505631082 0.774763763 0.548390508 0.334171265
v 0.0585063398 0.291698247 0.0391591676 0.77785778 0.551236987 0.335780144
v 0.0818681568 0.302955896 0.0277552307 0.780323327 0.553505301 0.33706224
v 0.377276421 0.304598182 0.0251601432 0.78775841 0.56034559 0.340928495
v 0.398774177 0.294391513 0.0384132341 0.78804034 0.56060493 0.341075093
v 0.418445736 0.284184813 0.0516663231 0.788184643 0.560737729 0.341150135
v 0.0695958883 0.314776421 0.0502279289 0.782548487 0.555552423 0.338219315
v 0.092761904 0.324921221 0.0397416838 0.784156144 0.557031512 0.3390553
v 0.119742893 0.335065991 0.0292554349 0.785394073 0.558170438 0.33969903
v 0.342048407 0.338781387 0.025394395 0.788024426 0.560590386 0.341066837
v 0.364808947 0.326424867 0.0315480046 0.788093805 0.560654163 0.341102898
v 0.388917863 0.324744552 0.0489344671 0.788235307 0.56078434 0.34117648
v 0.103655659 0.346762449 0.0517281331 0.786522925 0.559208989 0.340286046
v 0.130877629 0.355907589 0.0425802171 0.787235796 0.559864759 0.340656728
v 0.160707891 0.363657027 0.034645997 0.787659585 0.560254633 0.340877086
v 0.19441694 0.369567305 0.0287476983 0.787892699 0.560469151 0.340998322
v 0.228125989 0.372279972 0.0261553433 0.787997842 0.560565889 0.341053009
v 0.261835039 0.371651679 0.0266852677 0.788097858 0.560657918 0.341105014
v 0.295544088 0.367542624 0.0303377286 0.788184702 0.560737789 0.341150165
v 0.331988811 0.360029608 0.0388152897 0.788235128 0.560784161 0.341176391
v 0.362962186 0.350510329 0.0491101593 0.788235307 0.56078434 0.34117648
v 0.381422371 0.343187332 0.0556734614 0.788235307 0.56078434 0.34117648
v 0.142012373 0.376358122 0.0559049994 0.788075566 0.560637355 0.341093391
v 0.160707891 0.380379468 0.0515005216 0.788168192 0.560722589 0.341141582
v 0.19441694 0.385854006 0.0456022248 0.788227379 0.560777009 0.341172338
v 0.228125989 0.388339788 0.043009866 0.788235307 0.56078434 0.34117648
v 0.261835039 0.387911409 0.0435397923 0.788235307 0.56078434 0.34117648
v 0.295544088 0.384545624 0.0471922532 0.788235307 0.56078434 0.34117648
v 0.321929187 0.379846603 0.0522361845 0.788235307 0.56078434 0.34117648
v 0.166513041 -0.164597943 0.0846127793 0.702205658 0.481637061 0.296441078
v 0.19441694 -0.165135279 0.0789898783 0.702671051 0.482065171 0.296683073
v 0.215445772 -0.164940208 0.0812401101 0.70328331 0.482628465 0.297001421
v -0.235059783 -0.137889892 0.0739450455 0.690196097 0.470588237 0.290196091
v -0.21009165 -0.147726089 0.0739450455 0.690196097 0.470588237 0.290196091
v -0.176382601 -0.150000006 0.0739450455 0.690196097 0.470588237 0.290196091
v -0.142673552 -0.150000006 0.0739450455 0.690196097 0.470588237 0.290196091
v -0.108964503 -0.15000324 0.0739450455 0.690196097 0.470588237 0.290196091
v -0.0752554536 -0.150180772 0.0739450455 0.69023639 0.470625311 0.290217042
v -0.0415464044 -0.150932699 0.0739450455 0.690858841 0.471197963 0.290540725
v -0.00783735514 -0.152425796 0.0739450455 0.692116082 0.472354621 0.291194469
v 0.0258716941 -0.15447779 0.0739450455 0.693830013 0.473931432 0.292085707
v 0.0595807433 -0.156845406 0.0739450455 0.695799589 0.475743443 0.293109894
v 0.0932897925 -0.159275591 0.0739450455 0.697816193 0.477598757 0.294158548
v 0.126998842 -0.161525697 0.0739450455 0.699680448 0.479313821 0.295127928
v 0.157449171 -0.163175672 0.0736038759 0.701062381 0.480585217 0.295846552
v 0.19441694 -0.163570523 0.0621353537 0.70137161 0.48086971 0.296007365
v 0.227259681 -0.160687715 0.0715802759 0.703135729 0.482492685 0.29692468
v 0.263832271 -0.140623853 0.0770223141 0.709793925 0.488618255 0.300386965
v 0.278795332 -0.130437016 0.0903101787 0.71616292 0.494477689 0.303698838
v -0.246586695 -0.113473088 0.0739450455 0.690196097 0.470588237 0.290196091
v 0.276400149 -0.126312509 0.0678374693 0.713786721 0.4922916 0.302463204
v 0.285813034 -0.114434935 0.0770223141 0.72011596 0.498114526 0.305754423
v -0.25 -0.0797640383 0.0739450455 0.690196097 0.470588237 0.290196091
v 0.305974483 -0.0800926611 0.070575431 0.735897005 0.512633085 0.313960552
v 0.317067534 -0.0690753981 0.0795653611 0.744736135 0.520765126 0.318556935
v -0.25 -0.0460549891 0.0739450455 0.690196097 0.470588237 0.290196091
v 0.312397748 -0.0629082918 0.0570926629 0.741136312 0.517453253 0.316684991
v 0.330136329 -0.0478566326 0.0710200593 0.753244281 0.528592587 0.322981149
v 0.349132299 -0.0328049809 0.0849474594 0.763264656 0.537811339 0.328191757
v -0.25 -0.0123459399 0.0739450455 0.690196097 0.470588237 0.290196091
v 0.343205124 -0.0255951192 0.0624747574 0.760458171 0.535229385 0.326732367
v 0.361807942 -0.0114494776 0.0753513575 0.768607497 0.542726755 0.330970019
v 0.38127771 0.00269616279 0.0882279649 0.77496767 0.548578084 0.334277302
v -0.25 0.0213631094 0.0739450455 0.690196097 0.470588237 0.290196091
v 0.374483496 0.0115012228 0.065755263 0.773013055 0.546779871 0.333260924
v 0.388536394 0.022187788 0.0757729858 0.777101994 0.550541699 0.33538717
v -0.25 0.0550721586 0.0739450455 0.690196097 0.470588237 0.290196091
v 0.407166243 0.0526998229 0.0716144964 0.781260848 0.554367781 0.337549746
v 0.419407845 0.0623546131 0.0812971517 0.783336639 0.556277573 0.338629186
v -0.25 0.0887812078 0.0739450455 0.690196097 0.470588237 0.290196091
v 0.412327528 0.0742371976 0.0588244498 0.782079399 0.555120885 0.337975383
v 0.42979756 0.0898186043 0.0747211054 0.784815311 0.55763793 0.339398086
v 0.447339773 0.105400018 0.0906177685 0.786532879 0.559218049 0.340291202
v -0.242660895 0.122490257 0.0739450455 0.690196097 0.470588237 0.290196091
v 0.439429224 0.122490257 0.0691683888 0.785932899 0.55866617 0.339979231
v 0.450092673 0.122490257 0.0860229135 0.786836922 0.559497833 0.340449333
v -0.231133983 0.142775938 0.0739450455 0.690201163 0.470592886 0.290198714
v -0.21009165 0.149205863 0.0739450455 0.690657794 0.47101298 0.290436178
v -0.176382601 0.154529601 0.0739450455 0.693356276 0.473495632 0.291839391
v -0.142673552 0.160982579 0.0739450455 0.698626578 0.478344291 0.294579953
v -0.114737123 0.169082209 0.0739450455 0.705525279 0.484691083 0.298167259
v 0.443631887 0.156199306 0.0624385551 0.786660671 0.559335649 0.340357661
v 0.454270124 0.156199306 0.0792930797 0.787393332 0.560009718 0.340738654
v -0.0978825986 0.175749063 0.0739450455 0.711133838 0.489850938 0.301083714
v -0.0752554536 0.188750893 0.0739450455 0.721282959 0.499188155 0.306361258
v -0.053204298 0.202910185 0.0739450455 0.733405888 0.510341287 0.312665194
v 0.445207953 0.189908355 0.0599617101 0.787362754 0.559981585 0.34072274
v 0.456038773 0.189908355 0.076816231 0.787871122 0.560449302 0.340987086
v -0.0363497734 0.217813268 0.0739450455 0.745049775 0.521053612 0.318720013
v -0.0190279037 0.234667793 0.0739450455 0.755969644 0.531099916 0.324398339
v 0.444158971 0.223617405 0.0612681806 0.787914574 0.560489237 0.341009706
v 0.455423474 0.223617405 0.0781227052 0.788172662 0.560726702 0.341143906
v -0.000914968201 0.256684452 0.0757141411 0.766504109 0.540791631 0.329876244
v 0.0147022763 0.267492801 0.065657191 0.770632684 0.544589937 0.332023114
v 0.440365493 0.257326454 0.0662215799 0.788209081 0.5607602 0.341162831
v 0.452308834 0.257326454 0.0830761045 0.788235307 0.56078434 0.34117648
v 0.00738433795 0.276162267 0.0881298855 0.773436666 0.547169566 0.333481193
v 0.0267104302 0.289537758 0.0753647834 0.777314782 0.550737441 0.335497797
v 0.04712319 0.302913278 0.0625996813 0.780315161 0.553497791 0.337058008
v 0.412818551 0.306657523 0.0578513779 0.788235307 0.56078434 0.34117648
v 0.43128559 0.292699933 0.0728829727 0.788235307 0.56078434 0.34117648
v 0.449145705 0.278742343 0.0879145637 0.788235307 0.56078434 0.34117648
v 0.0387185887 0.312507629 0.0850723758 0.782135904 0.55517292 0.338004798
v 0.0591276586 0.324878365 0.0734665915 0.784150183 0.557026029 0.3390522
v 0.0811829492 0.33724913 0.0618607998 0.785608292 0.558367491 0.339810431
v 0.405772388 0.324744552 0.0654293224 0.788235307 0.56078434 0.34117648
v 0.420131624 0.324744552 0.082283847 0.788235307 0.56078434 0.34117648
v 0.0711321309 0.346721023 0.0843335018 0.78651917 0.559205472 0.340284079
v 0.0936417356 0.357978076 0.074299708 0.787361979 0.559980869 0.340722352
v 0.119539678 0.369235158 0.0642659143 0.787881553 0.560458899 0.34099251
v 0.344401866 0.374365181 0.058117073 0.788235307 0.56078434 0.34117648
v 0.362962186 0.367364854 0.0657345653 0.788235307 0.56078434 0.34117648
v 0.3922005 0.354035735 0.0787550583 0.788235307 0.56078434 0.34117648
v 0.414206654 0.342411399 0.0899207592 0.788235307 0.56078434 0.34117648
v 0.106100522 0.37830472 0.0867386162 0.788123429 0.560681403 0.341118306
v 0.129265159 0.383468211 0.0748793781 0.788210988 0.560761988 0.341163844
v 0.159859449 0.398580939 0.0749881268 0.788235307 0.56078434 0.34117648
v 0.19441694 0.40270853 0.0654925108 0.788235307 0.56078434 0.34117648
v 0.228125989 0.405194312 0.0621836372 0.788235307 0.56078434 0.34117648
v 0.261835039 0.404765934 0.0627538785 0.788235307 0.56078434 0.34117648
v 0.295544088 0.401400149 0.0672318488 0.788235307 0.56078434 0.34117648
v 0.330273986 0.392738938 0.0732978657 0.788235307 0.56078434 0.34117648
v 0.362962186 0.381620735 0.0825890899 0.788235307 0.56078434 0.34117648
v 0.38050589 0.37587449 0.0900620595 0.788235307 0.56078434 0.34117648
v 0.170530155 0.411572218 0.0869198665 0.788235307 0.56078434 0.34117648
v 0.19441694 0.414586693 0.0823470354 0.788235307 0.56078434 0.34117648
v 0.228125989 0.416769981 0.0790381581 0.788235307 0.56078434 0.34117648
v 0.261835039 0.416393548 0.0796084031 0.788235307 0.56078434 0.34117648
v 0.295544088 0.413439929 0.084086366 0.788235307 0.56078434 0.34117648
v 0.316146076 0.410545141 0.0884786546 0.788235307 0.56078434 0.34117648
v 0.132808015 -0.164847448 0.11340221 0.702434897 0.481847912 0.296560258
v 0.157449171 -0.165722415 0.104361154 0.70314914 0.482505023 0.296931654
v 0.19441694 -0.167572916 0.107654095 0.704694092 0.483926386 0.297735035
v 0.220938176 -0.166073829 0.107654095 0.705416083 0.48459062 0.298110485
v -0.235059783 -0.137889892 0.107654095 0.690196097 0.470588237 0.290196091
v -0.21009165 -0.147726089 0.107654095 0.690196097 0.470588237 0.290196091
v -0.176382601 -0.150000006 0.107654095 0.690196097 0.470588237 0.290196091
v -0.142673552 -0.150000006 0.107654095 0.690196097 0.470588237 0.290196091
v -0.108964503 -0.150026157 0.107654095 0.690196097 0.470588237 0.290196091
v -0.0752554536 -0.150405437 0.107654095 0.690409958 0.470784992 0.290307313
v -0.0415464044 -0.151553646 0.107654095 0.69138366 0.47168079 0.290813625
v -0.00783735514 -0.15348208 0.107654095 0.692999482 0.47316733 0.291653842
v 0.0258716941 -0.155960962 0.107654095 0.695064545 0.475067198 0.292727679
v 0.0595807433 -0.158728361 0.107654095 0.697362423 0.477181286 0.293922603
v 0.0932897925 -0.161513597 0.107654095 0.699670434 0.479304612 0.295122743
v 0.123742536 -0.163567066 0.104361154 0.701398671 0.480894625 0.296021432
v 0.144040346 -0.16402711 0.0909295082 0.70165813 0.481133312 0.296156347
v 0.237792701 -0.162089363 0.107654095 0.70685637 0.485915661 0.298859417
v 0.261835039 -0.146955103 0.107654095 0.711526275 0.490212023 0.3012878
v 0.280444562 -0.132047877 0.107654095 0.718061447 0.496224374 0.304686069
v -0.246586695 -0.113473088 0.107654095 0.690196097 0.470588237 0.290196091
v 0.294072121 -0.113473088 0.107654095 0.726586461 0.504067421 0.309119076
v -0.25 -0.0797640383 0.107654095 0.690196097 0.470588237 0.290196091
v 0.309171647 -0.0922345817 0.107654095 0.738619387 0.515137672 0.315376192
v 0.322511584 -0.0753800571 0.107654095 0.748479009 0.524208546 0.320503235
v -0.25 -0.0460549891 0.107654095 0.690196097 0.470588237 0.290196091
v 0.339366138 -0.0552885607 0.107654095 0.758564234 0.533486962 0.32574755
v 0.354375124 -0.0384340361 0.107654095 0.765638828 0.539995551 0.329426318
v -0.25 -0.0123459399 0.107654095 0.690196097 0.470588237 0.290196091
v 0.371229649 -0.0195874143 0.107654095 0.771989346 0.545838058 0.332728595
v 0.386014283 -0.00273288973 0.107654095 0.776400685 0.549896479 0.335022479
v -0.25 0.0213631094 0.107654095 0.690196097 0.470588237 0.290196091
v 0.404315293 0.0212266706 0.105589077 0.780698776 0.55385077 0.337257504
v 0.417823762 0.0323720612 0.115448743 0.783060312 0.556023359 0.338485479
v -0.25 0.0550721586 0.107654095 0.690196097 0.470588237 0.290196091
v 0.412384272 0.0398819149 0.0929760411 0.782087982 0.555128813 0.337979853
v 0.429852158 0.0557666682 0.108566903 0.784822166 0.557644248 0.339401633
v 0.447392613 0.0716514215 0.124157749 0.786538005 0.559222817 0.340293884
v -0.25 0.0887812078 0.107654095 0.690196097 0.470588237 0.290196091
v 0.441880554 0.0829273164 0.101685047 0.786127388 0.558845043 0.340080351
v 0.450627267 0.0920106843 0.110814475 0.786870956 0.559529185 0.340467036
v -0.242711321 0.122490257 0.107654095 0.690196097 0.470588237 0.290196091
v 0.460892409 0.122490257 0.107654095 0.787546158 0.560150385 0.340818137
v -0.231184408 0.142903477 0.107654095 0.690306425 0.470689774 0.29025346
v -0.21009165 0.149859756 0.107654095 0.691137373 0.471454203 0.290685564
v -0.176382601 0.15617241 0.107654095 0.69469142 0.474723935 0.292533636
v -0.142673552 0.164090469 0.107654095 0.701188922 0.480701625 0.295912355
v -0.121005341 0.17107363 0.107654095 0.707328856 0.486350358 0.299105108
v 0.469298452 0.156199306 0.107654095 0.788025856 0.560591638 0.341067553
v -0.104150817 0.179341301 0.107654095 0.713853419 0.492352992 0.302497923
v -0.0740657374 0.197965935 0.105348386 0.729032218 0.506317496 0.31039089
v -0.0577394627 0.206190705 0.0925748944 0.736109078 0.512828231 0.314070851
v 0.474379241 0.189475343 0.110675558 0.78822875 0.56077832 0.341173083
v 0.481205314 0.200423017 0.123926215 0.788235307 0.56078434 0.34117648
v -0.0620362461 0.210049912 0.115047596 0.73927319 0.515739143 0.315716177
v -0.0433254242 0.22492373 0.103577457 0.749841452 0.525461972 0.321211666
v -0.0241314117 0.239797518 0.0921073183 0.758680701 0.533594072 0.325808078
v 0.473500192 0.221869946 0.110675558 0.788235307 0.56078434 0.34117648
v 0.481205314 0.209468648 0.123926215 0.788235307 0.56078434 0.34117648
v -0.028911382 0.245602891 0.114580013 0.761629939 0.536307395 0.327341676
v -0.0159709826 0.257034123 0.105067834 0.766640842 0.540917397 0.329947352
v 0.465800822 0.257326454 0.107654095 0.788235307 0.56078434 0.34117648
v 0.00264341477 0.28257069 0.107654095 0.775421321 0.548995495 0.334513217
v 0.0155118844 0.299425215 0.107654095 0.77962625 0.552864015 0.336699784
v 0.444125324 0.301215053 0.0961791053 0.788235307 0.56078434 0.34117648
v 0.454752505 0.290401399 0.107510909 0.788235307 0.56078434 0.34117648
v 0.033966668 0.324144214 0.110158622 0.784030318 0.55691576 0.338989913
v 0.0486594327 0.334980339 0.100591958 0.785385489 0.558162451 0.33969456
v 0.436738402 0.324547976 0.107510909 0.788235307 0.56078434 0.34117648
v 0.450248867 0.313180566 0.118651807 0.788235307 0.56078434 0.34117648
v 0.0419400483 0.342458278 0.12306466 0.786102176 0.558821857 0.340067238
v 0.0619996972 0.35582599 0.11169216 0.787230611 0.559859991 0.340654045
v 0.08362782 0.369193703 0.100319661 0.787880242 0.560457706 0.340991855
v 0.403788805 0.365684927 0.107654095 0.788235307 0.56078434 0.34117648
v 0.419591844 0.348830402 0.107654095 0.788235307 0.56078434 0.34117648
v 0.0753399655 0.376281023 0.122792363 0.78807348 0.560635448 0.341092318
v 0.0942344218 0.383399695 0.109995246 0.788210392 0.560761392 0.341163516
v 0.125421047 0.40203166 0.106048249 0.788235307 0.56078434 0.34117648
v 0.148057461 0.407334328 0.0937413275 0.788235307 0.56078434 0.34117648
v 0.338618755 0.405631274 0.0967143849 0.788235307 0.56078434 0.34117648
v 0.362516016 0.398185074 0.107832089 0.788235307 0.56078434 0.34117648
v 0.38693428 0.381161928 0.107654095 0.788235307 0.56078434 0.34117648
v 0.135605529 0.413256407 0.116214029 0.788235307 0.56078434 0.34117648
v 0.159859449 0.417996585 0.106048249 0.788235307 0.56078434 0.34117648
v 0.19441694 0.428483188 0.107654095 0.788235307 0.56078434 0.34117648
v 0.228125989 0.432725579 0.107654095 0.788235307 0.56078434 0.34117648
v 0.261835039 0.431994647 0.107654095 0.788235307 0.56078434 0.34117648
v 0.295544088 0.426252186 0.107654095 0.788235307 0.56078434 0.34117648
v 0.328130722 0.415883631 0.107832089 0.788235307 0.56078434 0.34117648
v 0.350982189 0.411734849 0.119187087 0.788235307 0.56078434 0.34117648
v 0.104083158 -0.164588183 0.147260249 0.702196717 0.481628805 0.296436429
v 0.123742536 -0.165713355 0.138159603 0.703141868 0.482498348 0.296927899
v 0.160707891 -0.16837123 0.141363144 0.705350935 0.484530658 0.2980766
v 0.19441694 -0.169921666 0.141363144 0.706638217 0.485715002 0.29874599
v 0.229983881 -0.166771442 0.142673746 0.708142936 0.487099349 0.29952845
v 0.245469376 -0.164284438 0.15478383 0.710570633 0.489332825 0.300790846
v -0.235059783 -0.137889892 0.141363144 0.690196097 0.470588237 0.290196091
v -0.21009165 -0.147726089 0.141363144 0.690196097 0.470588237 0.290196091
v -0.176382601 -0.150000006 0.141363144 0.690196097 0.470588237 0.290196091
v -0.142673552 -0.150000006 0.141363144 0.690196097 0.470588237 0.290196091
v -0.108964503 -0.150076091 0.141363144 0.690196097 0.470588237 0.290196091
v -0.0752554536 -0.150665507 0.141363144 0.690631211 0.470988542 0.29042235
v -0.0415464044 -0.152143896 0.141363144 0.691879749 0.472137183 0.291071594
v -0.00783735514 -0.154411927 0.141363144 0.693775117 0.473880917 0.292057186
v 0.0258716941 -0.15722236 0.141363144 0.696112633 0.476031482 0.293272704
v 0.0595807433 -0.160298496 0.141363144 0.69866401 0.478378683 0.294599384
v 0.0930240005 -0.163160414 0.138159603 0.701049268 0.480573177 0.295839757
v 0.110335313 -0.164022535 0.124787547 0.701655328 0.481130749 0.296154916
v 0.24245882 -0.163379133 0.132311121 0.709002614 0.487890244 0.299975485
v 0.258757442 -0.153670281 0.142673746 0.71279186 0.49137637 0.301945895
v 0.283298969 -0.13471733 0.141363144 0.72118032 0.499093741 0.306307912
v -0.246586695 -0.113473088 0.141363144 0.690196097 0.470588237 0.290196091
v 0.302224338 -0.111368731 0.13978608 0.7331779 0.510131478 0.312546641
v 0.314138472 -0.0987294689 0.149971038 0.742618799 0.518817127 0.317455888
v -0.25 -0.0797640383 0.141363144 0.690196097 0.470588237 0.290196091
v 0.311768353 -0.0958437249 0.127498344 0.740675449 0.517029285 0.31644538
v 0.328912407 -0.0797952041 0.141474172 0.752473831 0.527883768 0.322580516
v 0.346862704 -0.0637466758 0.155450001 0.762190342 0.536822915 0.327633083
v -0.25 -0.0460549891 0.141363144 0.690196097 0.470588237 0.290196091
v 0.343686342 -0.0603800714 0.132977307 0.760729611 0.535479069 0.326873511
v 0.36172089 -0.0450553782 0.144817367 0.768562496 0.54268539 0.330946624
v 0.38029924 -0.0297306832 0.156657413 0.774673402 0.548307359 0.334124267
v -0.25 -0.0123459399 0.141363144 0.690196097 0.470588237 0.290196091
v 0.376579046 -0.0258069932 0.134184718 0.773648024 0.547364056 0.333591104
v 0.390618563 -0.0136807617 0.143797904 0.777618885 0.551017225 0.335655928
v -0.25 0.0213631094 0.141363144 0.690196097 0.470588237 0.290196091
v 0.409811616 0.00900129136 0.141363144 0.781707108 0.554778397 0.337781817
v 0.422852099 0.0258558169 0.141363144 0.783870161 0.556768358 0.338906586
v -0.25 0.0550721586 0.141363144 0.690196097 0.470588237 0.290196091
v 0.439706624 0.0499792099 0.141363144 0.785920143 0.558654428 0.339972615
v 0.450245738 0.0668337345 0.141363144 0.786821902 0.559484005 0.340441525
v -0.25 0.0887812078 0.141363144 0.690196097 0.470588237 0.290196091
v 0.461099327 0.0887812078 0.141363144 0.787539721 0.560144365 0.340814769
v -0.24280791 0.122490257 0.141363144 0.690196097 0.470588237 0.290196091
v 0.474806368 0.123115279 0.142039388 0.788069665 0.56063199 0.341090351
v 0.482345104 0.134768322 0.153726563 0.788203597 0.560755134 0.341159999
v -0.231280997 0.143062234 0.141363144 0.690476179 0.470845938 0.290341735
v -0.21009165 0.150505096 0.141363144 0.691621304 0.47189942 0.290937185
v -0.176382601 0.15764007 0.141363144 0.69588846 0.47582522 0.293156117
v -0.139825612 0.167843625 0.142492533 0.704327226 0.483588904 0.297544301
v -0.124315165 0.172372937 0.132009104 0.708477557 0.487407207 0.299702466
v 0.479117692 0.156199306 0.130028769 0.788203061 0.560754657 0.341159701
v 0.484529018 0.156199306 0.146883294 0.788235009 0.560784101 0.341176331
v -0.126690641 0.173429802 0.154481798 0.709340692 0.488201261 0.300151259
v -0.111433089 0.180813432 0.142492533 0.714913726 0.493328482 0.303049266
v -0.0828476995 0.19932586 0.141363144 0.730284691 0.507469773 0.31104216
v 0.480736881 0.177950323 0.125123575 0.788235068 0.560784101 0.341176331
v 0.485426188 0.189475343 0.138361216 0.788235307 0.56078434 0.34117648
v -0.0659931749 0.214048773 0.141363144 0.742350399 0.518570185 0.317316324
v -0.0502343327 0.230903298 0.141363144 0.753722787 0.529032826 0.323229969
v 0.480092257 0.231941342 0.127035022 0.788235307 0.56078434 0.34117648
v 0.485061407 0.221869946 0.139508083 0.788235307 0.56078434 0.34117648
v -0.0333798081 0.25163129 0.141363144 0.764363825 0.538822532 0.328763306
v -0.0206819754 0.268485814 0.141363144 0.771007419 0.54493469 0.332217991
v 0.477581322 0.257326454 0.134464517 0.788235307 0.56078434 0.34117648
v 0.483138323 0.257326454 0.151319042 0.788235307 0.56078434 0.34117648
v -0.00270072301 0.293187588 0.140467495 0.778183103 0.551536322 0.335949332
v 0.0104480712 0.305858701 0.12863405 0.780885637 0.55402261 0.33735466
v 0.471284568 0.287918389 0.144441113 0.788235307 0.56078434 0.34117648
v 0.481098801 0.274603933 0.157729447 0.788235307 0.56078434 0.34117648
v 0.00661350926 0.311006337 0.15110676 0.781873643 0.554931581 0.337868392
v 0.019834755 0.323243439 0.140467495 0.78390801 0.556803226 0.338926286
v 0.443405628 0.335653275 0.134050846 0.788235307 0.56078434 0.34117648
v 0.453606844 0.324547976 0.143717572 0.788235307 0.56078434 0.34117648
v 0.0383205004 0.346586466 0.141363144 0.786523879 0.559209824 0.340286553
v 0.0541657805 0.36344099 0.141363144 0.787649632 0.560245514 0.34087193
v 0.411090285 0.372901231 0.129461765 0.788235307 0.56078434 0.34117648
v 0.429798096 0.357678384 0.14299266 0.788235307 0.56078434 0.34117648
v 0.447849274 0.342455536 0.156523541 0.788235307 0.56078434 0.34117648
v 0.0710203052 0.380235493 0.141363144 0.788165808 0.560720384 0.34114033
v 0.0944039077 0.39844352 0.140592083 0.788235307 0.56078434 0.34117648
v 0.113132834 0.407297283 0.128841698 0.788235307 0.56078434 0.34117648
v 0.373454899 0.405019552 0.134567618 0.788235307 0.56078434 0.34117648
v 0.395754367 0.39148438 0.143251047 0.788235307 0.56078434 0.34117648
v 0.416190475 0.377949208 0.15193446 0.788235307 0.56078434 0.34117648
v 0.106383003 0.411504954 0.151314393 0.788235307 0.56078434 0.34117648
v 0.125421047 0.41793713 0.140592083 0.788235307 0.56078434 0.34117648
v 0.162837863 0.434830964 0.143482968 0.788235307 0.56078434 0.34117648
v 0.19441694 0.439768195 0.133344591 0.788235307 0.56078434 0.34117648
v 0.228125989 0.441827357 0.127198189 0.788235307 0.56078434 0.34117648
v 0.261835039 0.441472828 0.128257453 0.788235307 0.56078434 0.34117648
v 0.298249006 0.43933621 0.140417695 0.788235307 0.56078434 0.34117648
v 0.329253137 0.429693133 0.141363144 0.788235307 0.56078434 0.34117648
v 0.362516016 0.414907515 0.144027635 0.788235307 0.56078434 0.34117648
v 0.38041839 0.409440964 0.157040313 0.788235307 0.56078434 0.34117648
v 0.175494194 0.443384141 0.156132534 0.788235307 0.56078434 0.34117648
v 0.19441694 0.44525975 0.150199115 0.788235307 0.56078434 0.34117648
v 0.228125989 0.447204471 0.144052714 0.788235307 0.56078434 0.34117648
v 0.261835039 0.446868986 0.145111978 0.788235307 0.56078434 0.34117648
v 0.288815945 0.444999099 0.151023731 0.788235307 0.56078434 0.34117648
v 0.0985361636 -0.16511929 0.175072193 0.702652812 0.482048392 0.296673566
v 0.126998842 -0.167547151 0.175072193 0.704668462 0.483902782 0.297721714
v 0.160707891 -0.169909894 0.175072193 0.706624448 0.485702306 0.298738837
v 0.19441694 -0.171535432 0.175072193 0.707972705 0.486942708 0.299439937
v 0.228125989 -0.16882509 0.175072193 0.709296703 0.488160819 0.30012843
v 0.246447533 -0.164771676 0.175072193 0.711496651 0.490184754 0.301272392
v -0.235059783 -0.137889892 0.175072193 0.690196097 0.470588237 0.290196091
v -0.21009165 -0.147726089 0.175072193 0.690196097 0.470588237 0.290196091
v -0.176382601 -0.150000006 0.175072193 0.690196097 0.470588237 0.290196091
v -0.142673552 -0.150000006 0.175072193 0.690196097 0.470588237 0.290196091
v -0.108964503 -0.150130853 0.175072193 0.690208137 0.470599294 0.290202349
v -0.0752554536 -0.150885254 0.175072193 0.690818548 0.471160889 0.290519774
v -0.0415464044 -0.152588099 0.175072193 0.69225204 0.472479701 0.29126519
v -0.00783735514 -0.155084059 0.175072193 0.694334984 0.47439599 0.292348295
v 0.0258716941 -0.158116236 0.175072193 0.696854651 0.476714075 0.293658525
v 0.0595807433 -0.161397919 0.175072193 0.69957459 0.479216486 0.295072913
v 0.081681639 -0.163550392 0.175072193 0.701350689 0.480850488 0.295996487
v 0.263302058 -0.153328776 0.175072193 0.715301752 0.493685454 0.303251028
v 0.285333216 -0.136474252 0.175072193 0.723349988 0.501089811 0.307436109
v -0.246586695 -0.113473088 0.175072193 0.690196097 0.470588237 0.290196091
v 0.302187741 -0.117845058 0.175072193 0.733489871 0.510418534 0.312708855
v 0.316092849 -0.100990534 0.175072193 0.744149745 0.520225644 0.318251997
v -0.25 -0.0797640383 0.175072193 0.690196097 0.470588237 0.290196091
v 0.332947373 -0.0824762955 0.175072193 0.754937828 0.530150652 0.323861778
v 0.34862268 -0.0656217784 0.175072193 0.763103187 0.537662804 0.328107774
v -0.25 -0.0460549891 0.175072193 0.690196097 0.470588237 0.290196091
v 0.365477204 -0.0484972671 0.175072193 0.769968927 0.543979287 0.331677973
v 0.382094562 -0.0316427425 0.175072193 0.77528739 0.548872232 0.334443539
v -0.25 -0.0123459399 0.175072193 0.690196097 0.470588237 0.290196091
v 0.401553482 -0.0101535693 0.173213869 0.780125618 0.553323448 0.336959451
v 0.415174156 0.0025443614 0.183211342 0.782605112 0.555604577 0.338248789
v -0.25 0.0213631094 0.175072193 0.690196097 0.470588237 0.290196091
v 0.413007587 0.00510808313 0.160738647 0.782194674 0.555226922 0.338035345
v 0.42560631 0.0183519032 0.173213869 0.784267902 0.55713433 0.339113444
v -0.25 0.0550721586 0.175072193 0.690196097 0.470588237 0.290196091
v 0.444244683 0.0427520946 0.175072193 0.786322713 0.559024751 0.340181947
v 0.454606593 0.0596066192 0.175072193 0.787147701 0.559783757 0.340610921
v -0.25000003 0.0887812078 0.175072193 0.690196097 0.470588237 0.290196091
v 0.469791889 0.0887812078 0.175072193 0.787914276 0.560488939 0.341009527
v -0.242903292 0.122490257 0.175072193 0.690210044 0.470601082 0.290203363
v 0.47927469 0.110789314 0.175072193 0.788150012 0.5607059 0.341132134
v 0.484566867 0.127643839 0.175072193 0.78822279 0.560772777 0.341169953
v -0.23137635 0.143198445 0.175072193 0.6906299 0.47098735 0.290421695
v -0.21009165 0.15100494 0.175072193 0.691999316 0.472247183 0.291133761
v -0.176382601 0.158717647 0.175072193 0.696769834 0.476636052 0.293614417
v -0.145094231 0.167765677 0.175072193 0.704297125 0.483561218 0.297528625
v 0.491129905 0.156199306 0.175072193 0.788235307 0.56078434 0.34117648
v -0.128239706 0.174139351 0.175072193 0.709927976 0.488741577 0.300456673
v -0.108964503 0.185834214 0.175072193 0.718916237 0.497010767 0.305130541
v -0.08615233 0.201603219 0.175072193 0.732277334 0.509302974 0.312078327
v 0.494739711 0.189908355 0.175072193 0.788235307 0.56078434 0.34117648
v -0.0692978054 0.217886239 0.175072193 0.745086968 0.521087825 0.318739325
v -0.0538764894 0.234740764 0.175072193 0.756016254 0.531142771 0.324422568
v 0.493837059 0.223617405 0.175072193 0.788235307 0.56078434 0.34117648
v -0.0351178795 0.259804457 0.175215736 0.767715752 0.541906357 0.330506325
v -0.0237161815 0.2726928 0.164075077 0.77237469 0.546192586 0.332928956
v 0.488378316 0.257326454 0.175072193 0.788235307 0.56078434 0.34117648
v -0.0256284326 0.275443316 0.186547771 0.773246944 0.546995044 0.333382547
v -0.0147803081 0.288421988 0.175215736 0.776988447 0.550437212 0.335328102
v 0.476227999 0.295870006 0.175072193 0.788235307 0.56078434 0.34117648
v 0.482717931 0.279015481 0.175072193 0.788235307 0.56078434 0.34117648
v 0.00382033549 0.314764977 0.175072193 0.782563388 0.555566192 0.338227093
v 0.0164809376 0.331619501 0.175072193 0.785002351 0.557810009 0.339495331
v 0.462049246 0.324744552 0.175072193 0.788235307 0.56078434 0.34117648
v 0.0333354622 0.352431059 0.175072193 0.786989033 0.559637785 0.340528399
v 0.0483401604 0.369285583 0.175072193 0.787882924 0.56046015 0.340993255
v 0.43639648 0.362181425 0.175072193 0.788235307 0.56078434 0.34117648
v 0.449910581 0.3453269 0.175072193 0.788235307 0.56078434 0.34117648
v 0.0651946813 0.385655344 0.175072193 0.788226187 0.560775936 0.341171741
v 0.0850617439 0.402509868 0.175072193 0.788235307 0.56078434 0.34117648
v 0.400047719 0.398125529 0.175072193 0.788235307 0.56078434 0.34117648
v 0.419541955 0.381271005 0.175072193 0.788235307 0.56078434 0.34117648
v 0.101916268 0.41446206 0.175072193 0.788235307 0.56078434 0.34117648
v 0.126998842 0.428288162 0.175072193 0.788235307 0.56078434 0.34117648
v 0.15282324 0.439697802 0.175072193 0.788235307 0.56078434 0.34117648
v 0.311288655 0.442465901 0.159593686 0.788235307 0.56078434 0.34117648
v 0.328893036 0.438412428 0.172526896 0.788235307 0.56078434 0.34117648
v 0.362962186 0.42305398 0.175072193 0.788235307 0.56078434 0.34117648
v 0.383193195 0.411396414 0.175072193 0.788235307 0.56078434 0.34117648
v 0.169677764 0.445237726 0.175072193 0.788235307 0.56078434 0.34117648
v 0.19441694 0.450812757 0.175072193 0.788235307 0.56078434 0.34117648
v 0.228125989 0.454664141 0.175072193 0.788235307 0.56078434 0.34117648
v 0.261835039 0.453999937 0.175072193 0.788235307 0.56078434 0.34117648
v 0.298249006 0.447731256 0.172526896 0.788235307 0.56078434 0.34117648
v 0.317416638 0.444520265 0.182066381 0.788235307 0.56078434 0.34117648
v 0.0997704044 -0.165034339 0.208781242 0.703245878 0.482594073 0.29698199
v 0.126998842 -0.167434111 0.208781242 0.705216706 0.484407187 0.298006803
v 0.160707891 -0.169894457 0.208781242 0.707219005 0.486249298 0.299048007
v 0.19441694 -0.171584561 0.208781242 0.70859772 0.487517744 0.299764931
v 0.228125989 -0.168986112 0.208781242 0.709951818 0.488763511 0.300469071
v 0.246713206 -0.164896235 0.208781242 0.712231398 0.490860701 0.301654428
v -0.2340004 -0.136895016 0.208781242 0.690196097 0.470588237 0.290196091
v -0.21009165 -0.145765349 0.208781242 0.690196097 0.470588237 0.290196091
v -0.176382601 -0.148068279 0.208781242 0.690196097 0.470588237 0.290196091
v -0.142673552 -0.148068279 0.208781242 0.690196097 0.470588237 0.290196091
v -0.108964503 -0.148266032 0.208781242 0.690218449 0.470608771 0.290207714
v -0.0752554536 -0.149211764 0.208781242 0.690892994 0.471229374 0.290558457
v -0.0415464044 -0.151184186 0.208781242 0.692403972 0.472619474 0.291344196
v -0.00783735514 -0.153979301 0.208781242 0.694573283 0.474615246 0.292472214
v 0.0258716941 -0.157316759 0.208781242 0.697181821 0.477015138 0.293828666
v 0.0595807433 -0.160888225 0.208781242 0.699986637 0.479595542 0.295287192
v 0.0829158798 -0.163364798 0.208781242 0.701913834 0.481368542 0.296289295
v 0.263567746 -0.153787151 0.208781242 0.716091931 0.494412422 0.303661942
v 0.285973728 -0.136932626 0.208781242 0.724362373 0.502021253 0.307962567
v -0.244530141 -0.113473088 0.208781242 0.690196097 0.470588237 0.290196091
v 0.302828252 -0.119071819 0.208781242 0.734389067 0.511245787 0.313176423
v 0.317249715 -0.102217294 0.208781242 0.745195329 0.521187544 0.318795681
v -0.248005658 -0.0797640383 0.208781242 0.690196097 0.470588237 0.290196091
v 0.33410424 -0.0841475055 0.208781242 0.755731523 0.530880868 0.32427451
v 0.350241363 -0.0672929808 0.208781242 0.763897061 0.53839314 0.328520596
v -0.248005658 -0.0460549891 0.208781242 0.690196097 0.470588237 0.290196091
v 0.367095888 -0.0504716821 0.208781242 0.7705881 0.544548869 0.331999928
v 0.383981049 -0.0336171538 0.208781242 0.775843084 0.549383521 0.334732533
v -0.248005658 -0.0123459399 0.208781242 0.690196097 0.470588237 0.290196091
v 0.400835574 -0.0157190394 0.208781242 0.779982388 0.553191662 0.336884975
v 0.416369677 0.00113548618 0.208781242 0.78283298 0.555814207 0.338367283
v -0.248005658 0.0213631094 0.208781242 0.690196097 0.470588237 0.290196091
v 0.432292044 0.0213631094 0.208781242 0.785129428 0.557926893 0.339561403
v -0.248005658 0.0550721586 0.208781242 0.690196097 0.470588237 0.290196091
v 0.446302652 0.0396063924 0.208781242 0.786492348 0.559180796 0.340270132
v 0.456582069 0.056460917 0.208781242 0.787280858 0.559906244 0.340680152
v -0.248013332 0.0887812078 0.208781242 0.690196097 0.470588237 0.290196091
v 0.474896371 0.0915444568 0.20631513 0.788063943 0.560626686 0.341087371
v 0.481381178 0.104622968 0.21590741 0.7881791 0.560732603 0.341147244
v -0.240929276 0.122490257 0.208781242 0.690227687 0.470617294 0.290212512
v 0.480874389 0.105847277 0.193434715 0.788164735 0.560719371 0.341139764
v 0.485622346 0.119246267 0.20631513 0.788226902 0.560776591 0.341172099
v -0.23039186 0.142368108 0.208781242 0.690695047 0.471047282 0.29045555
v -0.21009165 0.149535984 0.208781242 0.692035079 0.472280115 0.291152358
v -0.176382601 0.157742709 0.208781242 0.696947873 0.476799905 0.293707013
v -0.14535743 0.167429358 0.208781242 0.704697251 0.483929306 0.297736704
v 0.494889915 0.156199306 0.208781242 0.788235307 0.56078434 0.34117648
v -0.128502905 0.174296692 0.208781242 0.710570574 0.489332736 0.300790817
v -0.108964503 0.186740488 0.208781242 0.720065534 0.498068124 0.305728197
v -0.0872835889 0.202352151 0.208781242 0.73322916 0.510178626 0.312573284
v 0.498456597 0.189908355 0.208781242 0.788235307 0.56078434 0.34117648
v -0.0704290643 0.219534919 0.208781242 0.746402264 0.522297919 0.319423288
v -0.055330947 0.236389443 0.208781242 0.757062972 0.532105803 0.324966878
v 0.497565717 0.223617405 0.208781242 0.788235307 0.56078434 0.34117648
v -0.0401693992 0.257326454 0.208781242 0.766756058 0.541023433 0.330007285
v 0.492175043 0.257326454 0.208781242 0.788235307 0.56078434 0.34117648
v -0.0263848566 0.276484251 0.208781242 0.773655176 0.547370613 0.333594799
v -0.0149752768 0.293338776 0.208781242 0.778232336 0.551581562 0.335974932
v 0.478285193 0.301104546 0.208781242 0.788235307 0.56078434 0.34117648
v 0.484640002 0.284250021 0.208781242 0.788235307 0.56078434 0.34117648
v 0.00187924784 0.31748867 0.208781242 0.783020854 0.55598706 0.338464975
v 0.0143116526 0.334343195 0.208781242 0.785318553 0.558100939 0.33965978
v 0.466293156 0.324744552 0.208781242 0.788235307 0.56078434 0.34117648
v 0.0311661772 0.355107576 0.208781242 0.787176728 0.55981046 0.340626001
v 0.0457909554 0.3719621 0.208781242 0.787969291 0.560539603 0.341038167
v 0.438913047 0.365226686 0.208781242 0.788235307 0.56078434 0.34117648
v 0.452097356 0.348372161 0.208781242 0.788235307 0.56078434 0.34117648
v 0.06264548 0.388087571 0.208781242 0.788234949 0.560783982 0.341176271
v 0.081839025 0.404942095 0.208781242 0.788235307 0.56078434 0.34117648
v 0.403131366 0.400619864 0.208781242 0.788235307 0.56078434 0.34117648
v 0.422058523 0.38376534 0.208781242 0.788235307 0.56078434 0.34117648
v 0.0986935496 0.416597515 0.208781242 0.788235307 0.56078434 0.34117648
v 0.126998842 0.43243736 0.208781242 0.788235307 0.56078434 0.34117648
v 0.146863669 0.441711545 0.208781242 0.788235307 0.56078434 0.34117648
v 0.337839544 0.439577281 0.208781242 0.788235307 0.56078434 0.34117648
v 0.362962186 0.427275717 0.208781242 0.788235307 0.56078434 0.34117648
v 0.386276841 0.413570136 0.208781242 0.788235307 0.56078434 0.34117648
v 0.163718194 0.447138608 0.208781242 0.788235307 0.56078434 0.34117648
v 0.19441694 0.45457685 0.208781242 0.788235307 0.56078434 0.34117648
v 0.228125989 0.458380401 0.208781242 0.788235307 0.56078434 0.34117648
v 0.261835039 0.457724601 0.208781242 0.788235307 0.56078434 0.34117648
v 0.295544088 0.45257917 0.208781242 0.788235307 0.56078434 0.34117648
v 0.320984989 0.445796728 0.208781242 0.788235307 0.56078434 0.34117648
v 0.105728805 -0.164474934 0.226765946 0.704252303 0.483519942 0.297505319
v 0.126998842 -0.165411413 0.229262799 0.705952346 0.485083997 0.298389345
v 0.160707891 -0.166669577 0.232727244 0.708261311 0.487208247 0.299590021
v 0.19441694 -0.167533159 0.235207945 0.709897757 0.488713771 0.300440967
v 0.228125989 -0.166256666 0.231820405 0.711003721 0.489731252 0.301016033
v 0.245823577 -0.164450511 0.226868466 0.712741733 0.491330266 0.301919848
v -0.230942726 -0.134042636 0.229756296 0.690196097 0.470588237 0.290196091
v -0.21009165 -0.137066111 0.233089775 0.690196097 0.470588237 0.290196091
v -0.176382601 -0.138232082 0.23436299 0.690196097 0.470588237 0.290196091
v -0.142673552 -0.138232082 0.234422415 0.690196097 0.470588237 0.290196091
v -0.108964503 -0.138352156 0.234797269 0.690306246 0.470689565 0.290253371
v -0.0752554536 -0.138887972 0.235826254 0.691276371 0.471582055 0.290757835
v -0.0415464044 -0.139967352 0.23764275 0.693158865 0.473313987 0.291736752
v -0.00783735514 -0.14147231 0.240195245 0.695807278 0.475750566 0.293113917
v 0.0242119581 -0.141679764 0.245523021 0.699168086 0.478842437 0.294861525
v 0.0595807433 -0.149303719 0.242490292 0.701886714 0.481343627 0.296275228
v 0.0940113887 -0.155904859 0.239797503 0.704476058 0.483725816 0.297621697
v 0.126998842 -0.157040015 0.246117324 0.707818925 0.486801237 0.299359977
v 0.160707891 -0.159083486 0.249581769 0.710414112 0.48918882 0.300709456
v 0.19441694 -0.16044943 0.25206247 0.712242544 0.490870982 0.301660269
v 0.228125989 -0.159178644 0.248674929 0.713258922 0.49180606 0.302188754
v 0.262204647 -0.147111073 0.243021488 0.718846321 0.496946454 0.305094212
v 0.283455193 -0.134607449 0.236701787 0.725650787 0.503206611 0.308632553
v -0.234709874 -0.113473088 0.233629942 0.690196097 0.470588237 0.290196091
v -0.21009165 -0.113473088 0.244084612 0.690196097 0.470588237 0.290196091
v -0.176382601 -0.113473088 0.246564716 0.690196097 0.470588237 0.290196091
v -0.142673552 -0.113473088 0.246890739 0.690198421 0.470590353 0.290197283
v -0.108964503 -0.113473088 0.248123869 0.690880239 0.471217662 0.290551841
v -0.0752554536 -0.113473088 0.250785768 0.692797601 0.472981602 0.291548848
v -0.0427746288 -0.112666525 0.255117416 0.695941567 0.475874066 0.293183714
v -0.00783735514 -0.124127492 0.257049769 0.698608756 0.47832787 0.294570655
v 0.0118691176 -0.129023239 0.258781165 0.700514317 0.480081022 0.295561582
v 0.278585643 -0.13023977 0.259174496 0.728444815 0.505777121 0.310085446
v 0.297905326 -0.115302466 0.247961625 0.736837566 0.513498425 0.314449668
v 0.315680951 -0.100365154 0.23674874 0.746597767 0.522477746 0.319524944
v -0.236478746 -0.0797640383 0.235443324 0.690196097 0.470588237 0.290196091
v -0.21009165 -0.0797640383 0.247625649 0.690196097 0.470588237 0.290196091
v -0.176382601 -0.0797640383 0.250187635 0.690196097 0.470588237 0.290196091
v -0.142673552 -0.0797640383 0.251172453 0.690776527 0.471122235 0.290497929
v -0.108964503 -0.0797640383 0.253620327 0.692779422 0.472964913 0.291539431
v -0.0760254115 -0.0809765607 0.257365733 0.696037292 0.475962132 0.293233514
v -0.0548297949 -0.0930212662 0.258762509 0.6972875 0.477112353 0.293883622
v 0.312355429 -0.0965800509 0.259221435 0.749183893 0.524857044 0.320869744
v 0.327851623 -0.0852665752 0.245787174 0.755396962 0.53057307 0.324100554
v 0.348684728 -0.0656029359 0.242490292 0.764947832 0.539359868 0.329066992
v -0.236478746 -0.0460549891 0.235443324 0.690196097 0.470588237 0.290196091
v -0.21009165 -0.0460549891 0.247684777 0.690196097 0.470588237 0.290196091
v -0.176382601 -0.0460549891 0.250688702 0.69041574 0.470790327 0.290310323
v -0.142673552 -0.0460549891 0.252734333 0.692044616 0.472288847 0.291157305
v -0.108035564 -0.0459665246 0.256827801 0.695515573 0.475482166 0.292962223
v -0.087775059 -0.0571438968 0.258573055 0.697118044 0.476956457 0.293795526
v 0.365539253 -0.0493447818 0.242490292 0.771274388 0.545180321 0.332356811
v 0.38295424 -0.0324902572 0.242490292 0.776411653 0.549906552 0.335028172
v -0.236478746 -0.0123459399 0.235446766 0.690196097 0.470588237 0.290196091
v -0.21009165 -0.0123459399 0.247892469 0.690196097 0.470588237 0.290196091
v -0.176382601 -0.0123459399 0.25161916 0.691131234 0.471448541 0.290682346
v -0.142673552 -0.0123459399 0.254962683 0.693895042 0.473991245 0.292119533
v -0.119938776 -0.0123459399 0.258279532 0.696880102 0.476737499 0.293671757
v 0.399808764 -0.0148474574 0.242490292 0.780369461 0.5535478 0.33708626
v 0.415647984 0.00200706767 0.242490292 0.783132851 0.556090117 0.338523209
v -0.236478746 0.0213631094 0.235494584 0.690196097 0.470588237 0.290196091
v -0.21009165 0.0213631094 0.248302832 0.690345109 0.470725298 0.290273577
v -0.176382601 0.0213631094 0.252934456 0.692210734 0.472441673 0.291243702
v -0.142347798 0.0188548639 0.257361084 0.696006238 0.475933582 0.293217391
v -0.125145093 0.00594635075 0.259190679 0.697688818 0.477481544 0.294092298
v 0.430988967 0.0213631094 0.242490292 0.785261631 0.558048546 0.339630187
v -0.236478746 0.0550721586 0.235616401 0.690196097 0.470588237 0.290196091
v -0.21009165 0.0550721586 0.24890241 0.690735281 0.471084297 0.290476471
v -0.176382601 0.0550721586 0.254479289 0.693493843 0.473622143 0.291910917
v -0.15333119 0.0550721586 0.258047819 0.696658731 0.47653386 0.29355666
v 0.445721328 0.0404498801 0.242490292 0.78663522 0.559312284 0.340344429
v 0.456112325 0.0573044047 0.242490292 0.787380159 0.559997618 0.3407318
v -0.23648639 0.0887812078 0.235787734 0.690242946 0.470631331 0.290220439
v -0.21009165 0.0887812078 0.249592602 0.691239774 0.471548438 0.290738821
v -0.173557267 0.0904211551 0.256605029 0.695269883 0.475256145 0.292834461
v -0.15742664 0.0802780986 0.258844703 0.697393477 0.477209836 0.293938726
v 0.474189758 0.0915444568 0.241957113 0.788093686 0.560654044 0.341102839
v 0.481381178 0.104622968 0.230365336 0.788186073 0.56073904 0.34115088
v -0.232930318 0.122490257 0.232130453 0.690383375 0.470760554 0.290293485
v -0.21009165 0.122490257 0.243164003 0.691433668 0.471726835 0.290839642
v -0.173557267 0.119727455 0.253137708 0.69586885 0.47580716 0.293145925
v -0.153819993 0.129121944 0.256760955 0.700249314 0.479837179 0.295423746
v 0.480323076 0.107515134 0.252838045 0.788205743 0.56075716 0.341161102
v 0.485318661 0.120246992 0.241957113 0.78823328 0.560782492 0.341175437
v -0.228559792 0.140769467 0.22746478 0.690844655 0.47118488 0.290533334
v -0.21009165 0.14360711 0.231009483 0.69198823 0.472237021 0.29112801
v -0.176382601 0.147847936 0.236127108 0.696496844 0.476384938 0.293472469
v -0.140430793 0.155876875 0.241767526 0.705070138 0.484272361 0.297930598
v -0.11760655 0.165329829 0.249246776 0.7140342 0.492519319 0.30259192
v 0.494138241 0.156199306 0.242490292 0.788235307 0.56078434 0.34117648
v -0.127041593 0.173639581 0.226774082 0.711377859 0.490075469 0.301210612
v -0.107407928 0.17990759 0.23980239 0.720097303 0.49809736 0.305744708
v -0.0841227397 0.198036239 0.242490292 0.734798789 0.511622727 0.31338951
v 0.4977144 0.189908355 0.242490292 0.788235307 0.56078434 0.34117648
v -0.0672682151 0.216739684 0.242490292 0.748172164 0.523926198 0.320343643
v -0.0536796786 0.233594209 0.242490292 0.757946074 0.532918274 0.325426102
v 0.496821105 0.223617405 0.242490292 0.788235307 0.56078434 0.34117648
v -0.0351909511 0.260182828 0.24390693 0.76940614 0.543461502 0.331385314
v -0.024195103 0.273323447 0.256087691 0.77454257 0.548187017 0.334056258
v 0.491416544 0.257326454 0.242490292 0.788235307 0.56078434 0.34117648
v -0.0260126293 0.275989681 0.233614981 0.7740013 0.54768908 0.333774805
v -0.0160044674 0.288749814 0.24390693 0.777925253 0.551299095 0.335815251
v 0.477874756 0.300059378 0.242490292 0.788235307 0.56078434 0.34117648
v 0.48425591 0.283204854 0.242490292 0.788235307 0.56078434 0.34117648
v 0.00264932821 0.316550881 0.242490292 0.783282518 0.556227803 0.338601053
v 0.0149228843 0.333405405 0.242490292 0.785484672 0.558253765 0.339746147
v 0.465445846 0.324744552 0.242490292 0.788235307 0.56078434 0.34117648
v 0.031777408 0.354476988 0.242490292 0.787273645 0.559899628 0.340676427
v 0.0463463515 0.371331513 0.242490292 0.788012028 0.560578883 0.34106037
v 0.438410521 0.36461848 0.242490292 0.788235307 0.56078434 0.34117648
v 0.451660454 0.347763956 0.242490292 0.788235307 0.56078434 0.34117648
v 0.0632008761 0.387601942 0.242490292 0.788235307 0.56078434 0.34117648
v 0.0824823827 0.404456466 0.242490292 0.788235307 0.56078434 0.34117648
v 0.402515471 0.400121748 0.242490292 0.788235307 0.56078434 0.34117648
v 0.421555996 0.383267224 0.242490292 0.788235307 0.56078434 0.34117648
v 0.0993369073 0.416171014 0.242490292 0.788235307 0.56078434 0.34117648
v 0.126998842 0.431609213 0.242490292 0.788235307 0.56078434 0.34117648
v 0.148053393 0.441309899 0.242490292 0.788235307 0.56078434 0.34117648
v 0.336769283 0.439168632 0.242490292 0.788235307 0.56078434 0.34117648
v 0.362962186 0.426432788 0.242490292 0.788235307 0.56078434 0.34117648
v 0.385660946 0.413135827 0.242490292 0.788235307 0.56078434 0.34117648
v 0.164907917 0.446758777 0.242490292 0.788235307 0.56078434 0.34117648
v 0.19441694 0.453824878 0.242490292 0.788235307 0.56078434 0.34117648
v 0.228125989 0.457638204 0.242490292 0.788235307 0.56078434 0.34117648
v 0.261835039 0.456980675 0.242490292 0.788235307 0.56078434 0.34117648
v 0.295544088 0.451822281 0.242490292 0.788235307 0.56078434 0.34117648
v 0.319914728 0.445413709 0.242490292 0.788235307 0.56078434 0.34117648
v 0.0343418159 -0.132014379 0.260893047 0.70302242 0.482388467 0.296865791
v 0.0595807433 -0.134485871 0.263335884 0.705979228 0.485108763 0.298403323
v 0.0932897925 -0.137558907 0.266666651 0.709859371 0.488678455 0.300421
v 0.126998842 -0.14018549 0.269829899 0.713394701 0.491930932 0.302259356
v 0.160707891 -0.142228961 0.272516072 0.716299653 0.494603544 0.303769946
v 0.19441694 -0.143594906 0.274434149 0.718327701 0.496469319 0.304824531
v 0.228125989 -0.14232412 0.273603916 0.719928503 0.49794209 0.30565697
v 0.256112963 -0.137142017 0.267808646 0.723518133 0.501244485 0.307523549
v -0.0323570929 -0.100892462 0.260728508 0.699196577 0.478868693 0.294876367
v -0.00783735514 -0.107272968 0.263291627 0.701679051 0.481152564 0.296167225
v 0.0242119581 -0.116061375 0.26665774 0.704900622 0.484116405 0.297842443
v 0.0595807433 -0.113473088 0.275801539 0.711963058 0.490613848 0.301514894
v 0.0929866582 -0.111733221 0.284601688 0.718996108 0.49708426 0.305172116
v 0.126998842 -0.120361991 0.286684424 0.721304774 0.499208212 0.306372583
v 0.160707891 -0.125041544 0.289370596 0.723929822 0.501623273 0.307737619
v 0.19441694 -0.127941906 0.291288674 0.725808442 0.503351569 0.308714509
v 0.228125989 -0.127320588 0.290458441 0.727457523 0.504868746 0.309572041
v 0.265143573 -0.122653291 0.277906746 0.731242359 0.508350849 0.311540157
v 0.288630009 -0.106210388 0.276199341 0.742305219 0.51852864 0.317292839
v -0.0653023645 -0.0705485642 0.260713309 0.698835909 0.478536844 0.294688791
v -0.0427746288 -0.0809765607 0.263552845 0.700975895 0.480505645 0.29580158
v -0.00783735514 -0.0797640383 0.272344589 0.708075285 0.487037092 0.299493253
v 0.0282125417 -0.0772011429 0.283898056 0.71753943 0.495744109 0.3044146
v 0.0595807433 -0.0872957632 0.288664997 0.721744239 0.49961257 0.306601137
v 0.0815482214 -0.0940778255 0.291677147 0.724245906 0.501914084 0.307902008
v 0.305484533 -0.0916269347 0.276199341 0.751437962 0.526930749 0.322041839
v 0.329185069 -0.0727153122 0.273503929 0.761625528 0.536303341 0.327339411
v 0.346630484 -0.0634353086 0.260470629 0.766063035 0.540385842 0.329646915
v -0.09617991 -0.0346711986 0.260150224 0.698403537 0.478139073 0.294463962
v -0.0760254115 -0.0459665246 0.262951314 0.700529277 0.48009479 0.29556936
v -0.0415464044 -0.0460549891 0.27227968 0.708022237 0.486988306 0.299465686
v -0.00628887024 -0.0445184782 0.284738719 0.718291938 0.496436417 0.304805934
v 0.0185367595 -0.0547304899 0.289626926 0.722550035 0.500353873 0.307020158
v 0.34037599 -0.0585270859 0.282943338 0.767792284 0.54197675 0.330546081
v 0.361482501 -0.0444755852 0.272740722 0.77293551 0.546708524 0.333220601
v 0.381002277 -0.0304240882 0.262538105 0.777062416 0.55050528 0.335366607
v -0.103084251 -0.0123459399 0.261980683 0.699816287 0.479438812 0.29519859
v -0.0752554536 -0.0123459399 0.269868046 0.706055045 0.485178471 0.298442751
v -0.038885992 -0.00989296846 0.283806235 0.717457116 0.495668411 0.304371834
v -0.0164928976 -0.0194940045 0.289597362 0.722526491 0.500332236 0.307007909
v 0.376334429 -0.0261800718 0.285010785 0.778029323 0.55139482 0.335869342
v 0.395706147 -0.0112368008 0.273293942 0.781097293 0.554217339 0.33746472
v 0.414211839 0.00370647013 0.2615771 0.783435464 0.55636847 0.338680565
v -0.130894288 0.0284190495 0.260485917 0.698676825 0.478390515 0.29460606
v -0.111931048 0.0188548639 0.264514267 0.701688051 0.481160849 0.296171904
v -0.0752554536 0.0213631094 0.277253181 0.712093949 0.490734279 0.301582992
v -0.0487677418 0.0213631094 0.28850174 0.721603096 0.499482691 0.306527734
v 0.410410017 0.00787402131 0.284049779 0.783942223 0.556834698 0.338944077
v 0.423470259 0.020011466 0.274167806 0.785196424 0.557988584 0.339596272
v -0.136476666 0.0550721586 0.262040198 0.699839056 0.479459792 0.295210451
v -0.108964503 0.0550721586 0.270719409 0.706749797 0.485817671 0.298804015
v -0.073503308 0.055140458 0.285605997 0.719032764 0.497117996 0.305191159
v -0.0556088798 0.0439496376 0.291541189 0.724135876 0.501812875 0.307844788
v 0.442296386 0.0454520918 0.276199341 0.786930203 0.559583664 0.340497822
v 0.453094304 0.0623066202 0.276199341 0.787572265 0.560174346 0.340831697
v -0.16043736 0.102750801 0.259530306 0.697967768 0.477738172 0.294237345
v -0.144783586 0.0904211551 0.263111353 0.700627506 0.480185151 0.295620441
v -0.108964503 0.0887812078 0.275499821 0.710657895 0.489413083 0.300836235
v -0.0823477209 0.0887812078 0.287785292 0.720956624 0.498887956 0.306191564
v 0.466978937 0.0887812078 0.276199341 0.788078666 0.560640216 0.34109503
v -0.16043736 0.106649242 0.259530306 0.698114574 0.477873236 0.294313699
v -0.142619595 0.119727455 0.262954533 0.7025612 0.481964171 0.296625972
v -0.108964503 0.122490257 0.276470125 0.713571489 0.492093593 0.302351296
v -0.0857157558 0.122490257 0.288951635 0.72359246 0.501312912 0.307562202
v 0.477973998 0.114600226 0.276199341 0.788227975 0.560777605 0.341172665
v 0.483408511 0.131454751 0.276199341 0.788235307 0.56078434 0.34117648
v -0.131347284 0.142857119 0.261536211 0.707626224 0.486623973 0.299259752
v -0.107407928 0.154935807 0.267166436 0.717535377 0.495740414 0.304412514
v -0.0826740712 0.156199306 0.284332871 0.729752362 0.506980002 0.310765356
v 0.488838017 0.156199306 0.276199341 0.788235307 0.56078434 0.34117648
v -0.0951338485 0.175681546 0.261827677 0.725981295 0.503510654 0.308804393
v -0.072902225 0.187892005 0.274688214 0.740584552 0.51694566 0.316398084
v -0.0552128144 0.200102434 0.28754878 0.752831459 0.528212786 0.322766483
v 0.492477894 0.189908355 0.276199341 0.788235307 0.56078434 0.34117648
v -0.0622279644 0.211439565 0.265076071 0.750576556 0.526138246 0.32159394
v -0.0482876934 0.223052502 0.276267201 0.759551585 0.534395337 0.326260954
v 0.491568357 0.223617405 0.276199341 0.788235307 0.56078434 0.34117648
v -0.0312959477 0.250656962 0.276199341 0.77004683 0.544050932 0.331718475
v -0.0210836381 0.267511487 0.276199341 0.775021255 0.548627436 0.334305167
v 0.480033398 0.270455927 0.289252996 0.788235307 0.56078434 0.34117648
v 0.485578865 0.25846231 0.277289718 0.788235307 0.56078434 0.34117648
v -0.00367906317 0.294402629 0.27956295 0.781197011 0.55430913 0.337516576
v 0.00902087707 0.307883739 0.293041736 0.783994913 0.556883216 0.338971496
v 0.47562176 0.290442288 0.277289718 0.788235307 0.56078434 0.34117648
v 0.482642174 0.278810501 0.266780287 0.788235307 0.56078434 0.34117648
v 0.00551849185 0.31268999 0.270569026 0.783640563 0.556557178 0.338787228
v 0.016565999 0.324253619 0.27956295 0.785446703 0.558218837 0.339726388
v 0.446622819 0.340647727 0.290903568 0.788235307 0.56078434 0.34117648
v 0.457365036 0.327544659 0.278280079 0.788235307 0.56078434 0.34117648
v 0.0353049487 0.350379914 0.276199341 0.787427425 0.56004107 0.340756387
v 0.050051149 0.367234439 0.276199341 0.788077295 0.560638964 0.341094315
v 0.436971843 0.357064515 0.278280079 0.788235307 0.56078434 0.34117648
v 0.449605554 0.344902128 0.268430859 0.788235307 0.56078434 0.34117648
v 0.0669056773 0.384172231 0.276199341 0.788235307 0.56078434 0.34117648
v 0.0870238841 0.401026756 0.276199341 0.788235307 0.56078434 0.34117648
v 0.378533453 0.408211708 0.290196329 0.788235307 0.56078434 0.34117648
v 0.3951478 0.39860633 0.277855724 0.788235307 0.56078434 0.34117648
v 0.418010592 0.379753172 0.276199341 0.788235307 0.56078434 0.34117648
v 0.103878409 0.413162947 0.276199341 0.788235307 0.56078434 0.34117648
v 0.126998842 0.425760806 0.276199341 0.788235307 0.56078434 0.34117648
v 0.159963802 0.439090818 0.27860108 0.788235307 0.56078434 0.34117648
v 0.17955935 0.442342788 0.29143858 0.788235307 0.56078434 0.34117648
v 0.30675301 0.441400558 0.28747499 0.788235307 0.56078434 0.34117648
v 0.328036845 0.436774671 0.276222914 0.788235307 0.56078434 0.34117648
v 0.365563154 0.418646395 0.277855724 0.788235307 0.56078434 0.34117648
v 0.382895797 0.411186695 0.26772362 0.788235307 0.56078434 0.34117648
v 0.170704082 0.444910616 0.26896587 0.788235307 0.56078434 0.34117648
v 0.192244202 0.447590113 0.27860108 0.788235307 0.56078434 0.34117648
v 0.228125989 0.452403337 0.276199341 0.788235307 0.56078434 0.34117648
v 0.261835039 0.451734185 0.276199341 0.788235307 0.56078434 0.34117648
v 0.295527637 0.446514189 0.276222914 0.788235307 0.56078434 0.34117648
v 0.315989643 0.444009572 0.26500228 0.788235307 0.56078434 0.34117648
v 0.104020916 -0.0993369743 0.294760734 0.726871312 0.504329443 0.309267193
v 0.126998842 -0.103507467 0.297683388 0.729401946 0.50665766 0.310583144
v 0.160707891 -0.108187027 0.301369071 0.732481837 0.509491146 0.312184691
v 0.19441694 -0.111087374 0.303980172 0.734651804 0.511487484 0.313313067
v 0.228125989 -0.11046607 0.304141939 0.73679018 0.513454795 0.314425021
v 0.261835039 -0.103946067 0.299406767 0.742603123 0.518802702 0.317447722
v 0.280750364 -0.0982591435 0.294687599 0.747118294 0.522956669 0.319795638
v 0.0410094596 -0.0642561987 0.293704599 0.725888729 0.503425419 0.308756232
v 0.0595807433 -0.070441246 0.297286659 0.728852689 0.506152272 0.310297519
v 0.0929866582 -0.0816105008 0.302611977 0.7330392 0.510003865 0.312474489
v 0.127249599 -0.0777328312 0.315779299 0.743645906 0.519762099 0.317989975
v 0.160707891 -0.085591495 0.318223596 0.745525181 0.521491051 0.318967223
v 0.19441694 -0.0894269571 0.320834696 0.747409284 0.523224354 0.319946945
v 0.228125989 -0.0901285931 0.320996463 0.748908043 0.524603248 0.320726305
v 0.261835039 -0.0864036083 0.316261292 0.752573192 0.527975202 0.322632164
v 0.293014526 -0.0776456073 0.308097005 0.758295774 0.533239961 0.325607926
v 0.31790328 -0.0675288737 0.299033731 0.763715804 0.538226366 0.328426331
v 0.00597980246 -0.0322577916 0.294410259 0.726453543 0.503945112 0.309049964
v 0.0282125417 -0.0445184782 0.298340231 0.729719579 0.506949842 0.310748309
v 0.0614761002 -0.0437921286 0.314005792 0.742252469 0.518480122 0.317265391
v 0.0932897925 -0.0538963452 0.320575893 0.747258902 0.523086071 0.319868773
v 0.11618042 -0.0602815636 0.32475692 0.750014663 0.525621295 0.321301728
v 0.305278689 -0.0591624081 0.321506411 0.766661823 0.540936708 0.32995826
v 0.33182618 -0.0476084016 0.312705368 0.771425188 0.545319021 0.33243522
v 0.353861719 -0.0360543877 0.303904295 0.775278926 0.548864424 0.334439158
v -0.0258760322 0.00297869556 0.293627381 0.725827098 0.503368795 0.308724225
v -0.00628887024 -0.00989296846 0.298263341 0.729659438 0.506894529 0.310717046
v 0.026937332 -0.0112981303 0.315484941 0.743445516 0.519577742 0.317885786
v 0.0515033267 -0.02183594 0.322330028 0.748442233 0.52417469 0.320484102
v 0.34574905 -0.0289617013 0.326377004 0.776997209 0.550445259 0.335332662
v 0.364243746 -0.0215170309 0.313047737 0.778854489 0.552154005 0.336298466
v 0.387194633 -0.00292072026 0.30990839 0.782386541 0.555403471 0.338135123
v -0.0319132172 0.0213631094 0.297122449 0.728721082 0.506031215 0.310229063
v -0.0054636728 0.0233847983 0.313843876 0.742119849 0.518358111 0.317196429
v 0.0164114088 0.0134962387 0.322279096 0.748409808 0.524144888 0.320467234
v 0.404049158 0.0145997386 0.30990839 0.784626245 0.557464004 0.339299768
v 0.41895926 0.0314542651 0.30990839 0.7860955 0.558815718 0.340063781
v -0.0610988624 0.0664223358 0.294557691 0.726601005 0.504080772 0.309126616
v -0.0432420783 0.055140458 0.302271783 0.732771933 0.509758055 0.312335551
v -0.0153242722 0.0550721586 0.320302904 0.747064948 0.522907555 0.319767892
v 0.436647177 0.0560190678 0.310114682 0.787359774 0.559978843 0.34072119
v 0.449701577 0.0678866878 0.29901582 0.787726879 0.560316563 0.340912104
v -0.0654931962 0.0887812078 0.297323853 0.728859723 0.506158769 0.310301185
v -0.0392787047 0.0895280018 0.315358341 0.743313015 0.519455791 0.317816883
v -0.0217760503 0.0787895098 0.324534655 0.749878824 0.525496364 0.321231127
v 0.444816828 0.0763222054 0.321488529 0.787896395 0.560472488 0.341000229
v 0.455480874 0.0880476162 0.310114682 0.788070917 0.560633063 0.341090977
v -0.0688612312 0.122490257 0.30004251 0.732350588 0.509370387 0.312116414
v -0.0459795669 0.122490257 0.316897035 0.745490074 0.521458745 0.318948954
v 0.471846819 0.125163302 0.307138979 0.788235307 0.56078434 0.34117648
v 0.481306791 0.138181686 0.294056326 0.788235307 0.56078434 0.34117648
v -0.0658195466 0.156199306 0.298732936 0.739714682 0.516145349 0.315945745
v -0.0467531793 0.156199306 0.315587461 0.750643849 0.526200175 0.321628928
v 0.476600766 0.156199306 0.315549135 0.788235307 0.56078434 0.34117648
v 0.482988775 0.156199306 0.298694611 0.788235307 0.56078434 0.34117648
v -0.0611037761 0.177629724 0.295497268 0.746210635 0.522121608 0.319323659
v -0.0413874276 0.191368863 0.310821921 0.758714736 0.533625424 0.325825781
v -0.024264494 0.205107972 0.326146603 0.767864883 0.542043507 0.330583841
v 0.478570461 0.189908355 0.320626736 0.788235307 0.56078434 0.34117648
v 0.484831095 0.189908355 0.303772211 0.788235307 0.56078434 0.34117648
v -0.0321766064 0.223617405 0.303336203 0.766831756 0.541093051 0.330046624
v -0.0207974613 0.223617405 0.320190728 0.771050334 0.544974148 0.332240283
v 0.478078842 0.223617405 0.319358587 0.788235307 0.56078434 0.34117648
v 0.484370649 0.223617405 0.302504063 0.788235307 0.56078434 0.34117648
v -0.0266232789 0.243673131 0.296143621 0.77115345 0.545068979 0.332293898
v -0.013134378 0.255876273 0.308391333 0.776400149 0.549896002 0.335022211
v 0.475721538 0.25846231 0.309434086 0.788235307 0.56078434 0.34117648
v 0.482693523 0.247983217 0.297881544 0.788235307 0.56078434 0.34117648
v 0.00303564453 0.28394258 0.30990839 0.781883359 0.554940522 0.337873459
v 0.0130750723 0.300797105 0.30990839 0.784217715 0.557088137 0.339087337
v 0.464766115 0.291035503 0.30990839 0.788235307 0.56078434 0.34117648
v 0.0305226557 0.326331109 0.310664535 0.786714077 0.559384823 0.340385467
v 0.04492658 0.338625163 0.322404981 0.787680209 0.560273647 0.340887845
v 0.442413986 0.334116697 0.30990839 0.788235307 0.56078434 0.34117648
v 0.452579141 0.317262173 0.30990839 0.788235307 0.56078434 0.34117648
v 0.0394491106 0.34549579 0.299932271 0.787555635 0.560159028 0.340823054
v 0.0583889969 0.359750658 0.312178165 0.788166404 0.560720921 0.341140628
v 0.0778469071 0.374005556 0.324424058 0.788235307 0.56078434 0.34117648
v 0.408695847 0.370534807 0.318201661 0.788235307 0.56078434 0.34117648
v 0.42392844 0.358960509 0.308142543 0.788235307 0.56078434 0.34117648
v 0.0718514249 0.379575104 0.301951379 0.788235307 0.56078434 0.34117648
v 0.092994146 0.392471224 0.310351491 0.788235307 0.56078434 0.34117648
v 0.116481423 0.405367404 0.318751603 0.788235307 0.56078434 0.34117648
v 0.371734977 0.403936684 0.30990839 0.788235307 0.56078434 0.34117648
v 0.397144228 0.385496199 0.308142543 0.788235307 0.56078434 0.34117648
v 0.414818674 0.376589566 0.295728952 0.788235307 0.56078434 0.34117648
v 0.108141392 0.410341471 0.296278924 0.788235307 0.56078434 0.34117648
v 0.127430201 0.415543795 0.308472514 0.788235307 0.56078434 0.34117648
v 0.160707891 0.429207385 0.30990839 0.788235307 0.56078434 0.34117648
v 0.192244202 0.438165605 0.309378922 0.788235307 0.56078434 0.34117648
v 0.228125989 0.439411879 0.318126082 0.788235307 0.56078434 0.34117648
v 0.261835039 0.439050347 0.317186415 0.788235307 0.56078434 0.34117648
v 0.295527637 0.436716944 0.308627188 0.788235307 0.56078434 0.34117648
v 0.329253137 0.425488979 0.30990839 0.788235307 0.56078434 0.34117648
v 0.354880452 0.41391319 0.30990839 0.788235307 0.56078434 0.34117648
v 0.202032045 0.444431394 0.297789574 0.788235307 0.56078434 0.34117648
v 0.228125989 0.445685834 0.301271558 0.788235307 0.56078434 0.34117648
v 0.261835039 0.44534716 0.300331891 0.788235307 0.56078434 0.34117648
v 0.2842803 0.44397983 0.296536684 0.788235307 0.56078434 0.34117648
v 0.138653114 -0.065142341 0.328449458 0.752326012 0.52774775 0.322503626
v 0.160707891 -0.0687369704 0.331378102 0.754146993 0.529423058 0.323450536
v 0.19441694 -0.0725724325 0.334730774 0.756041765 0.531166255 0.32443583
v 0.228125989 -0.0732740685 0.335682154 0.757511079 0.532518029 0.325199872
v 0.261835039 -0.0695490837 0.332808256 0.760748148 0.535496116 0.326883137
v 0.282805979 -0.0652896464 0.329087853 0.763513207 0.538039982 0.32832098
v 0.073976025 -0.0310472026 0.327990681 0.752006352 0.527453661 0.322337419
v 0.0932897925 -0.0370418206 0.332535207 0.754840255 0.530060887 0.323811054
v 0.127249599 -0.0478491262 0.33825165 0.757961631 0.53293258 0.325434178
v 0.157815188 -0.044833146 0.35053435 0.763975263 0.538465083 0.328561246
v 0.19441694 -0.0530210026 0.351585299 0.764436424 0.538889349 0.328801066
v 0.228125989 -0.0544882044 0.352536678 0.765487075 0.539855957 0.329347402
v 0.261835039 -0.0522618778 0.349662811 0.767656565 0.541851878 0.330475509
v 0.295006484 -0.0455503426 0.343461007 0.771061122 0.544984102 0.332245886
v 0.323276341 -0.0366897099 0.335361391 0.774465084 0.54811573 0.334015936
v 0.038884107 0.000636758283 0.329072356 0.752682686 0.528075933 0.322689116
v 0.0614761002 -0.0112981303 0.334311306 0.755876064 0.531013846 0.324349701
v 0.0922724307 -0.0120827388 0.350290477 0.763884544 0.538381636 0.328514099
v 0.126998842 -0.0244466551 0.356713474 0.766623616 0.540901601 0.329938412
v 0.14465037 -0.028918894 0.36022839 0.767879725 0.542057157 0.330591559
v 0.307206959 -0.0269305054 0.357834101 0.776594579 0.550074875 0.335123301
v 0.332408905 -0.0221218187 0.345405638 0.778167367 0.551521838 0.335941166
v 0.361055046 -0.00427223323 0.341563433 0.781876385 0.554934144 0.337869853
v 0.381533295 0.00281880121 0.328957766 0.783149183 0.556105137 0.338531703
v 0.00735513167 0.0359689407 0.327871889 0.751931429 0.527384758 0.322298467
v 0.026937332 0.0233847983 0.334196955 0.755813241 0.53095603 0.324317008
v 0.0581621528 0.0199000221 0.352441281 0.764860868 0.539279878 0.329021782
v 0.0803578421 0.00768828159 0.358279109 0.767161429 0.541396379 0.330218077
v 0.37101993 0.011952077 0.351430446 0.784078538 0.556960106 0.339014947
v 0.393737316 0.0245113969 0.339806467 0.785440683 0.558213294 0.339723289
v 0.414455891 0.0370707177 0.328182459 0.78644067 0.559133232 0.34024325
v 0.00153025193 0.0550721586 0.33229357 0.754699826 0.529931664 0.323738039
v 0.0262723174 0.0541671924 0.350054055 0.763775289 0.538281083 0.328457266
v 0.0459800698 0.0423275344 0.358207256 0.767135143 0.54137218 0.330204397
v 0.405941278 0.0473254509 0.350655168 0.786913514 0.559568286 0.340489149
v 0.420281649 0.0571659431 0.341098249 0.787356317 0.559975684 0.340719402
v -0.0265305545 0.101262212 0.328149408 0.752133965 0.527571082 0.322403789
v -0.00945876166 0.0895279944 0.337770641 0.757710338 0.532701373 0.325303495
v 0.0141999265 0.0887812078 0.356337219 0.766470611 0.540760815 0.32985884
v 0.437942326 0.0880476162 0.343838513 0.788053632 0.560617208 0.341082007
v 0.450614125 0.0987949073 0.332749516 0.788161218 0.560716152 0.341137946
v -0.0291250404 0.122490257 0.330343157 0.754184365 0.52945745 0.323469967
v -0.00603143219 0.120385692 0.349527419 0.763841093 0.538341641 0.328491479
v 0.00964163244 0.107746296 0.359930068 0.767802596 0.541986227 0.330551475
v 0.443890363 0.114149332 0.355222225 0.788222075 0.560772181 0.341169596
v 0.454206467 0.124227524 0.343838513 0.788235307 0.56078434 0.34117648
v -0.0298986547 0.156199306 0.331366807 0.758989811 0.533878505 0.325968832
v -0.0120675284 0.156199306 0.348221332 0.76632905 0.540630579 0.329785228
v 0.462905824 0.156199306 0.343617439 0.788235307 0.56078434 0.34117648
v -0.027562039 0.182635263 0.329514265 0.763706207 0.538217545 0.328421324
v -0.0135603324 0.192286327 0.341897339 0.770098448 0.544098437 0.331745327
v 0.466969281 0.189908355 0.343617439 0.788235307 0.56078434 0.34117648
v -0.00214026379 0.222813487 0.345395625 0.776505649 0.549993038 0.335077047
v 0.0110121211 0.233513892 0.357817441 0.780272961 0.553458929 0.337036043
v 0.465954483 0.223617405 0.343617439 0.788235307 0.56078434 0.34117648
v 0.00337386248 0.257326454 0.33434993 0.780359924 0.553538978 0.337081254
v 0.0155675951 0.257326454 0.351204455 0.78249228 0.555500805 0.338190138
v 0.446749926 0.272511244 0.35971114 0.788235307 0.56078434 0.34117648
v 0.457569838 0.2596955 0.346531838 0.788235307 0.56078434 0.34117648
v 0.00796393957 0.275966406 0.328297108 0.782332361 0.555353642 0.33810693
v 0.0263264086 0.290329248 0.343107432 0.785323918 0.558105826 0.339662552
v 0.0445655286 0.304692119 0.357917756 0.787095487 0.559735715 0.340583771
v 0.442559421 0.291035503 0.353147149 0.788235307 0.56078434 0.34117648
v 0.45262152 0.291035503 0.336292624 0.788235307 0.56078434 0.34117648
v 0.0368966982 0.316152453 0.335445046 0.786901951 0.559557676 0.340483129
v 0.051260639 0.326331109 0.345455825 0.787735939 0.560324907 0.340916812
v 0.411161989 0.338604689 0.357449383 0.788235307 0.56078434 0.34117648
v 0.430216074 0.32435298 0.343221545 0.788235307 0.56078434 0.34117648
v 0.44849363 0.310101241 0.328993678 0.788235307 0.56078434 0.34117648
v 0.0688692853 0.349918902 0.343617439 0.788219512 0.560769796 0.341168255
v 0.0856813565 0.366773427 0.343617439 0.788235307 0.56078434 0.34117648
v 0.376616716 0.372848481 0.357289523 0.788235307 0.56078434 0.34117648
v 0.398692608 0.360455275 0.346133083 0.788235307 0.56078434 0.34117648
v 0.418946356 0.348062128 0.334976673 0.788235307 0.56078434 0.34117648
v 0.102535881 0.381183088 0.343617439 0.788235307 0.56078434 0.34117648
v 0.127430201 0.397675753 0.34294048 0.788235307 0.56078434 0.34117648
v 0.154488236 0.404754192 0.353725523 0.788235307 0.56078434 0.34117648
v 0.309243411 0.408138275 0.35907945 0.788235307 0.56078434 0.34117648
v 0.329253137 0.403852731 0.352301538 0.788235307 0.56078434 0.34117648
v 0.362234205 0.391793042 0.34289372 0.788235307 0.56078434 0.34117648
v 0.386223167 0.380575985 0.334816813 0.788235307 0.56078434 0.34117648
v 0.138954118 0.411533147 0.331252843 0.788235307 0.56078434 0.34117648
v 0.163717896 0.41456604 0.34294048 0.788235307 0.56078434 0.34117648
v 0.19441694 0.422557592 0.343617439 0.788235307 0.56078434 0.34117648
v 0.228125989 0.426883996 0.343617439 0.788235307 0.56078434 0.34117648
v 0.261835039 0.426138222 0.343617439 0.788235307 0.56078434 0.34117648
v 0.297021866 0.418527842 0.346152842 0.788235307 0.56078434 0.34117648
v 0.329253137 0.413888663 0.335447013 0.788235307 0.56078434 0.34117648
v 0.347851604 0.409988791 0.328497887 0.788235307 0.56078434 0.34117648
v 0.167123079 -0.032782238 0.363448858 0.76920718 0.543278456 0.331281871
v 0.19441694 -0.0361664779 0.366374761 0.77029568 0.544279873 0.331847876
v 0.228125989 -0.0376336798 0.367825419 0.771255851 0.545163274 0.332347184
v 0.261835039 -0.0354073532 0.366072953 0.773079634 0.546841145 0.333295524
v 0.284734279 -0.0319382735 0.363028854 0.774758995 0.548386097 0.334168792
v 0.102830537 -0.00067092292 0.364285707 0.769497156 0.543545246 0.331432641
v 0.126998842 -0.00759213045 0.369871408 0.771556199 0.545439601 0.332503349
v 0.159381345 -0.0128819868 0.377556175 0.774010181 0.547697186 0.333779424
v 0.19441694 -0.0162700042 0.383229285 0.775665283 0.549219906 0.334640086
v 0.228125989 -0.0183421802 0.384679943 0.776360869 0.549859881 0.335001767
v 0.261835039 -0.0168448556 0.382927477 0.777639687 0.551036358 0.335666746
v 0.295271993 -0.0121519566 0.377357483 0.779375672 0.552633464 0.336569458
v 0.329253137 -0.0036767046 0.368516266 0.781487644 0.554576516 0.337667704
v 0.34854722 0.00256125699 0.362456232 0.782711864 0.555702746 0.338304281
v 0.068452768 0.0301609803 0.365639448 0.770022333 0.544028401 0.331705749
v 0.0948408023 0.0226120446 0.376198918 0.773591876 0.547312379 0.333561897
v 0.126998842 0.0149134519 0.386725932 0.776622593 0.550100625 0.335137874
v 0.151639625 0.0078272149 0.391663522 0.777797878 0.551181912 0.335749
v 0.305809677 0.00725143915 0.391686112 0.782654285 0.555649817 0.33827436
v 0.329253137 0.013939227 0.385370791 0.783777952 0.5566836 0.338858664
v 0.359407544 0.0243823472 0.374541163 0.785131335 0.557928681 0.339562416
v 0.383468598 0.0344247781 0.364153385 0.786091447 0.558812022 0.340061665
v 0.0377757512 0.0648002326 0.364136219 0.769438744 0.543491483 0.331402242
v 0.0609289221 0.0567845739 0.376124173 0.77356869 0.54729104 0.333549827
v 0.0868510678 0.0487689115 0.388112158 0.776981473 0.550430834 0.335324496
v 0.370267779 0.0472742021 0.386626095 0.786706746 0.559378028 0.340381622
v 0.393803686 0.0585361756 0.37446022 0.787296295 0.55992043 0.340688169
v 0.415037066 0.0697981492 0.362294406 0.787701368 0.560293078 0.340898812
v 0.0310544521 0.0887812078 0.369579971 0.771453917 0.545345485 0.332450151
v 0.053441409 0.0887812078 0.386434495 0.77654624 0.55003041 0.335098147
v 0.405169487 0.0887812078 0.38580662 0.788005233 0.560572684 0.341056854
v 0.420578182 0.0887812078 0.368952096 0.788035393 0.5606004 0.34107253
v 0.00640886603 0.130218998 0.362681895 0.769478023 0.543527663 0.331422716
v 0.0258623362 0.122632287 0.377053171 0.774058342 0.547741532 0.333804458
v 0.0463342927 0.115045577 0.391424417 0.777799368 0.551183283 0.335749775
v 0.411771148 0.109299101 0.392429024 0.788184524 0.56073761 0.341150075
v 0.430278867 0.122960567 0.377130657 0.788232803 0.560782075 0.341175199
v 0.44820416 0.136622041 0.36183235 0.788235307 0.56078434 0.34117648
v 0.00478699571 0.156199306 0.364237905 0.771942854 0.545795321 0.332704425
v 0.0237927344 0.156199306 0.381092429 0.776796222 0.550260365 0.335228145
v 0.437054336 0.156199306 0.381758481 0.788235307 0.56078434 0.34117648
v 0.450394392 0.156199306 0.364903957 0.788235307 0.56078434 0.34117648
v 0.00575653883 0.189908355 0.363585353 0.775609076 0.549168229 0.33461085
v 0.0232321583 0.189908355 0.380439878 0.779445231 0.55269748 0.336605638
v 0.439462066 0.189908355 0.38469395 0.788235307 0.56078434 0.34117648
v 0.452488184 0.189908355 0.367839426 0.788235307 0.56078434 0.34117648
v 0.00770159019 0.211041197 0.361811846 0.777933121 0.551306307 0.335819334
v 0.0261738617 0.223057047 0.377358586 0.782155991 0.555191338 0.338015229
v 0.0440019257 0.235072926 0.392905325 0.784950435 0.557762265 0.33946836
v 0.438860655 0.223617405 0.383960664 0.788235307 0.56078434 0.34117648
v 0.451964974 0.223617405 0.36710614 0.788235307 0.56078434 0.34117648
v 0.0324221179 0.257326454 0.37179324 0.78467834 0.557511926 0.339326859
v 0.0480468236 0.257326454 0.388647765 0.786081493 0.558802843 0.340056509
v 0.437333196 0.2596955 0.376098335 0.788235307 0.56078434 0.34117648
v 0.449780583 0.250038534 0.364043206 0.788235307 0.56078434 0.34117648
v 0.038228821 0.28221941 0.365606338 0.78611201 0.558830857 0.340072364
v 0.0577914417 0.294138402 0.379354715 0.787492335 0.560100794 0.340790123
v 0.0776042044 0.306057364 0.393103123 0.78811866 0.560676992 0.341115832
v 0.408856779 0.299718499 0.389532328 0.788235307 0.56078434 0.34117648
v 0.424168766 0.289503485 0.37790817 0.788235307 0.56078434 0.34117648
v 0.0685985014 0.324744552 0.36896646 0.788114488 0.560673177 0.341113657
v 0.0854323804 0.324744552 0.385820985 0.788234055 0.560783207 0.341175824
v 0.376718432 0.338546515 0.391781718 0.788235307 0.56078434 0.34117648
v 0.398773074 0.327339262 0.379420668 0.788235307 0.56078434 0.34117648
v 0.419013113 0.316131979 0.367059618 0.788235307 0.56078434 0.34117648
v 0.0753832832 0.342758417 0.3616395 0.788231611 0.560780942 0.341174543
v 0.0985434651 0.353604943 0.37244156 0.788235307 0.56078434 0.34117648
v 0.126998842 0.36508745 0.383884221 0.788235307 0.56078434 0.34117648
v 0.149506986 0.372537166 0.39138934 0.788235307 0.56078434 0.34117648
v 0.337315112 0.370442271 0.389278859 0.788235307 0.56078434 0.34117648
v 0.365431279 0.360408992 0.379293919 0.788235307 0.56078434 0.34117648
v 0.38868928 0.350375772 0.369309038 0.788235307 0.56078434 0.34117648
v 0.109824449 0.37555483 0.360770941 0.788235307 0.56078434 0.34117648
v 0.126998842 0.380723208 0.367029697 0.788235307 0.56078434 0.34117648
v 0.163233951 0.391213924 0.376084954 0.788235307 0.56078434 0.34117648
v 0.19441694 0.39774546 0.380293429 0.788235307 0.56078434 0.34117648
v 0.228125989 0.400302738 0.38344112 0.788235307 0.56078434 0.34117648
v 0.261835039 0.399861842 0.38289836 0.788235307 0.56078434 0.34117648
v 0.297021866 0.398397803 0.375709742 0.788235307 0.56078434 0.34117648
v 0.32734853 0.385357559 0.377756089 0.788235307 0.56078434 0.34117648
v 0.354144007 0.380537421 0.366806149 0.788235307 0.56078434 0.34117648
v 0.176960945 0.409235388 0.360780597 0.788235307 0.56078434 0.34117648
v 0.19441694 0.411116272 0.363438904 0.788235307 0.56078434 0.34117648
v 0.228125989 0.413343847 0.366586596 0.788235307 0.56078434 0.34117648
v 0.261835039 0.412959605 0.366043836 0.788235307 0.56078434 0.34117648
v 0.286770731 0.411085397 0.363395572 0.788235307 0.56078434 0.34117648
v 0.17411232 0.00315492041 0.395211488 0.778595626 0.551915824 0.336163849
v 0.19441694 0.000584519934 0.397224605 0.779131472 0.552408814 0.336442471
v 0.228125989 -0.0014876551 0.398914456 0.779735565 0.552964568 0.336756617
v 0.261835039 9.66852531e-06 0.397802502 0.78076911 0.553915441 0.337294042
v 0.283336967 0.00262659416 0.395726055 0.781627834 0.554705501 0.3377406
v 0.10932377 0.0375358127 0.394619703 0.778429508 0.551762998 0.336077452
v 0.126998842 0.0317679755 0.39857775 0.779461563 0.5527125 0.336614132
v 0.162008733 0.0199833829 0.403465599 0.7805323 0.553697586 0.337170899
v 0.19441694 0.0213631094 0.412323654 0.782217205 0.555247724 0.338047087
v 0.226896882 0.0245029218 0.418118477 0.783295035 0.556239247 0.33860752
v 0.259723663 0.0245029218 0.416591316 0.783851087 0.556750894 0.338896692
v 0.294961631 0.0196379162 0.405127466 0.78389442 0.556790709 0.338919222
v 0.329253137 0.0307937525 0.400012583 0.785338104 0.558118939 0.339669943
v 0.347795099 0.0368126184 0.395306498 0.785958767 0.558689952 0.339992672
v 0.0758777633 0.0712416098 0.394542694 0.778409719 0.551744759 0.33606717
v 0.0961683691 0.0580320247 0.398779571 0.77954638 0.552790523 0.336658239
v 0.129295662 0.0575955734 0.41530031 0.782713473 0.555704236 0.338305116
v 0.160707891 0.0482855104 0.421868443 0.783723533 0.556633532 0.338830352
v 0.19441694 0.0410659723 0.426134586 0.784286499 0.557151437 0.3391231
v 0.214841127 0.0384154506 0.427765518 0.784462333 0.557313204 0.339214534
v 0.26955238 0.0400366224 0.426702857 0.785342872 0.558123291 0.339672416
v 0.295544088 0.0447482988 0.423559844 0.785942256 0.558674753 0.339984089
v 0.32958889 0.0558343939 0.417663902 0.786811471 0.559474409 0.340436101
v 0.36060375 0.0571351945 0.401113659 0.787071466 0.559713602 0.340571284
v 0.381665975 0.0697469041 0.395719886 0.787582517 0.560183764 0.340837032
v 0.0702959299 0.0887812078 0.398399949 0.77941978 0.552674055 0.336592406
v 0.0959085152 0.0911729112 0.415158093 0.782689869 0.55568254 0.338292867
v 0.119590521 0.0815310255 0.423517585 0.783949077 0.556841016 0.338947654
v 0.341049105 0.0762692466 0.425543755 0.787564874 0.560167551 0.340827852
v 0.363149941 0.0880158395 0.418640763 0.787883043 0.560460269 0.340993315
v 0.388314962 0.0887812078 0.401233643 0.787966132 0.560536742 0.341036528
v 0.0420830399 0.137518272 0.394678026 0.778932333 0.55222559 0.336338937
v 0.0583746806 0.124765255 0.402821004 0.780542433 0.553706884 0.337176174
v 0.0870276764 0.122490257 0.421462774 0.783732951 0.556642175 0.338835269
v 0.374511391 0.114318646 0.424518347 0.788166702 0.560721219 0.341140807
v 0.396428466 0.123045228 0.410915285 0.788220704 0.560770929 0.34116888
v 0.416667312 0.131771803 0.397312254 0.788235307 0.56078434 0.34117648
v 0.0406472608 0.156199306 0.395864546 0.780078292 0.553279877 0.336934835
v 0.0595807433 0.156199306 0.410048395 0.782738149 0.555726945 0.338317961
v 0.0806392729 0.156199306 0.425219387 0.784817517 0.557639956 0.339399219
v 0.400977373 0.156199306 0.417687654 0.788235307 0.56078434 0.34117648
v 0.420199811 0.156199306 0.40083313 0.788235307 0.56078434 0.34117648
v 0.0400866829 0.189908355 0.396400928 0.782230794 0.555260181 0.338054121
v 0.0595807433 0.189908355 0.411761194 0.784474313 0.557324231 0.339220762
v 0.078655079 0.189908355 0.426395774 0.785978854 0.558708429 0.340003133
v 0.403926492 0.189908355 0.420087546 0.788235307 0.56078434 0.34117648
v 0.422607541 0.189908355 0.403233021 0.788235307 0.56078434 0.34117648
v 0.0413356014 0.212600231 0.395393223 0.783647895 0.556563914 0.338791013
v 0.0569752641 0.223748922 0.406075537 0.785623431 0.558381438 0.339818299
v 0.0805287063 0.223617405 0.424994528 0.787030816 0.55967623 0.340550154
v 0.403189778 0.223617405 0.419488132 0.788235307 0.56078434 0.34117648
v 0.42200613 0.223617405 0.402633607 0.788235307 0.56078434 0.34117648
v 0.0649013519 0.257326454 0.404039532 0.787083805 0.559724927 0.340577692
v 0.0860149935 0.257326454 0.420894057 0.787813127 0.560395896 0.340956926
v 0.378935099 0.272256851 0.427333325 0.788235307 0.56078434 0.34117648
v 0.395394474 0.259542882 0.4179326 0.788235307 0.56078434 0.34117648
v 0.418366909 0.257326454 0.399006248 0.788235307 0.56078434 0.34117648
v 0.0710173473 0.283584684 0.398921639 0.787771225 0.560357332 0.340935141
v 0.0926610529 0.291996479 0.411667556 0.788193405 0.560745776 0.341154665
v 0.116144001 0.300408244 0.424413413 0.788235307 0.56078434 0.34117648
v 0.37227267 0.291035503 0.423118234 0.788235307 0.56078434 0.34117648
v 0.397240788 0.289503515 0.404743969 0.788235307 0.56078434 0.34117648
v 0.415025324 0.27724579 0.395675629 0.788235307 0.56078434 0.34117648
v 0.102286905 0.324744552 0.400238723 0.788235307 0.56078434 0.34117648
v 0.127227753 0.324227929 0.416757733 0.788235307 0.56078434 0.34117648
v 0.154163375 0.335119843 0.423731953 0.788235307 0.56078434 0.34117648
v 0.309696466 0.340417653 0.427132756 0.788235307 0.56078434 0.34117648
v 0.329253137 0.33380875 0.422888875 0.788235307 0.56078434 0.34117648
v 0.362442702 0.324233592 0.41079542 0.788235307 0.56078434 0.34117648
v 0.3863841 0.316073805 0.399611682 0.788235307 0.56078434 0.34117648
v 0.109735191 0.341978818 0.394498259 0.788235307 0.56078434 0.34117648
v 0.126998842 0.348232925 0.399727643 0.788235307 0.56078434 0.34117648
v 0.163071528 0.357304126 0.410145909 0.788235307 0.56078434 0.34117648
v 0.19441694 0.361646056 0.416649789 0.788235307 0.56078434 0.34117648
v 0.228125989 0.364768952 0.419221461 0.788235307 0.56078434 0.34117648
v 0.261835039 0.364230484 0.418778062 0.788235307 0.56078434 0.34117648
v 0.297293723 0.356922626 0.41736275 0.788235307 0.56078434 0.34117648
v 0.32734853 0.358905017 0.404364973 0.788235307 0.56078434 0.34117648
v 0.354245752 0.347969562 0.39950642 0.788235307 0.56078434 0.34117648
v 0.171979681 0.377673656 0.396559864 0.788235307 0.56078434 0.34117648
v 0.19441694 0.380890936 0.399795264 0.788235307 0.56078434 0.34117648
v 0.228125989 0.383448213 0.402366936 0.788235307 0.56078434 0.34117648
v 0.261835039 0.383007318 0.401923537 0.788235307 0.56078434 0.34117648
v 0.295544088 0.379547596 0.398444355 0.788235307 0.56078434 0.34117648
v 0.314842433 0.376470357 0.39534983 0.788235307 0.56078434 0.34117648
v 0.237313822 0.0378324799 0.428144723 0.784746587 0.557574749 0.339362353
v 0.247079685 0.0378324799 0.428144723 0.784891546 0.557708085 0.339437723
v 0.142063215 0.0705142021 0.428652495 0.784559309 0.557402432 0.339264959
v 0.160707891 0.0651400387 0.431663066 0.785012305 0.557819188 0.339500517
v 0.19441694 0.0579204969 0.435810566 0.785512745 0.558279634 0.339760751
v 0.226896882 0.0518199429 0.435858548 0.785598516 0.55835849 0.339805335
v 0.259723604 0.052792646 0.435393721 0.786037087 0.558762014 0.340033412
v 0.295544088 0.0616028234 0.433964372 0.786800504 0.559464335 0.340430379
v 0.318576396 0.0675789043 0.43047151 0.787191212 0.559823811 0.340633571
v 0.108890682 0.104003727 0.428574085 0.784547567 0.557391644 0.33925885
v 0.129295662 0.0911729112 0.432169437 0.785096884 0.557896972 0.339544475
v 0.160707891 0.0887812078 0.442830503 0.786230803 0.558940232 0.340134144
v 0.19441694 0.0887812078 0.451123983 0.786915123 0.559569716 0.340489984
v 0.225074291 0.0915094614 0.455917686 0.787267804 0.559894264 0.340673387
v 0.261260182 0.0915094614 0.455079556 0.787499964 0.560107827 0.340794086
v 0.295544088 0.0887812078 0.447802275 0.78762424 0.560222149 0.340858728
v 0.32958889 0.0880158395 0.436158329 0.787762344 0.560349166 0.340930521
v 0.352038711 0.0987419486 0.431230217 0.787996292 0.560564458 0.341052175
v 0.103882201 0.122490257 0.431426704 0.785032094 0.557837367 0.339510798
v 0.126998842 0.122490257 0.442499101 0.786235452 0.558944464 0.340136558
v 0.161428779 0.123116396 0.455754101 0.78725034 0.55987817 0.340664297
v 0.19441694 0.110686414 0.460058033 0.787464261 0.560074985 0.340775549
v 0.211803481 0.105708241 0.461576611 0.787506104 0.56011349 0.340797305
v 0.272113293 0.107663751 0.460954458 0.787841737 0.560422301 0.340971828
v 0.295544088 0.115026325 0.458582491 0.788007975 0.560575187 0.341058254
v 0.3262586 0.125415012 0.452387393 0.788157046 0.560712337 0.3411358
v 0.363149941 0.124329105 0.434727371 0.788199186 0.560751081 0.341157705
v 0.381085783 0.136791363 0.428788215 0.78823483 0.560783863 0.341176212
v 0.0974937975 0.156199306 0.435244858 0.785942972 0.558675408 0.339984477
v 0.126998842 0.156199306 0.450230688 0.78715992 0.559794962 0.340617269
v 0.14973323 0.156199306 0.459730446 0.787663937 0.560258627 0.340879351
v 0.334339023 0.156199306 0.457080483 0.788235307 0.56078434 0.34117648
v 0.362962186 0.156199306 0.443274975 0.788235307 0.56078434 0.34117648
v 0.384122849 0.156199306 0.430939078 0.788235307 0.56078434 0.34117648
v 0.0955096036 0.189908355 0.436695844 0.786854565 0.559514046 0.340458512
v 0.130369514 0.193275571 0.454960525 0.787872851 0.560450912 0.34098801
v 0.144873515 0.184284031 0.461266518 0.787965655 0.560536265 0.34103626
v 0.339432836 0.189908355 0.459044278 0.788235307 0.56078434 0.34117648
v 0.362962186 0.189908355 0.447327971 0.788235307 0.56078434 0.34117648
v 0.387071967 0.189908355 0.433028281 0.788235307 0.56078434 0.34117648
v 0.0973832309 0.223617405 0.435808301 0.787616313 0.560214818 0.340854585
v 0.130369514 0.220247582 0.453753412 0.788123727 0.560681641 0.341118455
v 0.147278547 0.229237363 0.460438013 0.788231969 0.5607813 0.341174752
v 0.338153541 0.223617405 0.458553493 0.788235307 0.56078434 0.34117648
v 0.362962186 0.223617405 0.44631511 0.788235307 0.56078434 0.34117648
v 0.386335254 0.223617405 0.432506263 0.788235307 0.56078434 0.34117648
v 0.102869518 0.257326454 0.432511091 0.788103044 0.560662687 0.341107696
v 0.126998842 0.257326454 0.445537567 0.788234651 0.560783744 0.341176152
v 0.159392089 0.26040253 0.458464921 0.788235307 0.56078434 0.34117648
v 0.178182319 0.273689598 0.461479515 0.788235307 0.56078434 0.34117648
v 0.307891697 0.26981619 0.460535496 0.788235307 0.56078434 0.34117648
v 0.328551114 0.258078516 0.456144333 0.788235307 0.56078434 0.34117648
v 0.365804136 0.259542882 0.43803972 0.788235307 0.56078434 0.34117648
v 0.383306891 0.249784157 0.430361181 0.788235307 0.56078434 0.34117648
v 0.107717909 0.277935535 0.429459959 0.78822571 0.560775518 0.341171473
v 0.127227753 0.28991735 0.434829414 0.788235307 0.56078434 0.34117648
v 0.160707891 0.291035503 0.448758841 0.788235307 0.56078434 0.34117648
v 0.191417977 0.290890187 0.457439125 0.788235307 0.56078434 0.34117648
v 0.228125989 0.300197005 0.458593637 0.788235307 0.56078434 0.34117648
v 0.261835039 0.299271256 0.458231091 0.788235307 0.56078434 0.34117648
v 0.296210855 0.29014957 0.455986798 0.788235307 0.56078434 0.34117648
v 0.329253137 0.291035503 0.445030332 0.788235307 0.56078434 0.34117648
v 0.355418146 0.291035503 0.433111221 0.788235307 0.56078434 0.34117648
v 0.138616696 0.312647134 0.430592388 0.788235307 0.56078434 0.34117648
v 0.163522989 0.324227929 0.433741659 0.788235307 0.56078434 0.34117648
v 0.19441694 0.324744552 0.441919386 0.788235307 0.56078434 0.34117648
v 0.228125989 0.324744552 0.446260154 0.788235307 0.56078434 0.34117648
v 0.261835039 0.324744552 0.445511937 0.788235307 0.56078434 0.34117648
v 0.297293723 0.327406615 0.437716395 0.788235307 0.56078434 0.34117648
v 0.329253137 0.316954225 0.433044255 0.788235307 0.56078434 0.34117648
v 0.348166853 0.309920669 0.429042846 0.788235307 0.56078434 0.34117648
v 0.176636085 0.342071176 0.428227782 0.788235307 0.56078434 0.34117648
v 0.19441694 0.344791532 0.430175126 0.788235307 0.56078434 0.34117648
v 0.228125989 0.347914428 0.432411134 0.788235307 0.56078434 0.34117648
v 0.261835039 0.347375959 0.432025433 0.788235307 0.56078434 0.34117648
v 0.287223756 0.344665617 0.430084825 0.788235307 0.56078434 0.34117648
v 0.234276175 0.104564644 0.462041765 0.787613451 0.560212195 0.340853095
v 0.249640599 0.104564644 0.462041765 0.787694216 0.560286522 0.340895116
v 0.173145726 0.13477017 0.462923169 0.787654281 0.560249805 0.340874374
v 0.19441694 0.127540946 0.465061665 0.787748396 0.560336411 0.340923309
v 0.225074291 0.119162858 0.466108471 0.787794471 0.56037879 0.34094727
v 0.261260182 0.12033616 0.465796649 0.78795433 0.560525835 0.341030359
v 0.295544088 0.13188085 0.463847995 0.788142562 0.560699046 0.34112826
v 0.313025892 0.138601199 0.461824656 0.788200676 0.560752451 0.34115845
v 0.166587755 0.156199306 0.464958191 0.787883341 0.560460567 0.340993464
v 0.19441694 0.156199306 0.471282989 0.788073778 0.560635746 0.341092497
v 0.228125989 0.156199306 0.474996775 0.788160086 0.560715139 0.341137379
v 0.261835039 0.156199306 0.474269927 0.78820765 0.560758948 0.341162115
v 0.295544088 0.156199306 0.469023585 0.788231134 0.560780525 0.341174334
v 0.317484498 0.156199306 0.463425696 0.788235307 0.56078434 0.34117648
v 0.143852964 0.206756726 0.461599261 0.788140535 0.560697138 0.341127187
v 0.157949075 0.193275571 0.465627044 0.788146615 0.560702801 0.341130376
v 0.19441694 0.189908355 0.47466749 0.78823024 0.560779691 0.341173828
v 0.228125989 0.189908355 0.478436559 0.788235307 0.56078434 0.34117648
v 0.261835039 0.189908355 0.477772295 0.788235307 0.56078434 0.34117648
v 0.295544088 0.189908355 0.472624868 0.788235307 0.56078434 0.34117648
v 0.322578311 0.189908355 0.465255469 0.788235307 0.56078434 0.34117648
v 0.143852964 0.206764653 0.461599261 0.788140595 0.560697198 0.341127217
v 0.159392089 0.220247582 0.465233475 0.788234591 0.560783684 0.341176122
v 0.19441694 0.223617405 0.473720372 0.788235307 0.56078434 0.34117648
v 0.228125989 0.223617405 0.477536231 0.788235307 0.56078434 0.34117648
v 0.261835039 0.223617405 0.476878285 0.788235307 0.56078434 0.34117648
v 0.295544088 0.223617405 0.471716046 0.788235307 0.56078434 0.34117648
v 0.321298987 0.223617405 0.46479547 0.788235307 0.56078434 0.34117648
v 0.169751242 0.251216888 0.464097857 0.788235307 0.56078434 0.34117648
v 0.191417977 0.26040253 0.466999233 0.788235307 0.56078434 0.34117648
v 0.228125989 0.257326454 0.472146124 0.788235307 0.56078434 0.34117648
v 0.261835039 0.257326454 0.471476048 0.788235307 0.56078434 0.34117648
v 0.296210855 0.258078516 0.465921879 0.788235307 0.56078434 0.34117648
v 0.316846758 0.247343495 0.463195711 0.788235307 0.56078434 0.34117648
v 0.200655028 0.27955696 0.463566989 0.788235307 0.56078434 0.34117648
v 0.228125989 0.283342481 0.464953482 0.788235307 0.56078434 0.34117648
v 0.261835039 0.282416731 0.464614213 0.788235307 0.56078434 0.34117648
v 0.285419017 0.278322577 0.463114619 0.788235307 0.56078434 0.34117648
vn 0 0 -1
vn 0 0 -1
vn 0 0 -1
vn 0 0 -1
vn 0 0 -1
vn 0 0 -1
vn 0 0 -1
vn 0 0 -1
vn 0 0 -1
vn 0 0 -1
vn 0 0 -1
vn 0 0 -1
vn 0 0 -1
vn 0.111543581 0.000288707612 -0.993759513
vn 0 0 -1
vn 0 0 -1
vn 0 0 -1
vn 0 0 -1
vn 0 0 -1
vn 0 0 -1
vn 0 0 -1
vn 0 0 -1
vn 0 0 -1
vn 0 0 -1
vn 0 0 -1
vn 0 0 -1
vn 0 0 -1
vn 0.14734076 0.000381832418 -0.989085674
vn 0 0 -1
vn 0 0 -1
vn 0 0 -1
vn 0 0 -1
vn 0 0 -1
vn 0 0 -1
vn 0 0 -1
vn 0 0 -1
vn 0 0 -1
vn 0 0 -1
vn 0 0 -1
vn 0 0 -1
vn 0 0 -1
vn 0.14734076 0.000381832418 -0.989085674
vn 0 0 -1
vn 0 0 -1
vn 0 0 -1
vn 0 0 -1
vn 0 0 -1
vn 0 0 -1
vn 0 0 -1
vn 0 0 -1
vn 0 0 -1
vn 0 0 -1
vn 0 0 -1
vn 0 0 -1
vn 0 0 -1
vn 0.147452801 0.000381833175 -0.989068985
vn 0 0 -1
vn 0 0 -1
vn 0 0 -1
vn 0 0 -1
vn 0 0 -1
vn 0 0 -1
vn 0 0 -1
vn 0 0 -1
vn 0 0 -1
vn 0 0 -1
vn 0 0 -1
vn 0 0 -1
vn 0 0 -1
vn 0.148674712 0.000391151203 -0.988886118
vn 0 0 -1
vn 0 0 -1
vn 0 0 -1
vn 0 0 -1
vn 0 0 -1
vn 0 0 -1
vn 0 0 -1
vn 0 0 -1
vn 0 0 -1
vn 0 0 -1
vn 0 0 -1
vn -0.0005980758 -0.00109744573 -0.999999225
vn -0.00116125715 -0.00370388594 -0.99999249
vn 0.150073946 -0.00451893266 -0.988664448
vn 0 0 -1
vn 0 0 -1
vn 0 0 -1
vn 0 0 -1
vn 0 0 -1
vn 0 0 -1
vn 0 0 -1
vn 0 0 -1
vn 0 0 -1
vn 0 0 -1
vn -0.00188715605 -0.00185745594 -0.999996483
vn -0.00356638478 -0.00500018895 -0.999981165
vn -0.00291637238 -0.00711260689 -0.999970436
vn 0.154473886 -0.00775172329 -0.987966478
vn 0 0 -1
vn 0.000121069548 0.0434267148 -0.999056637
vn 0.000121069548 0.0434267148 -0.999056637
vn 0.000121069548 0.0434267148 -0.999056637
vn 0.000121069548 0.0434267148 -0.999056637
vn 0.000121069548 0.0434267148 -0.999056637
vn 0.000121069548 0.0434267148 -0.999056637
vn 0.000121069548 0.0434267148 -0.999056637
vn 0.000121070698 0.0440604202 -0.999028802
vn 0.000121069606 0.0471147001 -0.998889446
vn -0.00402512122 0.0500642136 -0.998737872
vn -0.00511519145 0.056362696 -0.998397291
vn -0.00377212605 0.0622683503 -0.998052299
vn 0.117299378 0.00452714181 -0.993086219
vn -0.629459858 -0.714371443 -0.305702031
vn -0.00404181471 -0.868468642 -0.495727658
vn -0.0012572764 -0.856298387 -0.51647985
vn -0.0012572764 -0.856298387 -0.51647985
vn -0.0012572764 -0.856298387 -0.51647985
vn -0.0012572764 -0.856298387 -0.51647985
vn -0.0012572764 -0.856298387 -0.51647985
vn -0.0012572764 -0.856298387 -0.51647985
vn -0.0012572764 -0.856298387 -0.51647985
vn -0.0012572764 -0.856298387 -0.51647985
vn -0.0012572764 -0.856298387 -0.51647985
vn -0.0012572764 -0.856298387 -0.51647985
vn -0.0012572764 -0.856298387 -0.51647985
vn -0.00125725672 -0.856359422 -0.516378582
vn 0.378338099 -0.833917797 -0.401797771
vn -0.836193502 -0.110104829 -0.537268341
vn -0.098131001 -0.139998242 -0.985276997
vn -0.00095923437 -0.399441957 -0.916758001
vn -0.00095923437 -0.399441957 -0.916758001
vn -0.00095923437 -0.399441957 -0.916758001
vn -0.00095923437 -0.399441957 -0.916758001
vn -0.00095923437 -0.399441957 -0.916758001
vn -0.00095923437 -0.399441957 -0.916758001
vn -0.00095923437 -0.399441957 -0.916758001
vn -0.00095923437 -0.399441957 -0.916758001
vn -0.00095923437 -0.399441957 -0.916758001
vn -0.00095923437 -0.399441957 -0.916758001
vn -0.00095923437 -0.399441957 -0.916758001
vn -0.000959254627 -0.398798466 -0.917038083
vn 0.664100766 -0.231653959 -0.710849285
vn 0.986010134 0.000447026512 -0.166685015
vn -0.825939178 -0.00135970861 -0.563757539
vn -0.418624461 -0.000949937559 -0.908158958
vn 0.671758831 0.00148077321 -0.740768433
vn 0.977970183 0.00054016069 -0.208744153
vn -0.825939178 -0.00135970861 -0.563757539
vn -0.418624461 -0.000949937559 -0.908158958
vn 0.671582937 0.00147146254 -0.740927935
vn 0.977980018 0.000530847814 -0.208697692
vn -0.825939178 -0.00135970861 -0.563757539
vn -0.418624461 -0.000949937559 -0.908158958
vn 0.669273674 0.00147146336 -0.743014514
vn 0.972466171 -0.0103769107 -0.232812986
vn -0.825939178 -0.00135970861 -0.563757539
vn -0.418624461 -0.000949937559 -0.908158958
vn 0.658851027 -0.00219057291 -0.752270341
vn 0.963045418 -0.0203969199 -0.268565595
vn -0.825939178 -0.00135970861 -0.563757539
vn -0.418624461 -0.000949937559 -0.908158958
vn 0.640796423 -0.00884241331 -0.767659903
vn 0.951791883 -0.0252207741 -0.305705786
vn -0.825939178 -0.00135970861 -0.563757539
vn -0.418624461 -0.000949937559 -0.908158958
vn 0.626414418 -0.0112778665 -0.779408574
vn 0.940270126 -0.0250523705 -0.339506179
vn -0.794726729 0.400319695 -0.456238568
vn -0.104715042 0.361658186 -0.92641139
vn 0.00127589167 0.528228462 -0.849101305
vn 0.00127589167 0.528228462 -0.849101305
vn 0.00127589167 0.528228462 -0.849101305
vn 0.00127589167 0.528228462 -0.849101305
vn 0.00127589167 0.528228462 -0.849101305
vn 0.00127589167 0.528228462 -0.849101305
vn 0.00128521537 0.527962744 -0.849266589
vn 0.00127589074 0.526849747 -0.849957466
vn -0.00331727671 0.517406285 -0.855733454
vn -0.00693178084 0.507130861 -0.861841202
vn -0.0071290019 0.501223505 -0.865288496
vn -0.00462536328 0.498216778 -0.867040217
vn 0.588106871 0.422738492 -0.689508855
vn 0.942471325 0.121915162 -0.311262697
vn -0.521114647 0.833969831 -0.181476876
vn -0.0017695151 0.950546265 -0.31057784
vn 0.000875425234 0.937040269 -0.349220157
vn 0.000875425234 0.937040269 -0.349220157
vn 0.000875425234 0.937040269 -0.349220157
vn 0.000875425234 0.937040269 -0.349220157
vn 0.00088474853 0.937097728 -0.3490659
vn 0.000884737121 0.937383592 -0.348297715
vn -0.00122270884 0.936387599 -0.350965351
vn -0.0121860923 0.926496744 -0.376105338
vn -0.0183367729 0.915382564 -0.402167231
vn -0.0197514612 0.904039025 -0.42699337
vn -0.0168884918 0.89409405 -0.447560638
vn -0.0107022598 0.886980176 -0.461683482
vn 0.298879623 0.869685173 -0.392833978
vn -0.668293417 -0.743896604 -0.00133176276
vn -0.00244001648 -0.99999702 0
vn 0 -1 0
vn 0 -1 0
vn 0 -1 0
vn 0 -1 0
vn 0 -1 0
vn 0 -1 0
vn 0 -1 0
vn 0 -1 0
vn 0 -1 0
vn 0 -1 0
vn 0 -1 0
vn 0 -1 0
vn 0.506722569 -0.86210829 0.00124794757
vn -0.995511532 -0.0946394429 -0.000260766014
vn 0.878553689 -0.477642268 0.00107100944
vn 0.998671472 -0.051529374 0.00013969648
vn -1 0 0
vn 1 0 0
vn -1 0 0
vn 0.999279499 -0.0194192752 -0.0326087661
vn -1 0 0
vn 0.996971428 -0.0354933552 -0.0691969022
vn -1 0 0
vn 0.993207335 -0.0460959822 -0.106838204
vn -1 0 0
vn 0.988364637 -0.0502560101 -0.143560842
vn -1 0 0
vn 0.983088374 -0.0475054607 -0.176862851
vn -0.933791399 0.357816637 0.000959243975
vn 0.76958102 0.609174192 -0.191446707
vn 0.932237506 0.306133121 -0.192913711
vn -0.543248594 0.839571059 0.00117344374
vn -0.00243072608 0.99999702 9.31312661e-06
vn 0 1 0
vn 0 1 0
vn 0 1 0
vn 0 1 0
vn 0 1 0
vn -0.0157700852 0.999531686 -0.0262233336
vn -0.0323435664 0.997522056 -0.0624787323
vn -0.0437703989 0.993985355 -0.100384966
vn -0.0489734076 0.989200115 -0.138147473
vn -0.0473094657 0.983770728 -0.173080832
vn -0.038859155 0.978539109 -0.202364177
vn -0.0247231573 0.974497557 -0.223031953
vn 0.471416861 0.856702566 -0.209348634
vn 0.752415955 0.61002785 -0.248467535
vn -0.668352664 -0.743843377 -0.00132243789
vn -0.00244001648 -0.99999702 0
vn 0 -1 0
vn 0 -1 0
vn 0 -1 0
vn 0 -1 0
vn 0 -1 0
vn 0 -1 0
vn 0 -1 0
vn 0 -1 0
vn 0 -1 0
vn 0 -1 0
vn 0 -1 0
vn 0 -1 0
vn 0.507730186 -0.861515224 0.00124795199
vn -0.995524824 -0.0945001245 -0.000251453952
vn 0.875852346 -0.48257792 0.00107100874
vn 0.997877121 -0.0647280738 -0.00717295613
vn -1 0 0
vn 0.998134375 -0.0361288823 -0.049218826
vn -1 0 0
vn 0.993806362 -0.0602593571 -0.0933685526
vn -1 0 0
vn 0.986779869 -0.0788466632 -0.141593367
vn -1 0 0
vn 0.977306187 -0.0898807421 -0.191818029
vn -1 0 0
vn 0.966167808 -0.0916664898 -0.241074622
vn -1 0 0
vn 0.954662085 -0.0834188014 -0.285765022
vn -0.933997929 0.357277095 0.00094061956
vn 0.935021579 0.150853768 -0.320901722
vn -0.543530405 0.839388609 0.0011734491
vn -0.00243072608 0.99999702 9.31312661e-06
vn 0 1 0
vn 0 1 0
vn 0 1 0
vn -0.00363415573 0.999983966 -0.00433454663
vn -0.0315757543 0.998588264 -0.0427140221
vn -0.0564256683 0.994628906 -0.0867728069
vn -0.0764287859 0.987745881 -0.136076495
vn -0.0894279554 0.977916002 -0.188899592
vn -0.0933120921 0.965689242 -0.242357418
vn -0.0867711604 0.952369094 -0.292341858
vn -0.0722061172 0.935102463 -0.346943408
vn -0.0419102125 0.935372055 -0.351173192
vn 0.278620511 0.883065879 -0.377578378
vn 0.720974088 0.593043923 -0.358462274
vn -0.0768081993 0.905035734 -0.418342829
vn -0.053566996 0.901163101 -0.430157661
vn 0.0523707941 0.895523906 -0.441920936
vn -0.668352664 -0.743843377 -0.00132243789
vn -0.00244001648 -0.99999702 0
vn 0 -1 0
vn 0 -1 0
vn 0 -1 0
vn 0 -1 0
vn 0 -1 0
vn 0 -1 0
vn 0 -1 0
vn 0 -1 0
vn 0 -1 0
vn 0 -1 0
vn 0 -1 0
vn -0.000755662739 -0.999981165 -0.00609011063
vn 0.593916357 -0.804428041 -0.0126048904
vn 0.843573213 -0.535390735 -0.0417244807
vn -0.995524824 -0.0945001245 -0.000251453952
vn 0.864077628 -0.5030936 -0.0163295325
vn 0.977836668 -0.20466195 -0.0441460833
vn -1 0 0
vn 0.991119981 -0.0833171234 -0.103631027
vn -1 0 0
vn 0.980591893 -0.11319714 -0.160080701
vn -1 0 0
vn 0.965517282 -0.135618523 -0.222225338
vn -1 0 0
vn 0.946546614 -0.147319108 -0.286961049
vn -1 0 0
vn 0.921698511 -0.149352565 -0.358002424
vn 0.891584814 -0.167536527 -0.420723259
vn -1 0 0
vn 0.915256977 -0.120889761 -0.384304941
vn 0.883661211 -0.146748066 -0.444531113
vn -0.933997929 0.357277095 0.00094061956
vn 0.902489841 0.0760616958 -0.42394188
vn 0.870778918 0.0260807034 -0.490982533
vn -0.543530405 0.839388609 0.0011734491
vn -0.00243072608 0.99999702 9.31312661e-06
vn 0 1 0
vn 0 1 0
vn -0.00745397666 0.999944508 -0.00743866991
vn -0.0436436534 0.99788487 -0.048176568
vn -0.0787970722 0.992123008 -0.0973797664
vn -0.110934578 0.981547058 -0.155752778
vn -0.136935964 0.965287268 -0.222416326
vn -0.158825561 0.938314378 -0.307149261
vn -0.142526925 0.928284705 -0.343473017
vn -0.119298957 0.91738081 -0.379710764
vn -0.0990714729 0.910490572 -0.401486874
vn 0.382624298 0.793526351 -0.473196059
vn 0.681455255 0.517878056 -0.517127573
vn 0.788128734 0.274009824 -0.551154852
vn -0.190709293 0.904489577 -0.381482035
vn -0.179039463 0.89379108 -0.411196321
vn -0.150777653 0.876206756 -0.457742095
vn -0.108456887 0.86907959 -0.482636362
vn -0.0702757463 0.842106819 -0.534712493
vn 0.182901844 0.820273936 -0.541938722
vn 0.456911743 0.663074255 -0.59292835
vn -0.668352664 -0.743843377 -0.00132243789
vn -0.00244001648 -0.99999702 0
vn 0 -1 0
vn 0 -1 0
vn 0 -1 0
vn 0 -1 0
vn 0 -1 0
vn 0 -1 0
vn 0 -1 0
vn 0 -1 0
vn -0.00438643107 -0.999945521 -0.00946641248
vn -0.00787408184 -0.999726713 -0.0220098384
vn -0.0079958057 -0.999460936 -0.0318423957
vn -0.00554763293 -0.999243557 -0.0384898484
vn 0.471120954 -0.880922675 -0.0449475646
vn 0.823739231 -0.562986851 -0.0670775622
vn -0.995524824 -0.0945001245 -0.000251453952
vn 0.979904115 -0.175796613 -0.0942528546
vn -1 0 0
vn 0.976758122 -0.142472848 -0.160140574
vn -1 0 0
vn 0.956395328 -0.180000439 -0.230016813
vn -1 0 0
vn 0.924492359 -0.213168129 -0.316027343
vn 0.892231584 -0.24912858 -0.37664026
vn -1 0 0
vn 0.910349429 -0.200768054 -0.361878574
vn 0.880575538 -0.239370346 -0.409009188
vn -1 0 0
vn 0.900576651 -0.1857142 -0.393029243
vn 0.866113067 -0.20758684 -0.454704195
vn -1 0 0
vn 0.832582891 -0.184732586 -0.522187471
vn -0.933997929 0.357277095 0.00094061956
vn 0.805303335 -0.0433245972 -0.591277838
vn 0.758821607 0.00844699331 -0.651243806
vn -0.543530405 0.839388609 0.0011734491
vn -0.00243072608 0.99999702 9.31312661e-06
vn 0 1 0
vn -0.00419399841 0.999985099 -0.00350458617
vn -0.0481861718 0.997891963 -0.0434713177
vn -0.0940239057 0.991140842 -0.0938052684
vn -0.140173316 0.977667391 -0.156581625
vn -0.18322283 0.955190301 -0.232467055
vn -0.213614106 0.926125169 -0.310904086
vn -0.200370923 0.916349947 -0.346632838
vn 0.640888155 0.45205608 -0.62040925
vn 0.726677537 0.228179619 -0.647976637
vn 0.746711612 0.0509735644 -0.663191855
vn -0.252416015 0.893428862 -0.371579081
vn -0.236495674 0.877664268 -0.416863441
vn -0.237613693 0.827297151 -0.509037375
vn -0.217607602 0.777560174 -0.589955151
vn -0.152749464 0.769652605 -0.619921386
vn -0.0908119157 0.757193923 -0.646846533
vn 0.12092229 0.733781457 -0.668537676
vn 0.446687222 0.577873707 -0.683031917
vn 0.539097548 0.419135481 -0.730547309
vn -0.231281966 0.716870427 -0.65772754
vn -0.179696783 0.699653447 -0.691515863
vn -0.106709011 0.68448931 -0.721170962
vn 0.0739831105 0.664058208 -0.744011581
vn 0.317707539 0.561993062 -0.763692141
vn 0.428146631 0.475179076 -0.768697202
vn -0.668352664 -0.743843377 -0.00132243789
vn -0.00244001648 -0.99999702 0
vn 0 -1 0
vn 0 -1 0
vn 0 -1 0
vn 0 -1 0
vn 0 -1 0
vn 0 -1 0
vn -0.00247339276 -0.999991596 -0.00326267676
vn -0.0128491288 -0.999716878 -0.0200272836
vn -0.0184044074 -0.999208808 -0.0352549404
vn -0.0193959754 -0.998647034 -0.0482480489
vn -0.0164728537 -0.998156428 -0.058415845
vn -0.010571084 -0.997812212 -0.0652601719
vn 0.423268199 -0.903062224 -0.0729568452
vn 0.790783882 -0.604150712 -0.098299183
vn -0.995524824 -0.0945001245 -0.000251453952
vn 0.964435458 -0.225841284 -0.137331799
vn -1 0 0
vn 0.952898443 -0.214054301 -0.214861229
vn -1 0 0
vn 0.918495953 -0.260836482 -0.297202885
vn 0.887512982 -0.30302313 -0.347127795
vn -1 0 0
vn 0.904857397 -0.257019967 -0.339372605
vn 0.873557806 -0.292294264 -0.389179617
vn -1 0 0
vn 0.830544829 -0.298998088 -0.469888777
vn -1 0 0
vn 0.793581545 -0.28374356 -0.53825438
vn 0.761143625 -0.297052383 -0.576558948
vn -1 0 0
vn 0.783389807 -0.220694393 -0.581028819
vn 0.748634458 -0.247762635 -0.614947259
vn -0.933997929 0.357277095 0.00094061956
vn 0.77626729 -0.159642398 -0.609855235
vn 0.744840801 -0.112073369 -0.657762706
vn -0.543530405 0.839388609 0.0011734491
vn -0.00242139073 0.999997079 0
vn 0 1 0
vn -0.0425081626 0.998606086 -0.0312882103
vn -0.097348243 0.992157876 -0.0783976987
vn -0.156752333 0.977707624 -0.139701486
vn -0.218104959 0.951369226 -0.217547163
vn -0.261589348 0.918934703 -0.295177966
vn -0.253481865 0.91011411 -0.327779472
vn 0.679684937 0.190703481 -0.708280027
vn 0.698643684 0.0695603862 -0.7120803
vn -0.305943698 0.886867642 -0.346214145
vn -0.310381353 0.859368622 -0.406385243
vn -0.341397732 0.778095841 -0.527270854
vn -0.29616943 0.750723362 -0.590506613
vn -0.269116759 0.734881699 -0.622515023
vn 0.571264088 0.320297122 -0.7556898
vn 0.598856628 0.217426956 -0.770776451
vn -0.376080155 0.713648438 -0.590990484
vn -0.342149168 0.685155034 -0.643036902
vn -0.288503289 0.65898639 -0.694624305
vn -0.203573376 0.637345493 -0.743201613
vn -0.119977474 0.62511605 -0.771255732
vn 0.0420738012 0.611431718 -0.790177882
vn 0.255807489 0.540850818 -0.80127579
vn 0.421676219 0.423500091 -0.801771045
vn 0.486523479 0.331780821 -0.808218002
vn -0.295186371 0.598567069 -0.744702935
vn -0.225954056 0.586831748 -0.777543128
vn -0.135400504 0.574998915 -0.806872308
vn 0.0147287594 0.572033465 -0.820097983
vn 0.184862822 0.52180016 -0.832796633
vn 0.34975481 0.437618971 -0.828348398
vn 0.425581127 0.381312847 -0.820659041
vn -0.108909577 0.561332107 -0.820393205
vn -0.00265307724 0.556302309 -0.830975771
vn 0.107197359 0.537489653 -0.836429
vn -0.668352664 -0.743843377 -0.00132243789
vn -0.00244001648 -0.99999702 0
vn 0 -1 0
vn 0 -1 0
vn 0 -1 0
vn 0 -1 0
vn 0 -1 0
vn -0.00524857827 -0.999972463 -0.0052342019
vn -0.0198833123 -0.999538779 -0.0229541603
vn -0.0290502571 -0.9987849 -0.03980878
vn -0.0326674171 -0.997948766 -0.0550560504
vn -0.0310790408 -0.997200668 -0.0680067539
vn -0.025036186 -0.996631742 -0.0780918375
vn -0.0156379975 -0.996269882 -0.0848637223
vn 0.37194109 -0.92356205 -0.0932361484
vn 0.755085766 -0.64416194 -0.122068822
vn -0.995524824 -0.0945001245 -0.000251453952
vn 0.942565858 -0.284408242 -0.175161406
vn -1 0 0
vn 0.918364584 -0.296403378 -0.262205064
vn 0.887437105 -0.345876247 -0.304671824
vn -1 0 0
vn 0.903035641 -0.303068489 -0.304427564
vn 0.868888319 -0.34920916 -0.350836277
vn -1 0 0
vn 0.808585584 -0.383455068 -0.446263939
vn 0.768014669 -0.41560027 -0.487267733
vn -1 0 0
vn 0.784028769 -0.353563786 -0.510187805
vn 0.753257632 -0.391692072 -0.528375208
vn -1 0 0
vn 0.773757339 -0.330791712 -0.540255904
vn 0.733118474 -0.347045273 -0.584890425
vn 0.708557665 -0.350324064 -0.612551391
vn -1 0 0
vn 0.718382418 -0.277115643 -0.638070166
vn 0.705065191 -0.298971474 -0.643039048
vn -0.933997929 0.357277095 0.00094061956
vn 0.714678168 -0.160186678 -0.680863619
vn 0.705008507 -0.185877457 -0.684406638
vn -0.543508828 0.839402616 0.0011734427
vn -0.00241209986 0.99999702 9.31312661e-06
vn -0.0259064995 0.999544024 -0.0155115565
vn -0.0864453241 0.994683027 -0.0559709705
vn -0.155553117 0.981649518 -0.11030665
vn -0.232555926 0.955320895 -0.182427108
vn -0.295629978 0.919023216 -0.260766745
vn -0.296921939 0.9077968 -0.296213388
vn 0.68347168 0.011925566 -0.729879558
vn 0.689390779 -0.0494676866 -0.722698569
vn 0.692601621 -0.0361741558 -0.720412672
vn -0.346869141 0.886938334 -0.304995567
vn -0.369932026 0.852684259 -0.368889928
vn -0.425405711 0.761655331 -0.488785207
vn -0.399318129 0.74162811 -0.539010882
vn 0.616044581 0.15788871 -0.771725476
vn 0.640374839 0.104800522 -0.76087904
vn 0.67374742 0.0402159728 -0.73786658
vn -0.466614008 0.701847792 -0.538220346
vn -0.441776514 0.663789093 -0.60350436
vn -0.385101855 0.625776708 -0.678306758
vn -0.347174644 0.612630427 -0.710037827
vn 0.526036859 0.279996037 -0.80304879
vn 0.579436898 0.220427722 -0.784642994
vn -0.468046069 0.600316882 -0.648500204
vn -0.421141624 0.579137206 -0.698025703
vn -0.336597562 0.578467846 -0.743018925
vn -0.240494907 0.56519258 -0.78912586
vn -0.17689313 0.562833667 -0.807420015
vn 0.212143376 0.50368005 -0.83743757
vn 0.313548207 0.454445124 -0.833766818
vn 0.437753707 0.371719062 -0.818655372
vn 0.508713424 0.327698082 -0.796131134
vn -0.410786867 0.561234355 -0.71851939
vn -0.357136875 0.558852732 -0.748422921
vn -0.261009872 0.560133994 -0.786208451
vn -0.147836626 0.559119284 -0.81580025
vn -0.0137305474 0.55730325 -0.830195546
vn 0.141241834 0.529102385 -0.836720645
vn 0.28045392 0.489543051 -0.825647116
vn 0.403133035 0.42473194 -0.810608745
vn 0.469539732 0.380791306 -0.796574175
vn -0.235968366 0.572234988 -0.785408199
vn -0.155091688 0.576219022 -0.802445114
vn -0.025601048 0.577565193 -0.815943062
vn 0.114871584 0.560348451 -0.820252478
vn 0.225963265 0.531363904 -0.81645149
vn -0.668352664 -0.743843377 -0.00132243789
vn -0.00244001648 -0.99999702 0
vn 0 -1 0
vn 0 -1 0
vn 0 -1 0
vn 0 -1 0
vn -0.00316433865 -0.999992192 -0.00238573621
vn -0.0229651872 -0.999540567 -0.0197801776
vn -0.0370622575 -0.99862951 -0.0369532295
vn -0.0449762344 -0.997569084 -0.0532252081
vn -0.0466210283 -0.996605396 -0.0678543225
vn -0.0424424037 -0.995872855 -0.0802238062
vn -0.0333354361 -0.995401621 -0.0898018479
vn -0.020532852 -0.995146871 -0.0962350965
vn 0.323634237 -0.940395594 -0.10448464
vn 0.720202029 -0.680232882 -0.136353552
vn -0.995524824 -0.0945001245 -0.000251453952
vn 0.920844853 -0.327304661 -0.21193476
vn 0.891549706 -0.376470238 -0.251811922
vn -1 0 0
vn 0.904759526 -0.338380486 -0.258667529
vn 0.873242557 -0.388288468 -0.294413865
vn -1 0 0
vn 0.808419287 -0.444489986 -0.385858685
vn 0.767923892 -0.485256463 -0.418113738
vn -1 0 0
vn 0.785177231 -0.436765075 -0.43901366
vn 0.752094865 -0.464696914 -0.467343688
vn -1 0 0
vn 0.719972551 -0.446898222 -0.530962825
vn 0.70623219 -0.454067469 -0.543193161
vn -1 0 0
vn 0.713875771 -0.397364795 -0.576613009
vn 0.702701986 -0.397867858 -0.589839816
vn 0.708614409 -0.387858242 -0.589433253
vn -1 0 0
vn 0.70331347 -0.320190758 -0.634687245
vn 0.712035358 -0.336589038 -0.616208851
vn -0.933997929 0.357277095 0.00094061956
vn 0.70799017 -0.207369089 -0.675091088
vn 0.720674336 -0.224488258 -0.655921936
vn -0.54330492 0.839534581 0.00117344479
vn -0.00240276451 0.999997079 0
vn -0.0620158613 0.997563243 -0.0319654047
vn -0.135529861 0.987870872 -0.0757813156
vn -0.222056076 0.965504885 -0.135983452
vn -0.311054707 0.926317632 -0.212557465
vn -0.328312993 0.910179198 -0.252555758
vn 0.706095219 -0.1287155 -0.696320295
vn 0.718361318 -0.0965506658 -0.688937545
vn 0.742609084 -0.064206697 -0.666640222
vn -0.371849179 0.893652618 -0.251223534
vn -0.40693754 0.859598696 -0.309017777
vn -0.489857644 0.761804104 -0.423903406
vn -0.47870639 0.736903906 -0.477297485
vn 0.646029413 0.122731656 -0.753380954
vn 0.687100172 0.0526178293 -0.724654913
vn 0.731945753 0.0166012757 -0.681160629
vn -0.539473414 0.701971471 -0.46497795
vn -0.532818377 0.65870899 -0.531231523
vn -0.506888449 0.622176111 -0.596624672
vn 0.617269456 0.187888384 -0.763987124
vn 0.672674894 0.147264704 -0.725135624
vn 0.718612254 0.086646609 -0.689991891
vn -0.568455875 0.59632957 -0.566788197
vn -0.526949942 0.57801038 -0.6230793
vn -0.468361586 0.566333294 -0.678162277
vn 0.55697614 0.300363541 -0.774312139
vn 0.61958015 0.271380186 -0.736527801
vn -0.533617437 0.559568346 -0.634141743
vn -0.467948914 0.558933496 -0.684556186
vn -0.37224412 0.562924683 -0.737936437
vn -0.308109254 0.567681313 -0.76341778
vn 0.31421724 0.498863518 -0.807714522
vn 0.384229273 0.462235749 -0.799190819
vn 0.503427684 0.399089873 -0.76634711
vn 0.582018316 0.353022844 -0.732550085
vn -0.458691865 0.57352978 -0.678723276
vn -0.38339442 0.587434292 -0.712691844
vn -0.278417021 0.586265802 -0.76077348
vn -0.16024904 0.599190116 -0.784405231
vn -0.0318669528 0.602346122 -0.7975986
vn 0.104092397 0.588778794 -0.801563621
vn 0.251408815 0.546161771 -0.79906255
vn 0.365724593 0.526016772 -0.767822802
vn 0.458855718 0.479026079 -0.748321772
vn -0.348979235 0.617438376 -0.704970479
vn -0.285931677 0.625780761 -0.725700796
vn -0.166148409 0.63809067 -0.75182116
vn -0.0380750075 0.643179953 -0.764767885
vn 0.0939591378 0.634057224 -0.767556489
vn 0.224274635 0.609657288 -0.760275543
vn 0.315644145 0.583419383 -0.748325229
vn -0.668352664 -0.743843377 -0.00132243789
vn -0.00244001648 -0.99999702 0
vn 0 -1 0
vn 0 -1 0
vn 0 -1 0
vn 0 -1 0
vn -0.0199015383 -0.999721348 -0.0126909269
vn -0.0398064889 -0.998790443 -0.0288633835
vn -0.0533251315 -0.997573495 -0.0447618477
vn -0.0599436387 -0.996413291 -0.0597267635
vn -0.0596677996 -0.995536804 -0.0731171519
vn -0.0530319437 -0.995020747 -0.0843879357
vn -0.0410592966 -0.994812787 -0.093067266
vn -0.0250613075 -0.99478364 -0.0988804922
vn 0.282190979 -0.953426242 -0.106521212
vn 0.688800454 -0.71131897 -0.139926091
vn -0.995524824 -0.0945001245 -0.000251453952
vn 0.85691154 -0.477417588 -0.194357932
vn 0.878386855 -0.411094487 -0.243798897
vn -1 0 0
vn 0.82966888 -0.469629824 -0.301823467
vn -1 0 0
vn 0.783632278 -0.508988619 -0.356161714
vn 0.753026128 -0.52664125 -0.394462347
vn -1 0 0
vn 0.719869137 -0.528587878 -0.449870199
vn 0.706179917 -0.540556252 -0.457284182
vn -1 0 0
vn 0.712612033 -0.494615108 -0.497533917
vn 0.702500343 -0.501639187 -0.504828155
vn 0.709635437 -0.496538132 -0.499867439
vn -1 0 0
vn 0.704614282 -0.445523053 -0.552293241
vn 0.714398682 -0.436825842 -0.546642303
vn -1 0 0
vn 0.734177411 -0.361801475 -0.574528754
vn 0.757484555 -0.341078043 -0.556671262
vn -0.933997929 0.357277095 0.00094061956
vn 0.744155109 -0.239919245 -0.623435557
vn 0.768970549 -0.251367569 -0.587791264
vn -0.542727947 0.839907706 0.00117344561
vn -0.0247358102 0.999652624 -0.00910118222
vn -0.0997287109 0.994074702 -0.0432396494
vn -0.188110963 0.978146076 -0.0885696113
vn -0.306898594 0.938571632 -0.157786727
vn -0.346882641 0.91650486 -0.199226543
vn 0.747184694 -0.14957577 -0.647566319
vn 0.769448042 -0.120121233 -0.627312183
vn -0.381521374 0.904742718 -0.189425811
vn -0.416835696 0.878078997 -0.235000506
vn -0.527652144 0.778614879 -0.339620501
vn -0.540040553 0.741837442 -0.397534192
vn 0.769166112 -0.000453839166 -0.639048755
vn -0.591851115 0.713943124 -0.374162614
vn -0.604792893 0.663974583 -0.439731061
vn -0.598190427 0.622273862 -0.504919171
vn 0.698352277 0.16552259 -0.696352243
vn 0.742096245 0.117011666 -0.660001099
vn -0.649882853 0.600465596 -0.465932757
vn -0.624824762 0.57808125 -0.524800897
vn -0.584466755 0.565066934 -0.582321227
vn 0.669981062 0.253003418 -0.697935939
vn 0.720647156 0.238275602 -0.651070237
vn -0.636003554 0.559602022 -0.531361401
vn -0.587177813 0.559389114 -0.585069299
vn -0.523929179 0.565324366 -0.637107968
vn 0.542449713 0.426545322 -0.723745406
vn 0.621931732 0.378604621 -0.685462952
vn 0.692107022 0.331152409 -0.641346872
vn -0.579240024 0.575729012 -0.577076435
vn -0.511481881 0.588433325 -0.626204848
vn -0.424920887 0.604214191 -0.674067855
vn 0.400518656 0.550819039 -0.732245326
vn 0.488708079 0.501153648 -0.714149415
vn 0.575240314 0.481974185 -0.660908043
vn -0.491068333 0.625581145 -0.606217921
vn -0.400294274 0.645075381 -0.650878012
vn -0.29443109 0.662847757 -0.688435256
vn -0.17050609 0.676959813 -0.715997875
vn -0.0421517342 0.683051229 -0.729153037
vn 0.0880368277 0.675844193 -0.731767833
vn 0.217174843 0.654793739 -0.723933876
vn 0.35592106 0.619023561 -0.700092912
vn 0.475261927 0.581488192 -0.660301208
vn 0.544321835 0.551026225 -0.632521808
vn -0.369306594 0.693431437 -0.618680477
vn -0.301751614 0.705246925 -0.641539395
vn -0.175086215 0.720928013 -0.670527875
vn -0.0457471982 0.727931798 -0.684121788
vn 0.0844900981 0.726287007 -0.682179272
vn 0.214780584 0.71288085 -0.667585433
vn 0.316246659 0.693656683 -0.64716959
vn -0.0466489978 -0.995208561 -0.0859288797
vn -0.0295885168 -0.995362759 -0.0915281847
vn 0.0578029528 -0.993996143 -0.0928997993
vn -0.668352664 -0.743843377 -0.00132243789
vn -0.00244001648 -0.99999702 0
vn 0 -1 0
vn 0 -1 0
vn 0 -1 0
vn -0.00918234978 -0.999948919 -0.00422391482
vn -0.0350907594 -0.999218643 -0.0181856472
vn -0.0550059937 -0.997960091 -0.0324052162
vn -0.0679248199 -0.99661392 -0.0463336594
vn -0.0733318403 -0.99553889 -0.0593696609
vn -0.0712900907 -0.994928241 -0.0709617957
vn -0.062396951 -0.99478662 -0.0806613266
vn -0.0493884124 -0.99493134 -0.0875929818
vn -0.0277048331 -0.994993031 -0.0960273296
vn 0.237352058 -0.966269016 -0.0999407247
vn 0.692210138 -0.70856148 -0.13706176
vn 0.771933675 -0.616011858 -0.156996146
vn -0.995524824 -0.0945001245 -0.000251453952
vn 0.806293905 -0.564825535 -0.175676614
vn 0.843492806 -0.4964329 -0.205119848
vn -1 0 0
vn 0.792896748 -0.537579715 -0.286919624
vn 0.760678589 -0.575462937 -0.300350696
vn -1 0 0
vn 0.773466587 -0.538755715 -0.33390373
vn 0.73288244 -0.583109677 -0.350522995
vn 0.708475411 -0.610454261 -0.354130179
vn -1 0 0
vn 0.713837326 -0.574159622 -0.400970072
vn 0.702660978 -0.587235034 -0.401774317
vn 0.708616018 -0.586735845 -0.391923904
vn -1 0 0
vn 0.70459336 -0.549232125 -0.449324191
vn 0.714568138 -0.543315053 -0.44068253
vn -1 0 0
vn 0.739017427 -0.474627346 -0.478102714
vn 0.760930896 -0.457021952 -0.460559517
vn -1 0 0
vn 0.747262478 -0.408781052 -0.52392447
vn 0.783411503 -0.375550091 -0.495205611
vn 0.825327396 -0.333235592 -0.455838591
vn -0.93402946 0.357194662 0.000949936279
vn 0.807607949 -0.264687359 -0.52698189
vn 0.835211456 -0.271943808 -0.477983594
vn -0.545639098 0.838020146 -0.000427330902
vn -0.0508688204 0.998578072 -0.0159423258
vn -0.137191996 0.989363849 -0.0483485423
vn -0.241189957 0.966081023 -0.0922760069
vn -0.343088567 0.928586543 -0.141482443
vn 0.815687537 -0.138269395 -0.561725378
vn 0.845891297 -0.147155017 -0.512653351
vn -0.410805851 0.894206107 -0.177859738
vn -0.508169889 0.828404784 -0.235603288
vn -0.590565681 0.75137794 -0.294386238
vn 0.812063456 -0.0148282154 -0.583380759
vn 0.84565866 -0.0239263438 -0.533187449
vn -0.643401086 0.68578881 -0.340189219
vn -0.678981185 0.62632525 -0.38301599
vn 0.798514009 0.106141955 -0.592544734
vn 0.836013913 0.0975702479 -0.539963782
vn -0.699284256 0.579204619 -0.418955237
vn -0.679852188 0.566472948 -0.465735316
vn 0.776343644 0.225693986 -0.588517547
vn 0.819489598 0.221356824 -0.528618872
vn -0.719926596 0.561347365 -0.408160239
vn -0.68629086 0.558927 -0.4654091
vn -0.639127851 0.565233171 -0.521562219
vn 0.664961815 0.410450935 -0.6239838
vn 0.739832163 0.358665884 -0.569216311
vn 0.805589318 0.303399891 -0.508895218
vn -0.680563986 0.573400497 -0.456119031
vn -0.628363729 0.588273585 -0.509012103
vn -0.562629163 0.607904613 -0.560268104
vn 0.640701056 0.482183218 -0.597496033
vn 0.69598186 0.482016981 -0.532230198
vn -0.608271122 0.625494838 -0.488633245
vn -0.538686037 0.649798155 -0.536264658
vn -0.450785875 0.676220238 -0.582681954
vn 0.40182656 0.67105186 -0.623076975
vn 0.475358605 0.646848261 -0.596340001
vn 0.588611484 0.595763326 -0.546445429
vn 0.670210063 0.547879577 -0.500646055
vn -0.506904483 0.699009657 -0.504413843
vn -0.424393326 0.71434015 -0.556424677
vn -0.309794515 0.767816424 -0.560789943
vn -0.175847501 0.782968462 -0.596689284
vn -0.0456030332 0.791793823 -0.609083652
vn 0.084419921 0.790179372 -0.60703361
vn 0.214801505 0.778068721 -0.590313017
vn 0.349256724 0.745597541 -0.567542195
vn 0.475078911 0.701704264 -0.53095299
vn 0.540555298 0.676588118 -0.500028551
vn -0.267684996 0.815574765 -0.513013184
vn -0.175936446 0.828563035 -0.531535208
vn -0.0458247811 0.837438524 -0.544606984
vn 0.0845654905 0.835894465 -0.542336762
vn 0.214591414 0.823792636 -0.524705827
vn 0.293289274 0.810735881 -0.506644726
vn -0.068799369 -0.995281756 -0.0684166923
vn -0.0548140034 -0.995540798 -0.076771684
vn -0.0323284194 -0.996291935 -0.0797321424
vn 0.126093715 -0.988570571 -0.0826352909
vn -0.668352664 -0.743843377 -0.00132243789
vn -0.00244001648 -0.99999702 0
vn 0 -1 0
vn 0 -1 0
vn 0 -1 0
vn -0.0216645487 -0.999735653 -0.00769338291
vn -0.0480352864 -0.998662174 -0.0191440862
vn -0.0679257363 -0.997214675 -0.0308065061
vn -0.0802724138 -0.995882511 -0.0421233848
vn -0.0845597014 -0.995025396 -0.052670408
vn -0.0809727088 -0.994785547 -0.0620104894
vn -0.0708271191 -0.994997025 -0.0704579353
vn -0.0592244193 -0.995058239 -0.0796960667
vn 0.343407512 -0.934969962 -0.088896282
vn 0.623094797 -0.774188519 -0.111287646
vn 0.754815936 -0.640395105 -0.141940057
vn -0.995524824 -0.0945001245 -0.000251453952
vn 0.818506956 -0.544128895 -0.184309632
vn -1 0 0
vn 0.782571852 -0.581054091 -0.223511741
vn 0.747952163 -0.614538431 -0.2508187
vn -1 0 0
vn 0.718029439 -0.637018442 -0.280430466
vn 0.704840422 -0.641692579 -0.302375019
vn -1 0 0
vn 0.70339191 -0.632820547 -0.323694348
vn 0.712161601 -0.61405921 -0.340231091
vn -1 0 0
vn 0.734489202 -0.571580946 -0.365815192
vn 0.757683814 -0.55378288 -0.345311135
vn -1 0 0
vn 0.747308016 -0.520584762 -0.412943572
vn 0.783509433 -0.491704941 -0.379920125
vn 0.825468779 -0.452247143 -0.33774811
vn -1 0 0
vn 0.812632501 -0.409896851 -0.414261967
vn 0.836396217 -0.38542971 -0.389724672
vn -0.934208453 0.356726229 0.000949928886
vn 0.867496073 -0.280494422 -0.410820454
vn -0.558964789 0.829179406 -0.00447225617
vn -0.0745582432 0.997049689 -0.0182477701
vn -0.171839178 0.984021842 -0.0466090068
vn -0.290751159 0.952961862 -0.0856008902
vn -0.378885925 0.917860687 -0.118225142
vn 0.892820776 -0.15849565 -0.421604306
vn -0.456901401 0.876883388 -0.149387866
vn -0.589547157 0.778481662 -0.215407416
vn -0.622951269 0.735359251 -0.266792834
vn 0.906523764 -0.0387549065 -0.420372039
vn 0.929018915 0.00178829441 -0.3700279
vn -0.657836914 0.71756953 -0.228789166
vn -0.695236921 0.659462929 -0.285927236
vn -0.711132884 0.612871468 -0.344497472
vn 0.902339995 0.0846455991 -0.422631919
vn 0.928365588 0.0366577767 -0.369856089
vn -0.745518923 0.598927259 -0.292382628
vn -0.743861556 0.578766465 -0.334214658
vn 0.872967064 0.221799359 -0.434434682
vn -0.749444842 0.558936477 -0.354855388
vn -0.739189208 0.562817812 -0.369912744
vn 0.787136436 0.390364856 -0.477526456
vn 0.829916477 0.349399328 -0.434923917
vn -0.714174926 0.587326884 -0.380790353
vn -0.676128268 0.604016483 -0.421917945
vn 0.760790288 0.481565624 -0.435077876
vn 0.810421169 0.436426461 -0.390831918
vn -0.706720829 0.61718291 -0.345876902
vn -0.652913153 0.644903302 -0.397245735
vn -0.585183203 0.676038086 -0.447809219
vn 0.633222282 0.640522957 -0.434464991
vn 0.693614304 0.574870765 -0.434076965
vn -0.62068212 0.6932832 -0.366213322
vn -0.55874002 0.714130998 -0.421694905
vn -0.44288066 0.780909717 -0.440495968
vn -0.354122519 0.798713207 -0.486471355
vn 0.380405515 0.793144763 -0.475618631
vn 0.473822236 0.766310573 -0.433890045
vn 0.567519248 0.699677169 -0.43402037
vn -0.402855933 0.82300055 -0.40047127
vn -0.30965054 0.842651904 -0.440516084
vn -0.176022798 0.883393049 -0.434318751
vn -0.0457552299 0.89960444 -0.434302062
vn 0.0846384317 0.896750152 -0.434368014
vn 0.214866817 0.874665916 -0.434501857
vn 0.340713263 0.834237099 -0.43354699
vn 0.427737355 0.816061139 -0.388696343
vn -0.0862236917 -0.995204687 -0.0461863689
vn -0.0771519691 -0.995540202 -0.0542889796
vn -0.0577845797 -0.996683002 -0.0573054664
vn -0.0348620191 -0.997582138 -0.060120821
vn 0.227668464 -0.971687138 -0.0631764084
vn 0.3900069 -0.918949485 -0.0585348979
vn -0.668352664 -0.743843377 -0.00132243789
vn -0.00244001648 -0.99999702 0
vn 0 -1 0
vn 0 -1 0
vn 0 -1 0
vn -0.0314361677 -0.999475241 -0.00781334657
vn -0.0581340156 -0.998177111 -0.0162137412
vn -0.0779652819 -0.996649861 -0.0247072745
vn -0.0898106396 -0.995412529 -0.0329825468
vn -0.0932381898 -0.994814038 -0.0406430177
vn -0.0878912136 -0.994926631 -0.048950538
vn -0.0800513402 -0.995055556 -0.0587901026
vn 0.374202192 -0.924321055 -0.0748558939
vn 0.549182475 -0.832096219 -0.0775525495
vn 0.728428483 -0.676907122 -0.105776303
vn -0.995524824 -0.0945001245 -0.000251453952
vn 0.798825026 -0.583132446 -0.147767156
vn 0.768119574 -0.623375118 -0.146272942
vn -1 0 0
vn 0.775205255 -0.602889836 -0.188628405
vn 0.735313118 -0.652490437 -0.183223516
vn 0.710374475 -0.683645248 -0.167323589
vn -1 0 0
vn 0.713182569 -0.664827764 -0.222204298
vn 0.702752054 -0.680111706 -0.20877628
vn 0.707951605 -0.680869877 -0.187671736
vn -1 0 0
vn 0.7056849 -0.662280262 -0.251781255
vn 0.716670454 -0.656907082 -0.234214693
vn -1 0 0
vn 0.743239999 -0.618656158 -0.254674286
vn 0.768143773 -0.583578408 -0.2634224
vn -1 0 0
vn 0.807201266 -0.522851169 -0.27395764
vn 0.834754169 -0.474190295 -0.279873163
vn -1 0 0
vn 0.867561102 -0.406100482 -0.287089109
vn -0.934563398 0.355795324 0.000949929876
vn 0.911839187 -0.287533283 -0.29304263
vn 0.935528994 -0.24720642 -0.252338171
vn -0.569759429 0.821794689 -0.00526464311
vn -0.094112359 0.995428264 -0.0162924621
vn -0.200747594 0.978899539 -0.0381593071
vn -0.345843285 0.935614705 -0.0708344802
vn -0.401218444 0.910813749 -0.0971700475
vn 0.92468524 -0.16479516 -0.343219727
vn 0.944440007 -0.168721303 -0.28207463
vn -0.417726099 0.905478895 -0.0749199241
vn -0.481330752 0.870053351 -0.106432401
vn -0.619129419 0.770614207 -0.151104167
vn 0.927148283 -0.0844311416 -0.365058124
vn 0.948112011 -0.0405354388 -0.31534186
vn -0.690942168 0.700706959 -0.177788615
vn -0.743056476 0.63818419 -0.201464549
vn 0.925381243 0.123255 -0.358438045
vn 0.946661472 0.0845699161 -0.310934126
vn -0.77774924 0.587334991 -0.223928154
vn -0.789617419 0.565441966 -0.238284916
vn 0.917479873 0.221491486 -0.330411971
vn 0.938443959 0.221366972 -0.265178412
vn -0.787191808 0.560142279 -0.258011103
vn -0.764968514 0.567577779 -0.304431558
vn 0.893915892 0.339893669 -0.292210191
vn 0.92738229 0.287171096 -0.239781141
vn -0.786664963 0.572054803 -0.232188612
vn -0.762092888 0.586082876 -0.275175154
vn 0.784813285 0.523432374 -0.331792802
vn 0.825431526 0.481340289 -0.294914067
vn -0.727048874 0.625356495 -0.283424199
vn -0.68994087 0.662421465 -0.291855216
vn 0.659157634 0.666161239 -0.348913223
vn 0.734161556 0.610025406 -0.298120409
vn 0.799903154 0.548094213 -0.244433478
vn -0.643173397 0.704849899 -0.299190015
vn -0.563003242 0.767338753 -0.30695042
vn -0.488844723 0.798592925 -0.351112574
vn 0.515048504 0.791161597 -0.329830706
vn 0.602570772 0.740697145 -0.29711327
vn 0.678953469 0.685658813 -0.26247701
vn -0.515081227 0.815247238 -0.264694542
vn -0.442876548 0.84245652 -0.306801736
vn -0.298197538 0.907557726 -0.295664132
vn -0.175862268 0.925810516 -0.334585428
vn -0.0456790254 0.932582378 -0.358055025
vn 0.0843405873 0.931471765 -0.353902638
vn 0.225164443 0.924500465 -0.307570755
vn 0.345098555 0.887928426 -0.304121822
vn 0.473425388 0.830412745 -0.293739796
vn 0.540272713 0.805826664 -0.242381349
vn -0.248237178 0.936981738 -0.245852441
vn -0.175861284 0.946819246 -0.269455254
vn -0.0457562581 0.954919696 -0.29331699
vn 0.084419623 0.953502119 -0.289321601
vn 0.188491464 0.94528842 -0.266272128
vn -0.0917426571 -0.995355725 -0.0291593969
vn -0.0801037028 -0.996277452 -0.0318533331
vn -0.0606089681 -0.997569799 -0.0343660042
vn -0.0364967026 -0.998685062 -0.0360016115
vn 0.195161983 -0.980038047 -0.037911199
vn 0.391645581 -0.919187546 -0.0413273908
vn -0.668352664 -0.743843377 -0.00132243789
vn -0.00244001648 -0.99999702 0
vn 0 -1 0
vn 0 -1 0
vn -0.00551183568 -0.999984622 -0.000667544839
vn -0.0380086042 -0.999262929 -0.0053865849
vn -0.0649190992 -0.997837067 -0.0103314025
vn -0.0846493617 -0.99629271 -0.0153382504
vn -0.0961704627 -0.995160043 -0.0201913919
vn -0.0989898369 -0.994783103 -0.0246513318
vn -0.0961880609 -0.994987845 -0.0273321792
vn 0.565568626 -0.823280454 -0.0483878739
vn 0.711824656 -0.699539661 -0.0628493056
vn -0.995524824 -0.0945001245 -0.000251453952
vn 0.773509026 -0.62859422 -0.0809516013
vn 0.762667418 -0.639688551 -0.0955872759
vn -1 0 0
vn 0.727970004 -0.677084744 -0.107777201
vn 0.708521008 -0.695795834 -0.117754817
vn -1 0 0
vn 0.702482581 -0.700330794 -0.126708269
vn 0.709126413 -0.692186475 -0.134230152
vn -1 0 0
vn 0.730466187 -0.666634858 -0.148381516
vn 0.752512217 -0.647459924 -0.12050318
vn -1 0 0
vn 0.748376071 -0.634648144 -0.192756087
vn 0.774059713 -0.61313498 -0.157787696
vn -1 0 0
vn 0.818399668 -0.552577794 -0.157733023
vn 0.847687006 -0.505310476 -0.161518276
vn -1 0 0
vn 0.895072579 -0.413471729 -0.166991577
vn -0.936385214 0.350973994 0.000165495498
vn 0.925947964 -0.33729881 -0.169852763
vn 0.945386052 -0.276850909 -0.172042847
vn -0.577240288 0.816566706 -0.00350759341
vn -0.107813023 0.99411279 -0.0107712671
vn -0.221130267 0.974945664 -0.0241312068
vn -0.35014379 0.935792387 -0.041131977
vn 0.970174015 -0.169234589 -0.173556745
vn -0.428873181 0.90183115 -0.0526144467
vn -0.531917691 0.843997657 -0.0687866285
vn -0.645808041 0.758262575 -0.0892744213
vn 0.984056532 -0.0389688499 -0.173534319
vn -0.720311582 0.685683489 -0.10483072
vn -0.770719409 0.62614727 -0.118030354
vn 0.98056829 0.0913508162 -0.173611253
vn -0.807366371 0.575200021 -0.131546333
vn -0.808529496 0.562875032 -0.171614975
vn 0.959568381 0.221507639 -0.173674509
vn -0.820916831 0.561593175 -0.103482679
vn -0.816567659 0.559098601 -0.143617406
vn 0.912523925 0.370344937 -0.173622474
vn 0.936454773 0.304899186 -0.173461705
vn -0.803182781 0.575800061 -0.152812362
vn -0.785409331 0.598530173 -0.157778189
vn 0.858520865 0.482387096 -0.173909709
vn -0.752863169 0.637519419 -0.163603425
vn -0.717187464 0.676331103 -0.167982846
vn 0.759343207 0.627024353 -0.173891976
vn 0.809727728 0.560557783 -0.173539698
vn -0.67191577 0.720236242 -0.172595143
vn -0.598425806 0.782201409 -0.173342273
vn 0.618823349 0.766041636 -0.173890412
vn 0.692999542 0.699705243 -0.173678309
vn -0.533235848 0.828020751 -0.173324004
vn -0.436877191 0.882621586 -0.173543751
vn -0.336716473 0.925504565 -0.173387751
vn 0.274415046 0.933070719 -0.232541218
vn 0.343435794 0.921069622 -0.183528394
vn 0.475508004 0.862351894 -0.173900917
vn 0.552353323 0.815378666 -0.173388124
vn -0.271408856 0.946726561 -0.173338011
vn -0.176085547 0.968954921 -0.173551947
vn -0.0458306298 0.983756304 -0.173560217
vn 0.0843493417 0.981194437 -0.173616573
vn 0.225087345 0.956900656 -0.183512136
vn 0.298567206 0.943090796 -0.146414906
vn -0.0936630443 -0.995575488 -0.007528516
vn -0.0820638761 -0.996593297 -0.00819933973
vn -0.0620068125 -0.998036921 -0.00880063511
vn -0.0373347737 -0.999260306 -0.00921708066
vn 0.192578971 -0.981235683 -0.00948144868
vn 0.389758706 -0.920859635 -0.0102794347
vn -0.665807128 -0.746122658 -0.00137832831
vn -0.00257973536 -0.999996662 -9.31312388e-06
vn 0 -1 0
vn 0 -1 0
vn -0.00757232681 -0.99997133 -0.000202022129
vn -0.0405275822 -0.999177396 -0.00141524326
vn -0.067777954 -0.997696817 -0.0026834337
vn -0.0877248868 -0.996136725 -0.00398326945
vn -0.0991817787 -0.995055795 -0.00519503187
vn -0.101776868 -0.994786799 -0.0063764737
vn -0.0984650105 -0.995115638 -0.00704165967
vn 0.55974561 -0.828576744 -0.0120600918
vn 0.705518365 -0.708513737 -0.0158778802
vn -0.994980454 -0.100068942 -0.000288705167
vn 0.765214205 -0.643450022 -0.0204757825
vn 0.758805811 -0.650864363 -0.0242762268
vn -1 0 0
vn 0.725495458 -0.687686682 -0.0272633061
vn 0.707190573 -0.706398904 -0.0296985526
vn -1 0 0
vn 0.702611566 -0.710859716 -0.0318674073
vn 0.710526943 -0.702858388 -0.0337864012
vn -1 0 0
vn 0.729400456 -0.683166802 -0.0354709476
vn 0.754927397 -0.654775083 -0.0367981419
vn -1 0 0
vn 0.789283812 -0.612832546 -0.0383068696
vn -1 0 0
vn 0.823554814 -0.565860808 -0.0394835435
vn 0.853731215 -0.519145727 -0.0403824039
vn -1 0 0
vn 0.91186738 -0.407288343 -0.0511284135
vn 0.932142794 -0.361781627 -0.0149648171
vn -0.929685533 0.368353575 0.000731230539
vn 0.929180562 -0.355760038 -0.100291647
vn 0.949385464 -0.309718251 -0.0523633324
vn -0.572154105 0.820146143 -0.000170646599
vn -0.109524913 0.993979692 -0.00293766847
vn -0.22594519 0.974119067 -0.00638765702
vn -0.35854432 0.93345052 -0.0107749449
vn 0.984617591 -0.169294015 -0.0432176627
vn -0.440398127 0.897697151 -0.0137618436
vn -0.547967672 0.83630693 -0.0179491974
vn -0.658419609 0.752305567 -0.0228034873
vn 0.998301923 -0.0389722995 -0.043294277
vn -0.734356701 0.678233385 -0.0268255249
vn -0.783711016 0.620405257 -0.0299055353
vn 0.994883299 0.0912839547 -0.0432946756
vn -0.814977646 0.578565836 -0.0327557884
vn 0.974189758 0.221511751 -0.0434380583
vn -0.827425063 0.560491323 -0.0348862708
vn -0.827573419 0.560178876 -0.0363563038
vn 0.919697404 0.390217543 -0.0434402972
vn 0.944581032 0.325391293 -0.0434401482
vn -0.814510226 0.578878462 -0.0383784734
vn -0.796750247 0.603016615 -0.0394980945
vn 0.87490207 0.482347399 -0.0434433073
vn -0.764481127 0.643338084 -0.041045405
vn -0.729242921 0.682970941 -0.0418984406
vn 0.768482149 0.638390064 -0.0435130484
vn 0.81860292 0.572709084 -0.0435157567
vn -0.684812844 0.727441311 -0.043132741
vn -0.610438943 0.79089576 -0.0429907553
vn 0.630291879 0.775142014 -0.0434401408
vn 0.703153253 0.709710181 -0.0434394777
vn -0.54604274 0.836649537 -0.0430694185
vn -0.436842293 0.898495853 -0.0432893373
vn -0.359233916 0.932249665 -0.0431438386
vn 0.37778914 0.924875498 -0.0433675125
vn 0.475409418 0.878687739 -0.0435171016
vn 0.564503312 0.82428664 -0.0434462614
vn -0.294705361 0.954606891 -0.0432929993
vn -0.176087439 0.983421862 -0.0432953015
vn -0.0459057875 0.998003781 -0.0433720276
vn 0.0843611062 0.995490849 -0.0433729365
vn 0.214523911 0.975752234 -0.0434412807
vn 0.312662601 0.948866963 -0.0435164347
vn -0.0939954892 -0.969944358 0.22443898
vn -0.0848892406 -0.965367258 0.246697798
vn -0.0648159459 -0.959474027 0.274241716
vn -0.0391974896 -0.955639362 0.291919261
vn 0.188131273 -0.949763 0.250113785
vn 0.372334063 -0.910544097 0.179657295
vn -0.558280349 -0.641161919 0.526530504
vn -0.00119209965 -0.760783076 0.649005115
vn 0.00132244965 -0.757074475 0.653327346
vn 0.00131314748 -0.756289124 0.654236138
vn -0.0158947092 -0.759483457 0.650332391
vn -0.0508780815 -0.76769501 0.638792455
vn -0.0809039176 -0.774178743 0.627775252
vn -0.104102239 -0.779626727 0.6175313
vn -0.121484675 -0.755285859 0.644037962
vn -0.117392175 -0.844046414 0.523263633
vn -0.105909429 -0.897396088 0.428326368
vn -0.093776226 -0.878917813 0.467663854
vn -0.0715512335 -0.878647983 0.472078562
vn -0.0432104729 -0.87892729 0.474994421
vn 0.180666462 -0.880282402 0.438705474
vn 0.525504231 -0.778327763 0.343585759
vn 0.671140015 -0.699525058 0.245429873
vn -0.719138324 -0.099656716 0.687683463
vn -0.00238420395 -0.101365916 0.994846344
vn 0.000260767847 -0.0945656002 0.995518565
vn -0.00251420354 -0.0960354507 0.99537468
vn -0.0460748672 -0.131530941 0.990240753
vn -0.0898110941 -0.17233412 0.980935752
vn -0.131990463 -0.202460557 0.970354736
vn -0.141989544 -0.445483714 0.883958817
vn -0.146566644 -0.528610349 0.836115599
vn 0.588905692 -0.677663386 0.440411538
vn 0.703693271 -0.639547944 0.309506506
vn 0.730048895 -0.659417212 0.179436922
vn -0.721056402 0.00135971059 0.692875028
vn -0.00244935229 9.31312661e-06 0.99999696
vn 0 0 1
vn -0.0462320335 -0.0338748917 0.998356164
vn -0.0992619991 -0.079648003 0.991868556
vn -0.149553552 -0.133001491 0.979767501
vn -0.15839164 -0.157431424 0.974744797
vn 0.666459382 -0.668348551 0.330366701
vn 0.692777574 -0.690446734 0.208188623
vn 0.685800374 -0.711583912 0.152728826
vn -0.721056402 0.00135971059 0.692875028
vn -0.00244935229 9.31312661e-06 0.99999696
vn -0.0297798086 -0.0177076794 0.999399602
vn -0.0891543999 -0.0574319847 0.994360626
vn -0.15504992 -0.10968364 0.981798887
vn -0.173287168 -0.136010215 0.975434601
vn 0.686891139 -0.71454531 0.132685915
vn 0.69912672 -0.705175459 0.118107207
vn -0.721019924 0.00137833832 0.692912996
vn -0.00242139073 0 0.999997079
vn -0.0655358732 -0.033559043 0.997285724
vn -0.13552475 -0.0753222555 0.987906694
vn -0.185933366 -0.109809108 0.976407051
vn 0.720618904 -0.684870124 0.107986979
vn 0.748458266 -0.655462146 0.100893661
vn -0.720362246 0.00135970127 0.693596601
vn -0.0287229773 -0.0106028523 0.99953115
vn -0.102027476 -0.0439333469 0.993811011
vn -0.180242658 -0.0855667368 0.979893327
vn -0.203370184 -0.108196259 0.973105431
vn 0.782768369 -0.614860475 0.0960221589
vn -0.718706548 0.00135970511 0.695312202
vn -0.0547406934 -0.0170465074 0.99835515
vn -0.137321368 -0.0479894653 0.989363372
vn -0.19871676 -0.0734140277 0.977303445
vn 0.819732368 -0.565246642 0.0923853591
vn 0.85057795 -0.517995238 0.0905430242
vn -0.723581254 -0.00221899175 0.690235615
vn -0.0779787749 -0.0188815836 0.996776164
vn -0.178593397 -0.0475189947 0.982774854
vn -0.215451941 -0.0650763437 0.974343657
vn 0.908694685 -0.408488005 0.0860899463
vn 0.931349576 -0.361855298 0.0406043902
vn -0.687441766 0.353411108 0.634448111
vn -0.0883394852 0.336688846 0.937462926
vn -0.195726946 0.175989747 0.964737594
vn -0.274883896 0.312010378 0.909444034
vn 0.927240074 -0.352225333 0.127134636
vn 0.947887719 -0.307062745 0.084979035
vn -0.512977421 0.744068861 0.428036958
vn -0.108870871 0.838069439 0.534590244
vn -0.216355324 0.790730953 0.572656035
vn -0.360760957 0.742945969 0.563810945
vn -0.475184202 0.682506919 0.555323601
vn 0.981709242 -0.169368133 0.0869567096
vn -0.450552016 0.859048426 0.242978752
vn -0.545821905 0.753899515 0.365668982
vn -0.666354597 0.682859957 0.29945606
vn 0.995453537 -0.0390432365 0.0868786499
vn -0.742230952 0.628337741 0.232991099
vn -0.786688566 0.587141395 0.190751508
vn 0.992033064 0.0912145823 0.0868923217
vn -0.821340621 0.54907459 0.154650301
vn -0.826030135 0.528028309 0.197130352
vn 0.971282363 0.221528381 0.0868081301
vn -0.829234123 0.55206877 0.0871253014
vn -0.829034448 0.544771254 0.126199067
vn 0.918317556 0.386240363 0.0866674781
vn 0.943030179 0.321199626 0.0867462605
vn -0.814919233 0.570163727 0.104019254
vn -0.796981812 0.596059203 0.0976393297
vn 0.871711969 0.482280731 0.0867389888
vn -0.764280617 0.638270438 0.0921192095
vn -0.729005039 0.678703606 0.0889554843
vn 0.766692042 0.63612783 0.0867447034
vn 0.816903174 0.570237458 0.0865938216
vn -0.683252335 0.724977672 0.0870271176
vn -0.608060241 0.789114833 0.0869509056
vn 0.628026009 0.773350656 0.0866731033
vn 0.701163292 0.70772177 0.0866020098
vn -0.5434497 0.834918737 0.0870234817
vn -0.436878979 0.895292699 0.0871075466
vn -0.354804307 0.930895627 0.0868756399
vn 0.373662591 0.923499584 0.0867457688
vn 0.475346565 0.87550503 0.0868127868
vn 0.562141001 0.822496355 0.0865864083
vn -0.290105939 0.953034937 0.086964719
vn -0.176136777 0.98052454 0.0868762657
vn -0.0459758751 0.995150387 0.0869592279
vn 0.0842797607 0.992653131 0.0868133679
vn 0.214540973 0.972849071 0.0868149474
vn 0.308413535 0.947296739 0.086659804
vn -0.150909096 -0.578333139 0.801721334
vn -0.150732115 -0.618031681 0.771567702
vn -0.14067395 -0.661227345 0.736878037
vn -0.120063022 -0.694061339 0.709833682
vn -0.0905723199 -0.717621088 0.690519035
vn -0.0544634014 -0.732654035 0.678418696
vn 0.154370099 -0.734268725 0.6610744
vn 0.421453536 -0.707690477 0.567054808
vn -0.171570525 -0.189491108 0.96677649
vn -0.184276789 -0.228449166 0.955956578
vn -0.18523109 -0.364845365 0.912456751
vn -0.204907402 -0.399833351 0.893390238
vn -0.203576759 -0.449552566 0.869746506
vn -0.158676192 -0.548228502 0.821137905
vn -0.115195788 -0.603127122 0.789282978
vn -0.0678461641 -0.635050237 0.769485533
vn 0.126357615 -0.646926999 0.752010107
vn 0.458058089 -0.646609783 0.609982491
vn 0.572605133 -0.638837814 0.513818681
vn -0.186886474 -0.165639251 0.968316615
vn -0.200720847 -0.199399143 0.959140837
vn -0.248743698 -0.280667573 0.927012503
vn -0.284306437 -0.371872962 0.883674383
vn -0.266858727 -0.424759626 0.865081251
vn -0.24644953 -0.457207024 0.854531705
vn 0.593952715 -0.675656974 0.436701
vn 0.619002581 -0.705423713 0.34527269
vn 0.657220602 -0.712559104 0.245602593
vn -0.198818132 -0.138906106 0.970142424
vn -0.217946976 -0.169712052 0.961091518
vn -0.281910777 -0.246397674 0.927261889
vn -0.336722732 -0.334253639 0.880279601
vn -0.333068758 -0.382957816 0.861631334
vn 0.603379607 -0.713382244 0.356397063
vn 0.64487499 -0.7134341 0.274131626
vn 0.680268764 -0.70322144 0.206673726
vn -0.225548327 -0.139710009 0.964162409
vn -0.291169703 -0.196189687 0.936338484
vn -0.373446763 -0.281141013 0.884023309
vn -0.38547945 -0.329869688 0.86173749
vn 0.647716105 -0.699025929 0.30302912
vn 0.693626046 -0.680141926 0.237254545
vn 0.7371189 -0.651859224 0.178143784
vn -0.224114701 -0.103865482 0.969012141
vn -0.260681033 -0.134311542 0.956036568
vn -0.363578975 -0.206098214 0.908478856
vn -0.425662398 -0.26343289 0.86568737
vn 0.716068923 -0.644419491 0.268270075
vn 0.753344655 -0.618636668 0.223070621
vn -0.247832209 -0.0955998674 0.964074671
vn -0.33190906 -0.138006851 0.933161557
vn -0.4360964 -0.201608643 0.877025545
vn -0.458635598 -0.242249906 0.854966879
vn 0.802832842 -0.552668869 0.223643824
vn 0.835372508 -0.50337404 0.220833331
vn -0.228427082 -0.0557119697 0.971965611
vn -0.266966701 -0.076227501 0.960686266
vn -0.384119838 -0.122598439 0.915107489
vn -0.468435913 -0.161807761 0.868553996
vn 0.881467581 -0.418597728 0.218611032
vn -0.231385291 -0.0541344769 0.971354902
vn -0.303295344 0.104010895 0.9472031
vn -0.430442989 0.0604485124 0.900591373
vn -0.510167658 -0.0024641112 0.86007148
vn 0.919387162 -0.327893227 0.21728614
vn 0.939615965 -0.264725685 0.216891766
vn -0.383291721 0.433711261 0.815464258
vn -0.498124033 0.460204899 0.734903991
vn -0.58805573 0.31143716 0.746456563
vn 0.961351275 -0.169290826 0.217127398
vn -0.586630166 0.580563128 0.564633965
vn -0.679376364 0.489434719 0.546718717
vn -0.734794259 0.42218855 0.53088063
vn 0.975393534 -0.0390455462 0.216985941
vn -0.743173242 0.543405414 0.390389621
vn -0.776921868 0.486240566 0.399953157
vn 0.971894801 0.0911314338 0.217061222
vn -0.81167239 0.485329002 0.325028896
vn -0.819774926 0.491566837 0.293821633
vn 0.924795866 0.271402627 0.266633332
vn 0.948733091 0.225725591 0.221254304
vn -0.814772248 0.511520386 0.272934407
vn -0.796583295 0.517300189 0.312818766
vn 0.910479307 0.349347442 0.221322924
vn 0.935512841 0.303888887 0.180187196
vn -0.807793975 0.546273828 0.221480682
vn -0.790537775 0.559237003 0.249607876
vn 0.795327067 0.541347086 0.272760212
vn 0.840369999 0.493072718 0.225072488
vn -0.754061282 0.617220461 0.224567652
vn -0.718372762 0.660050929 0.219712064
vn 0.761809289 0.607390463 0.225218907
vn 0.808168948 0.558653116 0.186466128
vn -0.668598533 0.711210012 0.217154831
vn -0.591187537 0.776701987 0.21732755
vn 0.533306003 0.801598549 0.270230234
vn 0.599988043 0.768112898 0.223644778
vn 0.687012613 0.69357121 0.216731697
vn -0.525503933 0.822641313 0.217041403
vn -0.436971247 0.872824907 0.217330799
vn -0.309309334 0.923606217 0.226449311
vn -0.232708767 0.932846963 0.275032997
vn 0.25731039 0.930654287 0.260142058
vn 0.34011361 0.914968252 0.217154056
vn 0.485346794 0.845276952 0.223484576
vn 0.550787687 0.81414634 0.183844298
vn -0.267415404 0.944857776 0.189031169
vn -0.184575394 0.956409037 0.226304188
vn -0.0459778048 0.975072265 0.217071876
vn 0.084277913 0.972512007 0.21706593
vn 0.214399889 0.952317059 0.217082679
vn 0.292732447 0.940350831 0.173344105
vn -0.222134322 -0.488595963 0.843759716
vn -0.192753553 -0.517311454 0.833807468
vn -0.141887456 -0.550923705 0.822405636
vn -0.083855249 -0.578713417 0.811208367
vn 0.0994615704 -0.596898794 0.796127617
vn 0.350721538 -0.63126111 0.691739678
vn 0.45688507 -0.653351367 0.603645563
vn -0.319054246 -0.423603505 0.847799838
vn -0.304543674 -0.456360221 0.836055338
vn -0.264461339 -0.506452143 0.820710897
vn -0.232089907 -0.571527898 0.78707701
vn -0.166984245 -0.601067543 0.781558752
vn -0.0982135013 -0.622681141 0.776287496
vn 0.0624356084 -0.640225291 0.765645683
vn 0.279628992 -0.664693773 0.692812979
vn 0.4360466 -0.68951112 0.57830584
vn 0.527291179 -0.705230474 0.47393471
vn -0.379054189 -0.376114964 0.84549129
vn -0.362497061 -0.418520302 0.832728386
vn -0.361330926 -0.493384153 0.79120928
vn -0.315261483 -0.545481443 0.776569605
vn -0.274538785 -0.576929331 0.769273102
vn 0.42717576 -0.70346278 0.568032622
vn 0.516719818 -0.709356189 0.479389727
vn 0.579222023 -0.706489563 0.406662554
vn -0.425737858 -0.315627515 0.848013282
vn -0.421139181 -0.358922362 0.832956493
vn -0.437571347 -0.433880985 0.787577629
vn -0.410526723 -0.483113974 0.773349047
vn 0.520513773 -0.696462691 0.493968785
vn 0.585082471 -0.692382753 0.422237664
vn 0.640802562 -0.664755106 0.384021908
vn -0.45782429 -0.300875545 0.836582839
vn -0.495938957 -0.356928915 0.791610003
vn -0.48673749 -0.40607962 0.773424804
vn 0.682487667 -0.630334377 0.369985372
vn 0.722465277 -0.58983916 0.360740632
vn -0.488883734 -0.216997251 0.84492892
vn -0.507435203 -0.259546608 0.821672082
vn -0.547345221 -0.310720891 0.777088046
vn 0.775385618 -0.522649705 0.354421169
vn 0.818170846 -0.485409379 0.308179021
vn -0.515483141 -0.18777521 0.836072683
vn -0.572365046 -0.226504922 0.788094997
vn -0.5794397 -0.268360972 0.769566059
vn 0.79664588 -0.458427995 0.393953145
vn 0.836927891 -0.420952022 0.349787295
vn -0.560222447 -0.046091225 0.827058852
vn -0.610815167 -0.097885333 0.785699308
vn 0.895997524 -0.289327115 0.336865276
vn 0.928491056 -0.238065079 0.285007477
vn -0.63449508 0.21124512 0.743499517
vn -0.67030704 0.120356388 0.732258677
vn 0.913825929 -0.169293255 0.369136781
vn 0.937633753 -0.169137686 0.303702742
vn -0.685511291 0.327640742 0.650173664
vn -0.733813286 0.284485251 0.616916656
vn -0.754913628 0.259626985 0.602245152
vn 0.920639217 -0.0391206481 0.388449401
vn 0.945411265 -0.0390444137 0.323532134
vn -0.781009316 0.380195975 0.495454878
vn -0.776099026 0.322038323 0.542182267
vn 0.919017196 0.091134198 0.383538604
vn 0.943542838 0.0910606012 0.318488538
vn -0.800595582 0.427835047 0.419528216
vn -0.800377607 0.410440058 0.436960757
vn 0.910845935 0.225811094 0.345498413
vn 0.935744941 0.185032621 0.300240219
vn -0.796648979 0.452999741 0.400177062
vn -0.786540687 0.484828442 0.382485509
vn 0.869107604 0.351905853 0.347583413
vn -0.757911026 0.539687157 0.366481394
vn -0.722331047 0.561951995 0.403048098
vn 0.781792521 0.517965496 0.347148687
vn 0.821183324 0.452884197 0.347208738
vn -0.740244031 0.593197584 0.316473484
vn -0.692233622 0.626311243 0.358534366
vn -0.624228954 0.66981703 0.402098805
vn 0.650886655 0.657892644 0.378845394
vn 0.711400688 0.614669263 0.34072113
vn -0.648488462 0.692446172 0.316197723
vn -0.56879884 0.744467199 0.349623203
vn -0.476627529 0.792194009 0.381123245
vn 0.508867681 0.787746251 0.347144932
vn 0.607678473 0.717392981 0.340696454
vn 0.672981918 0.679838479 0.291401923
vn -0.507759273 0.809807181 0.293926686
vn -0.435087204 0.83292377 0.341960669
vn -0.306675524 0.88605088 0.347654998
vn -0.184564918 0.920142174 0.345360667
vn -0.0460517183 0.924313128 0.378846198
vn 0.0842016712 0.923088789 0.3752563
vn 0.214479402 0.91470474 0.342511237
vn 0.344989061 0.871900439 0.347523004
vn 0.443652004 0.826267362 0.347066581
vn -0.146497801 0.942623138 0.300000072
vn -0.0459770076 0.948378265 0.313791215
vn 0.084207505 0.946999073 0.310002863
vn 0.170571208 0.940190911 0.29486686
vn -0.230600879 -0.603190541 0.763534129
vn -0.184215263 -0.624148369 0.759278297
vn -0.108199917 -0.646399498 0.755288303
vn 0.0384363495 -0.662968755 0.747659743
vn 0.227834731 -0.682532489 0.694435477
vn 0.329401702 -0.693400919 0.640850723
vn -0.376328617 -0.523588598 0.764350593
vn -0.34346655 -0.554952443 0.757666469
vn -0.273132116 -0.600418508 0.751595974
vn -0.212668389 -0.633605182 0.743852556
vn -0.118632212 -0.657978833 0.743633211
vn 0.0180823989 -0.673006296 0.739415646
vn 0.188702375 -0.687374592 0.701361239
vn 0.33598572 -0.69763428 0.632787526
vn 0.443638682 -0.700094104 0.559511364
vn -0.459323645 -0.455277115 0.762721837
vn -0.422848046 -0.500471354 0.755465388
vn -0.382029504 -0.548374951 0.743867218
vn -0.301077336 -0.598026395 0.742776453
vn -0.25719589 -0.617499292 0.743333578
vn 0.349427372 -0.68547976 0.638762832
vn 0.450651079 -0.687006712 0.570031047
vn 0.537047267 -0.664066732 0.520188093
vn 0.606188655 -0.651513338 0.456142247
vn -0.526750147 -0.371475637 0.764552236
vn -0.504347146 -0.418089092 0.755536497
vn -0.475400746 -0.470782071 0.74320811
vn -0.427498996 -0.51501447 0.742970169
vn 0.554080606 -0.632217765 0.541567564
vn 0.630982578 -0.605943084 0.484452158
vn 0.697960317 -0.573215008 0.429273695
vn -0.557408571 -0.338817388 0.757956803
vn -0.552004516 -0.376596272 0.743953168
vn -0.519419491 -0.421991557 0.743052185
vn 0.660687983 -0.54559058 0.515579641
vn 0.711211324 -0.518141031 0.475087613
vn -0.605004847 -0.224175543 0.764012158
vn -0.60266602 -0.266863853 0.75204879
vn -0.600664198 -0.295817763 0.742761314
vn 0.76959908 -0.420475334 0.480539113
vn 0.814443588 -0.383155137 0.43574509
vn -0.63340497 -0.130169064 0.762793601
vn -0.641029 -0.17692177 0.746847034
vn -0.621089518 -0.248806611 0.743197858
vn 0.787169456 -0.328542829 0.521942437
vn 0.827721596 -0.292943418 0.478603363
vn -0.68675667 0.0566210486 0.724678755
vn -0.690089047 0.00478870841 0.72370863
vn 0.86185801 -0.169510424 0.477982134
vn -0.726239204 0.176244497 0.664465606
vn -0.73589164 0.166576654 0.656289399
vn 0.877511263 -0.0391959026 0.477951527
vn -0.756848037 0.24859795 0.604466856
vn -0.745063961 0.250916719 0.61799711
vn 0.873637617 0.0912088379 0.477952212
vn -0.777050793 0.357405603 0.518124759
vn -0.754871011 0.3262043 0.568999529
vn 0.795694888 0.278895676 0.53766793
vn 0.841199219 0.230515569 0.489128232
vn -0.780232251 0.408870876 0.473352075
vn -0.751167178 0.420565456 0.508795142
vn -0.709771395 0.442555547 0.548059523
vn 0.782368839 0.351421267 0.514200509
vn 0.821371853 0.351548046 0.44917959
vn -0.736363173 0.493679225 0.462655485
vn -0.701984525 0.513229489 0.493774414
vn 0.659360409 0.533853114 0.529381394
vn 0.735862613 0.480960369 0.476637453
vn 0.802755952 0.423734695 0.419561446
vn -0.656518579 0.582975209 0.478668243
vn -0.596670806 0.644642889 0.477932602
vn 0.526202083 0.665876687 0.528885245
vn 0.613811433 0.620667994 0.487859339
vn 0.690559208 0.5713045 0.443552911
vn -0.531184733 0.699852645 0.477544785
vn -0.435404837 0.764417112 0.475488305
vn -0.330186367 0.790301681 0.516139686
vn 0.266441196 0.801410377 0.53549093
vn 0.344601035 0.78742528 0.511088669
vn 0.47279191 0.741979241 0.475325793
vn 0.564241469 0.696749926 0.442912042
vn -0.389564961 0.815113842 0.428752422
vn -0.294887811 0.829083264 0.475039065
vn -0.176359966 0.86049062 0.47796756
vn -0.0461230241 0.877231598 0.477846473
vn 0.0843490958 0.874339521 0.477928549
vn 0.220286384 0.844778895 0.487670541
vn 0.344665736 0.826079965 0.445867062
vn 0.415064126 0.808290601 0.417598188
vn -0.199662283 -0.637894452 0.743791461
vn -0.126397282 -0.65529871 0.744719684
vn 0.00410197163 -0.669350147 0.742935717
vn 0.16049847 -0.680197418 0.715242386
vn 0.258949667 -0.684215307 0.681758404
vn -0.377018958 -0.551584423 0.744050622
vn -0.318158835 -0.584635675 0.746308267
vn -0.233466104 -0.616655767 0.751817346
vn -0.134603739 -0.638898194 0.757423818
vn -0.00787854288 -0.652655721 0.757613659
vn 0.138814226 -0.661149919 0.737300038
vn 0.27636382 -0.663663447 0.695106983
vn 0.405808389 -0.656693339 0.635667562
vn 0.474139541 -0.647063613 0.597076476
vn -0.474537581 -0.469763309 0.744403481
vn -0.418393612 -0.511301637 0.750677943
vn -0.337795109 -0.553390563 0.761349678
vn -0.267808765 -0.582334936 0.767570555
vn 0.29750827 -0.630031228 0.717321038
vn 0.386190087 -0.621389568 0.681712687
vn 0.496339053 -0.602048159 0.625448287
vn 0.580370963 -0.57773155 0.573930025
vn -0.555477142 -0.371348381 0.744006395
vn -0.51603055 -0.412764996 0.750558197
vn -0.459915251 -0.454174161 0.76302284
vn 0.522701561 -0.542231143 0.657851458
vn 0.608857572 -0.512208641 0.605751395
vn 0.683338702 -0.477123678 0.552631259
vn -0.587744713 -0.31277886 0.74614042
vn -0.557314098 -0.332235008 0.760934293
vn 0.643060386 -0.416004956 0.642972171
vn 0.702080786 -0.416863114 0.577328086
vn -0.649888098 -0.14798215 0.745484173
vn -0.624698341 -0.203240767 0.75395304
vn -0.588470697 -0.251201868 0.768504977
vn 0.663267612 -0.344044447 0.664612234
vn 0.736343443 -0.297010809 0.607933402
vn 0.801454663 -0.244206011 0.545924842
vn -0.68122524 -0.0327694863 0.73134017
vn -0.660281479 -0.0644688606 0.748245955
vn 0.761777997 -0.169524118 0.625264525
vn 0.811719418 -0.16919823 0.55900234
vn -0.715307415 0.100960262 0.691478372
vn -0.690767705 0.0660170689 0.720056713
vn 0.77050209 -0.0391174518 0.636236072
vn 0.820270121 -0.0390462875 0.570642114
vn -0.731545985 0.176141664 0.658646047
vn -0.710598111 0.182601705 0.679490209
vn -0.677044094 0.197748125 0.708877325
vn 0.768366516 0.0910535157 0.63349998
vn 0.818148136 0.0909881517 0.56776309
vn -0.718529522 0.294109017 0.630250096
vn -0.679906785 0.272136658 0.680931985
vn 0.763132572 0.230728373 0.603649795
vn 0.808924854 0.192785695 0.555404603
vn -0.716779292 0.372361839 0.589554131
vn -0.670832932 0.39284721 0.629010499
vn -0.613081038 0.418383092 0.67013973
vn 0.651384354 0.384570181 0.654067397
vn 0.712234437 0.346019089 0.610731483
vn -0.64946866 0.492712468 0.579158843
vn -0.596284926 0.483136177 0.641111314
vn 0.526649773 0.533655882 0.661703467
vn 0.614135265 0.492500693 0.616669297
vn 0.690771103 0.448091894 0.567493618
vn -0.631388664 0.55113858 0.545522332
vn -0.547212899 0.594148815 0.589529693
vn -0.437117994 0.638280213 0.633660913
vn -0.348881304 0.66490829 0.660438359
vn 0.375428647 0.657615006 0.653142989
vn 0.485130668 0.620481312 0.616158426
vn 0.574362516 0.58092159 0.576747656
vn -0.500910163 0.675230443 0.541435897
vn -0.436543554 0.697873712 0.567804635
vn -0.297167182 0.73967737 0.603795469
vn -0.176358372 0.764666617 0.619824767
vn -0.0460457318 0.773985565 0.631526887
vn 0.0842019469 0.772422493 0.629502714
vn 0.220449507 0.767325222 0.602174401
vn 0.337674499 0.716859639 0.609990239
vn 0.440295696 0.696662903 0.566392601
vn -0.242660537 0.804870069 0.541571856
vn -0.175996378 0.814262688 0.553174078
vn -0.0459776893 0.823350906 0.565667152
vn 0.0841347277 0.821748078 0.563605785
vn 0.180113345 0.813677132 0.552710295
vn -0.201510295 -0.602139533 0.772542298
vn -0.140583426 -0.615042567 0.775860131
vn -0.0157712121 -0.628168046 0.777917922
vn 0.124304369 -0.634411216 0.762935698
vn 0.21028167 -0.634077907 0.744128168
vn -0.398666471 -0.495714396 0.771577775
vn -0.350245804 -0.521542132 0.778024256
vn -0.245395735 -0.566715896 0.786520243
vn -0.147074655 -0.576865792 0.803489208
vn -0.0296663567 -0.577547908 0.815817595
vn 0.102002658 -0.58446753 0.804980218
vn 0.245253801 -0.602428555 0.759559393
vn 0.372794002 -0.580897689 0.723590016
vn 0.439844459 -0.566558301 0.696813107
vn -0.500635207 -0.392714292 0.771453083
vn -0.44666326 -0.440919489 0.778512657
vn -0.360175192 -0.463297784 0.809709251
vn -0.262218624 -0.501893699 0.82422334
vn -0.151989505 -0.530565917 0.833905816
vn -0.0808923692 -0.540622354 0.837367177
vn 0.134142399 -0.546871603 0.82640022
vn 0.233988687 -0.539182425 0.809031308
vn 0.36196804 -0.513168871 0.778226733
vn 0.481104612 -0.512769282 0.711059749
vn 0.555591881 -0.474571198 0.682715058
vn -0.525716543 -0.344492137 0.777783513
vn -0.468663961 -0.353855461 0.809407473
vn -0.399808139 -0.393264711 0.82794708
vn 0.398623407 -0.450693429 0.798733294
vn 0.48209095 -0.415516973 0.771319687
vn 0.578157008 -0.414741486 0.702654958
vn -0.613776684 -0.159143433 0.77327323
vn -0.574785113 -0.221972957 0.787622988
vn -0.507753253 -0.247917026 0.825059831
vn 0.520967782 -0.324394047 0.789532185
vn 0.606077731 -0.295043558 0.738660395
vn 0.680990219 -0.263157278 0.683374405
vn -0.632272601 -0.0859540924 0.769963086
vn -0.594407618 -0.104612559 0.797330379
vn -0.542313397 -0.120314851 0.831516922
vn 0.622240245 -0.169566438 0.76424098
vn 0.695632935 -0.169288561 0.698166311
vn -0.658182859 0.0403313078 0.751776993
vn -0.615308642 0.018955363 0.7880584
vn -0.564511538 0.00304293749 0.825419545
vn 0.633284867 -0.0392682813 0.772921979
vn 0.705293477 -0.0392699055 0.707827032
vn -0.669882596 0.120842114 0.732567072
vn -0.640466154 0.14330548 0.754497647
vn -0.574637651 0.12259452 0.809173703
vn 0.630464852 0.0911308974 0.770849705
vn 0.702975988 0.0910575166 0.705360472
vn -0.634702265 0.255308032 0.729363322
vn -0.571867883 0.239923537 0.784476817
vn 0.534690797 0.277890176 0.798049331
vn 0.600922167 0.230069056 0.765480816
vn 0.688424706 0.221029192 0.690809369
vn -0.62660259 0.343434244 0.699587107
vn -0.563062787 0.361534923 0.743137062
vn -0.477861524 0.387415022 0.788389564
vn 0.510846257 0.351495594 0.784529805
vn 0.608103216 0.345933229 0.714521289
vn 0.673862457 0.297316372 0.676396608
vn -0.532012999 0.4819552 0.696190596
vn -0.436242193 0.480499744 0.760797441
vn -0.331376433 0.521500647 0.786274016
vn 0.268158883 0.540491462 0.797470868
vn 0.344646931 0.516821325 0.783654392
vn 0.473596334 0.480452478 0.738154471
vn 0.564872801 0.447858661 0.693066657
vn -0.501292408 0.546139777 0.671146274
vn -0.436514556 0.572557509 0.6939978
vn -0.29776606 0.608569145 0.735512674
vn -0.176437378 0.624981701 0.760439157
vn -0.0460513905 0.636671662 0.769758701
vn 0.0842125937 0.634649932 0.768197715
vn 0.221411854 0.606851816 0.763352931
vn 0.337685645 0.614482045 0.713007867
vn 0.440711439 0.570994496 0.692631721
vn -0.262243927 0.684516311 0.680195212
vn -0.176063389 0.698218346 0.69389689
vn -0.0461263098 0.708437562 0.704264581
vn 0.0841342732 0.706683159 0.702509999
vn 0.21411255 0.692866087 0.688543618
vn 0.288000256 0.679304957 0.674982011
vn 0.00810118206 -0.546619475 0.837341964
vn 0.0464758761 -0.547959626 0.835212708
vn -0.328026325 -0.433602363 0.839278102
vn -0.268521786 -0.456801772 0.848073244
vn -0.156037137 -0.486831605 0.859445989
vn -0.0361078009 -0.509375215 0.85978663
vn 0.0919269845 -0.511939526 0.854088604
vn 0.228197902 -0.491483152 0.840458214
vn 0.314725816 -0.47539857 0.821549654
vn -0.439067543 -0.321373105 0.839010715
vn -0.375906587 -0.369519442 0.849793911
vn -0.276364982 -0.387712628 0.879375517
vn -0.161945552 -0.395288259 0.904168606
vn -0.0493032262 -0.390402824 0.919322968
vn 0.0899820104 -0.394364208 0.914538145
vn 0.222326353 -0.40689671 0.8860057
vn 0.353152364 -0.412540764 0.839698434
vn 0.436591804 -0.377600342 0.816581726
vn -0.462422937 -0.255886525 0.848932862
vn -0.394758761 -0.265182972 0.879683733
vn -0.282694995 -0.272747546 0.919615328
vn -0.164835289 -0.323104203 0.931897521
vn -0.101386964 -0.340886205 0.934621394
vn 0.129235327 -0.340332299 0.931381881
vn 0.218619213 -0.316657901 0.923002362
vn 0.335691899 -0.281751543 0.89884758
vn 0.477411985 -0.288095653 0.830107629
vn 0.543287754 -0.242954969 0.803623855
vn -0.496588141 -0.130266786 0.858155429
vn -0.406783581 -0.143362716 0.902205169
vn -0.330703259 -0.150395229 0.931674123
vn 0.364359498 -0.169289321 0.91574192
vn 0.475411803 -0.169497237 0.863281071
vn 0.555992544 -0.169137359 0.81379658
vn -0.517039061 -0.00760155497 0.855928063
vn -0.407137483 -0.0109058749 0.913301766
vn -0.35424763 -0.0478303656 0.933927655
vn 0.383701742 -0.0391228236 0.922627926
vn 0.475369871 -0.0391919352 0.878912687
vn 0.567651689 -0.0390456133 0.822342396
vn -0.524340272 0.112567186 0.844035447
vn -0.414669156 0.0866371766 0.90583849
vn -0.356295407 0.114251569 0.927361906
vn 0.379002959 0.0910620615 0.92090416
vn 0.475373268 0.0912001356 0.875044465
vn 0.564770222 0.0909861997 0.820217133
vn -0.517664135 0.231008634 0.823807538
vn -0.43624106 0.222365066 0.871921718
vn -0.311471552 0.233380124 0.921151042
vn -0.237926498 0.283529699 0.92897886
vn 0.261543125 0.26899448 0.926950514
vn 0.342125088 0.22423315 0.912507474
vn 0.486320168 0.229969963 0.842974782
vn 0.552627087 0.191809893 0.811056316
vn -0.506520927 0.30278179 0.807316363
vn -0.435932726 0.347584099 0.830149412
vn -0.306736559 0.352035522 0.884298384
vn -0.187837198 0.351160914 0.917280316
vn -0.0459729545 0.386783808 0.921023786
vn 0.0841332301 0.383257031 0.91980201
vn 0.217162132 0.348323882 0.911872268
vn 0.345039278 0.351895362 0.870124996
vn 0.44582355 0.351471722 0.823230863
vn -0.390834332 0.434194118 0.811618209
vn -0.295693666 0.480157644 0.825841367
vn -0.17643252 0.482358158 0.858022332
vn -0.046126388 0.482352346 0.874761999
vn 0.0842017233 0.48225981 0.871972203
vn 0.22139439 0.492492586 0.84168613
vn 0.344623178 0.451647162 0.822951794
vn 0.416236281 0.423092812 0.804822862
vn -0.243933722 0.546578407 0.801092029
vn -0.175982967 0.558496356 0.810624361
vn -0.0459765121 0.57086885 0.819753051
vn 0.0840574279 0.568728983 0.818218589
vn 0.181971937 0.557689607 0.80985713
vn -0.0153492829 -0.347513735 0.937549233
vn 0.0435469896 -0.348714232 0.936216891
vn -0.244071528 -0.232791021 0.94140178
vn -0.167445317 -0.262796283 0.950210571
vn -0.0521088615 -0.29600063 0.953765333
vn 0.0867212489 -0.294961601 0.951565564
vn 0.216935009 -0.255676568 0.942108631
vn 0.282462269 -0.231916428 0.930822074
vn -0.272071838 -0.154715002 0.949757934
vn -0.171240255 -0.159410566 0.972247422
vn -0.0436653309 -0.162604913 0.985724568
vn 0.0857330412 -0.165320009 0.982506514
vn 0.215086475 -0.16778852 0.962073207
vn 0.29905507 -0.169039115 0.939144254
vn -0.362504065 0.0335612707 0.931377709
vn -0.310712636 -0.018763002 0.950318635
vn -0.175233752 -0.0373105556 0.983819604
vn -0.0458226763 -0.0389679 0.99818927
vn 0.0843515843 -0.0388971083 0.995676577
vn 0.214618295 -0.0390486047 0.975917101
vn 0.318934113 -0.0391961113 0.946966112
vn -0.362509638 0.0335601978 0.931375563
vn -0.31083861 0.0789271966 0.947179914
vn -0.176085651 0.0912843496 0.980133116
vn -0.0459011644 0.0912062079 0.994773626
vn 0.0843519345 0.0912073925 0.992252946
vn 0.214605868 0.0912074894 0.972432792
vn 0.313885242 0.0910654739 0.945083737
vn -0.271224111 0.197755158 0.94198221
vn -0.187776387 0.23337923 0.954082906
vn -0.0459727943 0.221518815 0.97407186
vn 0.0842835233 0.2214026 0.971533418
vn 0.217075974 0.224229872 0.950052083
vn 0.296213359 0.182497248 0.937524617
vn -0.151931435 0.306917906 0.939530909
vn -0.0458997227 0.321745127 0.945713103
vn 0.0842083171 0.31805405 0.944325447
vn 0.17488651 0.301859915 0.937174082
f 1//1 15//15 16//16 2//2
f 2//2 16//16 17//17 3//3
f 3//3 17//17 18//18 4//4
f 4//4 18//18 19//19 5//5
f 5//5 19//19 20//20 6//6
f 6//6 20//20 21//21 7//7
f 7//7 21//21 22//22 8//8
f 8//8 22//22 23//23 9//9
f 9//9 23//23 24//24 10//10
f 10//10 24//24 25//25 11//11
f 11//11 25//25 26//26 12//12
f 12//12 26//26 27//27 13//13
f 13//13 27//27 28//28 14//14
f 15//15 29//29 30//30 16//16
f 16//16 30//30 31//31 17//17
f 17//17 31//31 32//32 18//18
f 18//18 32//32 33//33 19//19
f 19//19 33//33 34//34 20//20
f 20//20 34//34 35//35 21//21
f 21//21 35//35 36//36 22//22
f 22//22 36//36 37//37 23//23
f 23//23 37//37 38//38 24//24
f 24//24 38//38 39//39 25//25
f 25//25 39//39 40//40 26//26
f 26//26 40//40 41//41 27//27
f 27//27 41//41 42//42 28//28
f 29//29 43//43 44//44 30//30
f 30//30 44//44 45//45 31//31
f 31//31 45//45 46//46 32//32
f 32//32 46//46 47//47 33//33
f 33//33 47//47 48//48 34//34
f 34//34 48//48 49//49 35//35
f 35//35 49//49 50//50 36//36
f 36//36 50//50 51//51 37//37
f 37//37 51//51 52//52 38//38
f 38//38 52//52 53//53 39//39
f 39//39 53//53 54//54 40//40
f 40//40 54//54 55//55 41//41
f 41//41 55//55 56//56 42//42
f 43//43 57//57 58//58 44//44
f 44//44 58//58 59//59 45//45
f 45//45 59//59 60//60 46//46
f 46//46 60//60 61//61 47//47
f 47//47 61//61 62//62 48//48
f 48//48 62//62 63//63 49//49
f 49//49 63//63 64//64 50//50
f 50//50 64//64 65//65 51//51
f 51//51 65//65 66//66 52//52
f 52//52 66//66 67//67 53//53
f 53//53 67//67 68//68 54//54
f 54//54 68//68 69//69 55//55
f 55//55 69//69 70//70 56//56
f 57//57 71//71 72//72 58//58
f 58//58 72//72 73//73 59//59
f 59//59 73//73 74//74 60//60
f 60//60 74//74 75//75 61//61
f 61//61 75//75 76//76 62//62
f 62//62 76//76 77//77 63//63
f 63//63 77//77 78//78 64//64
f 64//64 78//78 79//79 65//65
f 65//65 79//79 80//80 66//66
f 66//66 80//80 81//81 67//67
f 67//67 81//81 82//82 68//68
f 68//68 82//82 83//83 69//69
f 69//69 83//83 84//84 70//70
f 71//71 85//85 86//86 72//72
f 72//72 86//86 87//87 73//73
f 73//73 87//87 88//88 74//74
f 74//74 88//88 89//89 75//75
f 75//75 89//89 90//90 76//76
f 76//76 90//90 91//91 77//77
f 77//77 91//91 92//92 78//78
f 78//78 92//92 93//93 79//79
f 79//79 93//93 94//94 80//80
f 80//80 94//94 95//95 81//81
f 81//81 95//95 96//96 82//82
f 82//82 96//96 97//97 83//83
f 83//83 97//97 98//98 84//84
f 85//85 99//99 100//100 86//86
f 86//86 100//100 101//101 87//87
f 87//87 101//101 102//102 88//88
f 88//88 102//102 103//103 89//89
f 89//89 103//103 104//104 90//90
f 90//90 104//104 105//105 91//91
f 91//91 105//105 106//106 92//92
f 92//92 106//106 107//107 93//93
f 93//93 107//107 108//108 94//94
f 94//94 108//108 109//109 95//95
f 95//95 109//109 110//110 96//96
f 96//96 110//110 111//111 97//97
f 97//97 111//111 112//112 98//98
f 113//113 128//128 129//129 114//114
f 1//1 2//2 130//130 129//129
f 114//114 129//129 130//130 115//115
f 2//2 3//3 131//131 130//130
f 115//115 130//130 131//131 116//116
f 3//3 4//4 132//132 131//131
f 116//116 131//131 132//132 117//117
f 4//4 5//5 133//133 132//132
f 117//117 132//132 133//133 118//118
f 5//5 6//6 134//134 133//133
f 118//118 133//133 134//134 119//119
f 6//6 7//7 135//135 134//134
f 119//119 134//134 135//135 120//120
f 7//7 8//8 136//136 135//135
f 120//120 135//135 136//136 121//121
f 8//8 9//9 137//137 136//136
f 121//121 136//136 137//137 122//122
f 9//9 10//10 138//138 137//137
f 122//122 137//137 138//138 123//123
f 10//10 11//11 139//139 138//138
f 123//123 138//138 139//139 124//124
f 11//11 12//12 140//140 139//139
f 124//124 139//139 140//140 125//125
f 12//12 13//13 141//141 140//140
f 125//125 140//140 141//141 126//126
f 13//13 14//14 142//142 141//141
f 126//126 141//141 142//142 127//127
f 1//1 129//129 145//145 15//15
f 128//128 144//144 145//145 129//129
f 14//14 28//28 146//146 142//142
f 142//142 146//146 147//147 143//143
f 15//15 145//145 149//149 29//29
f 144//144 148//148 149//149 145//145
f 28//28 42//42 150//150 146//146
f 146//146 150//150 151//151 147//147
f 29//29 149//149 153//153 43//43
f 148//148 152//152 153//153 149//149
f 42//42 56//56 154//154 150//150
f 150//150 154//154 155//155 151//151
f 43//43 153//153 157//157 57//57
f 152//152 156//156 157//157 153//153
f 56//56 70//70 158//158 154//154
f 154//154 158//158 159//159 155//155
f 57//57 157//157 161//161 71//71
f 156//156 160//160 161//161 157//157
f 70//70 84//84 162//162 158//158
f 158//158 162//162 163//163 159//159
f 71//71 161//161 165//165 85//85
f 160//160 164//164 165//165 161//161
f 84//84 98//98 166//166 162//162
f 162//162 166//166 167//167 163//163
f 85//85 165//165 169//169 99//99
f 164//164 168//168 169//169 165//165
f 99//99 169//169 170//170 100//100
f 100//100 170//170 171//171 101//101
f 101//101 171//171 172//172 102//102
f 102//102 172//172 173//173 103//103
f 103//103 173//173 174//174 104//104
f 104//104 174//174 175//175 105//105
f 105//105 175//175 176//176 106//106
f 106//106 176//176 177//177 107//107
f 107//107 177//177 178//178 108//108
f 108//108 178//178 179//179 109//109
f 109//109 179//179 180//180 110//110
f 110//110 180//180 181//181 111//111
f 98//98 112//112 182//182 166//166
f 111//111 181//181 182//182 112//112
f 166//166 182//182 183//183 167//167
f 168//168 184//184 185//185 169//169
f 169//169 185//185 186//186 170//170
f 170//170 186//186 187//187 171//171
f 171//171 187//187 188//188 172//172
f 172//172 188//188 189//189 173//173
f 173//173 189//189 190//190 174//174
f 174//174 190//190 191//191 175//175
f 175//175 191//191 192//192 176//176
f 176//176 192//192 193//193 177//177
f 177//177 193//193 194//194 178//178
f 178//178 194//194 195//195 179//179
f 179//179 195//195 196//196 180//180
f 180//180 196//196 197//197 181//181
f 181//181 197//197 198//198 182//182
f 113//113 114//114 200//200 199//199
f 114//114 115//115 201//201 200//200
f 115//115 116//116 202//202 201//201
f 116//116 117//117 203//203 202//202
f 117//117 118//118 204//204 203//203
f 118//118 119//119 205//205 204//204
f 119//119 120//120 206//206 205//205
f 120//120 121//121 207//207 206//206
f 121//121 122//122 208//208 207//207
f 122//122 123//123 209//209 208//208
f 123//123 124//124 210//210 209//209
f 124//124 125//125 211//211 210//210
f 125//125 126//126 212//212 211//211
f 126//126 127//127 213//213 212//212
f 113//113 199//199 214//214 128//128
f 127//127 142//142 215//215 213//213
f 142//142 143//143 216//216 215//215
f 128//128 214//214 217//217 144//144
f 143//143 147//147 218//218 216//216
f 144//144 217//217 219//219 148//148
f 147//147 151//151 220//220 218//218
f 148//148 219//219 221//221 152//152
f 151//151 155//155 222//222 220//220
f 152//152 221//221 223//223 156//156
f 155//155 159//159 224//224 222//222
f 156//156 223//223 225//225 160//160
f 159//159 163//163 226//226 224//224
f 160//160 225//225 227//227 164//164
f 163//163 167//167 228//228 226//226
f 164//164 227//227 229//229 168//168
f 167//167 183//183 231//231 228//228
f 182//182 230//230 231//231 183//183
f 168//168 229//229 232//232 184//184
f 184//184 232//232 233//233 185//185
f 185//185 233//233 234//234 186//186
f 186//186 234//234 235//235 187//187
f 187//187 235//235 236//236 188//188
f 188//188 236//236 237//237 189//189
f 189//189 237//237 238//238 190//190
f 190//190 238//238 239//239 191//191
f 191//191 239//239 240//240 192//192
f 192//192 240//240 241//241 193//193
f 193//193 241//241 242//242 194//194
f 194//194 242//242 243//243 195//195
f 195//195 243//243 244//244 196//196
f 196//196 244//244 245//245 197//197
f 182//182 198//198 246//246 230//230
f 197//197 245//245 246//246 198//198
f 230//230 246//246 247//247 231//231
f 199//199 200//200 249//249 248//248
f 200//200 201//201 250//250 249//249
f 201//201 202//202 251//251 250//250
f 202//202 203//203 252//252 251//251
f 203//203 204//204 253//253 252//252
f 204//204 205//205 254//254 253//253
f 205//205 206//206 255//255 254//254
f 206//206 207//207 256//256 255//255
f 207//207 208//208 257//257 256//256
f 208//208 209//209 258//258 257//257
f 209//209 210//210 259//259 258//258
f 210//210 211//211 260//260 259//259
f 211//211 212//212 261//261 260//260
f 212//212 213//213 262//262 261//261
f 199//199 248//248 263//263 214//214
f 213//213 215//215 264//264 262//262
f 215//215 216//216 265//265 264//264
f 214//214 263//263 266//266 217//217
f 216//216 218//218 267//267 265//265
f 217//217 266//266 268//268 219//219
f 218//218 220//220 269//269 267//267
f 219//219 268//268 270//270 221//221
f 220//220 222//222 271//271 269//269
f 221//221 270//270 272//272 223//223
f 222//222 224//224 273//273 271//271
f 223//223 272//272 274//274 225//225
f 224//224 226//226 275//275 273//273
f 225//225 274//274 276//276 227//227
f 226//226 228//228 277//277 275//275
f 227//227 276//276 278//278 229//229
f 228//228 231//231 279//279 277//277
f 229//229 278//278 280//280 232//232
f 232//232 280//280 281//281 233//233
f 233//233 281//281 282//282 234//234
f 234//234 282//282 283//283 235//235
f 235//235 283//283 284//284 236//236
f 236//236 284//284 285//285 237//237
f 237//237 285//285 286//286 238//238
f 238//238 286//286 287//287 239//239
f 239//239 287//287 288//288 240//240
f 240//240 288//288 289//289 241//241
f 241//241 289//289 290//290 242//242
f 242//242 290//290 291//291 243//243
f 243//243 291//291 292//292 244//244
f 244//244 292//292 293//293 245//245
f 245//245 293//293 294//294 246//246
f 231//231 247//247 295//295 279//279
f 246//246 294//294 295//295 247//247
f 292//292 296//296 297//297 293//293
f 293//293 297//297 298//298 294//294
f 248//248 249//249 300//300 299//299
f 249//249 250//250 301//301 300//300
f 250//250 251//251 302//302 301//301
f 251//251 252//252 303//303 302//302
f 252//252 253//253 304//304 303//303
f 253//253 254//254 305//305 304//304
f 254//254 255//255 306//306 305//305
f 255//255 256//256 307//307 306//306
f 256//256 257//257 308//308 307//307
f 257//257 258//258 309//309 308//308
f 258//258 259//259 310//310 309//309
f 259//259 260//260 311//311 310//310
f 260//260 261//261 312//312 311//311
f 261//261 262//262 313//313 312//312
f 248//248 299//299 315//315 263//263
f 262//262 264//264 316//316 313//313
f 264//264 265//265 317//317 316//316
f 313//313 316//316 317//317 314//314
f 263//263 315//315 318//318 266//266
f 265//265 267//267 319//319 317//317
f 266//266 318//318 320//320 268//268
f 267//267 269//269 321//321 319//319
f 268//268 320//320 322//322 270//270
f 269//269 271//271 323//323 321//321
f 270//270 322//322 324//324 272//272
f 271//271 273//273 325//325 323//323
f 272//272 324//324 326//326 274//274
f 273//273 275//275 327//327 325//325
f 274//274 326//326 329//329 276//276
f 275//275 277//277 330//330 327//327
f 327//327 330//330 331//331 328//328
f 276//276 329//329 332//332 278//278
f 277//277 279//279 333//333 330//330
f 330//330 333//333 334//334 331//331
f 278//278 332//332 335//335 280//280
f 280//280 335//335 336//336 281//281
f 281//281 336//336 337//337 282//282
f 282//282 337//337 338//338 283//283
f 283//283 338//338 339//339 284//284
f 284//284 339//339 340//340 285//285
f 285//285 340//340 341//341 286//286
f 286//286 341//341 342//342 287//287
f 287//287 342//342 343//343 288//288
f 288//288 343//343 344//344 289//289
f 289//289 344//344 345//345 290//290
f 290//290 345//345 346//346 291//291
f 291//291 346//346 347//347 292//292
f 279//279 295//295 349//349 333//333
f 294//294 348//348 349//349 295//295
f 333//333 349//349 350//350 334//334
f 344//344 351//351 352//352 345//345
f 345//345 352//352 353//353 346//346
f 292//292 347//347 354//354 296//296
f 346//346 353//353 354//354 347//347
f 296//296 354//354 355//355 297//297
f 294//294 298//298 356//356 348//348
f 297//297 355//355 356//356 298//298
f 348//348 356//356 357//357 349//349
f 299//299 300//300 359//359 358//358
f 300//300 301//301 360//360 359//359
f 301//301 302//302 361//361 360//360
f 302//302 303//303 362//362 361//361
f 303//303 304//304 363//363 362//362
f 304//304 305//305 364//364 363//363
f 305//305 306//306 365//365 364//364
f 306//306 307//307 366//366 365//365
f 307//307 308//308 367//367 366//366
f 308//308 309//309 368//368 367//367
f 309//309 310//310 369//369 368//368
f 310//310 311//311 370//370 369//369
f 311//311 312//312 371//371 370//370
f 312//312 313//313 372//372 371//371
f 313//313 314//314 373//373 372//372
f 299//299 358//358 374//374 315//315
f 314//314 317//317 375//375 373//373
f 315//315 374//374 376//376 318//318
f 317//317 319//319 377//377 375//375
f 318//318 376//376 378//378 320//320
f 319//319 321//321 379//379 377//377
f 320//320 378//378 380//380 322//322
f 321//321 323//323 381//381 379//379
f 322//322 380//380 383//383 324//324
f 323//323 325//325 384//384 381//381
f 381//381 384//384 385//385 382//382
f 324//324 383//383 386//386 326//326
f 325//325 327//327 387//387 384//384
f 327//327 328//328 388//388 387//387
f 384//384 387//387 388//388 385//385
f 326//326 386//386 389//389 329//329
f 328//328 331//331 390//390 388//388
f 329//329 389//389 391//391 332//332
f 331//331 334//334 392//392 390//390
f 332//332 391//391 394//394 335//335
f 335//335 394//394 395//395 336//336
f 336//336 395//395 396//396 337//337
f 337//337 396//396 397//397 338//338
f 338//338 397//397 398//398 339//339
f 339//339 398//398 399//399 340//340
f 340//340 399//399 400//400 341//341
f 341//341 400//400 401//401 342//342
f 342//342 401//401 402//402 343//343
f 343//343 402//402 403//403 344//344
f 334//334 350//350 405//405 392//392
f 349//349 404//404 405//405 350//350
f 392//392 405//405 406//406 393//393
f 344//344 403//403 408//408 351//351
f 402//402 407//407 408//408 403//403
f 351//351 408//408 409//409 352//352
f 352//352 409//409 410//410 353//353
f 353//353 410//410 411//411 354//354
f 354//354 411//411 412//412 355//355
f 355//355 412//412 413//413 356//356
f 349//349 357//357 414//414 404//404
f 356//356 413//413 414//414 357//357
f 404//404 414//414 415//415 405//405
f 410//410 416//416 417//417 411//411
f 411//411 417//417 418//418 412//412
f 412//412 418//418 419//419 413//413
f 413//413 419//419 420//420 414//414
f 414//414 420//420 421//421 415//415
f 358//358 359//359 423//423 422//422
f 359//359 360//360 424//424 423//423
f 360//360 361//361 425//425 424//424
f 361//361 362//362 426//426 425//425
f 362//362 363//363 427//427 426//426
f 363//363 364//364 428//428 427//427
f 364//364 365//365 429//429 428//428
f 365//365 366//366 430//430 429//429
f 366//366 367//367 431//431 430//430
f 367//367 368//368 432//432 431//431
f 368//368 369//369 433//433 432//432
f 369//369 370//370 434//434 433//433
f 370//370 371//371 435//435 434//434
f 371//371 372//372 436//436 435//435
f 372//372 373//373 437//437 436//436
f 358//358 422//422 438//438 374//374
f 373//373 375//375 439//439 437//437
f 374//374 438//438 440//440 376//376
f 375//375 377//377 441//441 439//439
f 376//376 440//440 442//442 378//378
f 377//377 379//379 443//443 441//441
f 378//378 442//442 445//445 380//380
f 379//379 381//381 446//446 443//443
f 381//381 382//382 447//447 446//446
f 443//443 446//446 447//447 444//444
f 380//380 445//445 448//448 383//383
f 382//382 385//385 449//449 447//447
f 383//383 448//448 450//450 386//386
f 385//385 388//388 451//451 449//449
f 386//386 450//450 453//453 389//389
f 388//388 390//390 454//454 451//451
f 451//451 454//454 455//455 452//452
f 389//389 453//453 456//456 391//391
f 390//390 392//392 457//457 454//454
f 392//392 393//393 458//458 457//457
f 454//454 457//457 458//458 455//455
f 391//391 456//456 459//459 394//394
f 394//394 459//459 460//460 395//395
f 395//395 460//460 461//461 396//396
f 396//396 461//461 462//462 397//397
f 397//397 462//462 463//463 398//398
f 398//398 463//463 464//464 399//399
f 399//399 464//464 465//465 400//400
f 400//400 465//465 466//466 401//401
f 401//401 466//466 467//467 402//402
f 393//393 406//406 469//469 458//458
f 405//405 468//468 469//469 406//406
f 402//402 467//467 471//471 407//407
f 466//466 470//470 471//471 467//467
f 407//407 471//471 472//472 408//408
f 408//408 472//472 473//473 409//409
f 409//409 473//473 474//474 410//410
f 405//405 415//415 475//475 468//468
f 468//468 475//475 476//476 469//469
f 472//472 477//477 478//478 473//473
f 410//410 474//474 479//479 416//416
f 473//473 478//478 479//479 474//474
f 416//416 479//479 480//480 417//417
f 417//417 480//480 481//481 418//418
f 418//418 481//481 482//482 419//419
f 419//419 482//482 483//483 420//420
f 415//415 421//421 484//484 475//475
f 420//420 483//483 484//484 421//421
f 475//475 484//484 485//485 476//476
f 479//479 486//486 487//487 480//480
f 480//480 487//487 488//488 481//481
f 481//481 488//488 489//489 482//482
f 482//482 489//489 490//490 483//483
f 483//483 490//490 491//491 484//484
f 484//484 491//491 492//492 485//485
f 488//488 493//493 494//494 489//489
f 489//489 494//494 495//495 490//490
f 422//422 423//423 497//497 496//496
f 423//423 424//424 498//498 497//497
f 424//424 425//425 499//499 498//498
f 425//425 426//426 500//500 499//499
f 426//426 427//427 501//501 500//500
f 427//427 428//428 502//502 501//501
f 428//428 429//429 503//503 502//502
f 429//429 430//430 504//504 503//503
f 430//430 431//431 505//505 504//504
f 431//431 432//432 506//506 505//505
f 432//432 433//433 507//507 506//506
f 433//433 434//434 508//508 507//507
f 434//434 435//435 509//509 508//508
f 435//435 436//436 510//510 509//509
f 436//436 437//437 511//511 510//510
f 422//422 496//496 512//512 438//438
f 437//437 439//439 513//513 511//511
f 438//438 512//512 514//514 440//440
f 439//439 441//441 515//515 513//513
f 440//440 514//514 517//517 442//442
f 441//441 443//443 518//518 515//515
f 443//443 444//444 519//519 518//518
f 515//515 518//518 519//519 516//516
f 442//442 517//517 520//520 445//445
f 444//444 447//447 521//521 519//519
f 445//445 520//520 523//523 448//448
f 447//447 449//449 524//524 521//521
f 521//521 524//524 525//525 522//522
f 448//448 523//523 526//526 450//450
f 449//449 451//451 527//527 524//524
f 451//451 452//452 528//528 527//527
f 524//524 527//527 528//528 525//525
f 450//450 526//526 530//530 453//453
f 452//452 455//455 531//531 528//528
f 528//528 531//531 532//532 529//529
f 453//453 530//530 533//533 456//456
f 455//455 458//458 534//534 531//531
f 531//531 534//534 535//535 532//532
f 456//456 533//533 536//536 459//459
f 459//459 536//536 537//537 460//460
f 460//460 537//537 538//538 461//461
f 461//461 538//538 539//539 462//462
f 462//462 539//539 540//540 463//463
f 463//463 540//540 541//541 464//464
f 464//464 541//541 542//542 465//465
f 465//465 542//542 543//543 466//466
f 458//458 469//469 544//544 534//534
f 534//534 544//544 545//545 535//535
f 466//466 543//543 548//548 470//470
f 542//542 547//547 548//548 543//543
f 470//470 548//548 549//549 471//471
f 471//471 549//549 550//550 472//472
f 469//469 476//476 551//551 544//544
f 544//544 551//551 552//552 545//545
f 545//545 552//552 553//553 546//546
f 472//472 550//550 555//555 477//477
f 549//549 554//554 555//555 550//550
f 477//477 555//555 556//556 478//478
f 478//478 556//556 557//557 479//479
f 476//476 485//485 558//558 551//551
f 551//551 558//558 559//559 552//552
f 555//555 560//560 561//561 556//556
f 479//479 557//557 562//562 486//486
f 556//556 561//561 562//562 557//557
f 486//486 562//562 563//563 487//487
f 487//487 563//563 564//564 488//488
f 490//490 565//565 566//566 491//491
f 485//485 492//492 567//567 558//558
f 491//491 566//566 567//567 492//492
f 558//558 567//567 568//568 559//559
f 561//561 569//569 570//570 562//562
f 562//562 570//570 571//571 563//563
f 488//488 564//564 572//572 493//493
f 563//563 571//571 572//572 564//564
f 493//493 572//572 573//573 494//494
f 490//490 495//495 574//574 565//565
f 494//494 573//573 574//574 495//495
f 565//565 574//574 575//575 566//566
f 566//566 575//575 576//576 567//567
f 567//567 576//576 577//577 568//568
f 571//571 578//578 579//579 572//572
f 572//572 579//579 580//580 573//573
f 573//573 580//580 581//581 574//574
f 574//574 581//581 582//582 575//575
f 496//496 497//497 584//584 583//583
f 497//497 498//498 585//585 584//584
f 498//498 499//499 586//586 585//585
f 499//499 500//500 587//587 586//586
f 500//500 501//501 588//588 587//587
f 501//501 502//502 589//589 588//588
f 502//502 503//503 590//590 589//589
f 503//503 504//504 591//591 590//590
f 504//504 505//505 592//592 591//591
f 505//505 506//506 593//593 592//592
f 506//506 507//507 594//594 593//593
f 507//507 508//508 595//595 594//594
f 508//508 509//509 596//596 595//595
f 509//509 510//510 597//597 596//596
f 510//510 511//511 598//598 597//597
f 496//496 583//583 599//599 512//512
f 511//511 513//513 600//600 598//598
f 512//512 599//599 602//602 514//514
f 513//513 515//515 603//603 600//600
f 515//515 516//516 604//604 603//603
f 600//600 603//603 604//604 601//601
f 514//514 602//602 605//605 517//517
f 516//516 519//519 606//606 604//604
f 517//517 605//605 608//608 520//520
f 519//519 521//521 609//609 606//606
f 521//521 522//522 610//610 609//609
f 606//606 609//609 610//610 607//607
f 520//520 608//608 611//611 523//523
f 522//522 525//525 612//612 610//610
f 523//523 611//611 614//614 526//526
f 525//525 528//528 615//615 612//612
f 528//528 529//529 616//616 615//615
f 612//612 615//615 616//616 613//613
f 526//526 614//614 618//618 530//530
f 529//529 532//532 619//619 616//616
f 616//616 619//619 620//620 617//617
f 530//530 618//618 621//621 533//533
f 532//532 535//535 622//622 619//619
f 619//619 622//622 623//623 620//620
f 533//533 621//621 624//624 536//536
f 536//536 624//624 625//625 537//537
f 537//537 625//625 626//626 538//538
f 538//538 626//626 627//627 539//539
f 539//539 627//627 628//628 540//540
f 540//540 628//628 629//629 541//541
f 541//541 629//629 630//630 542//542
f 535//535 545//545 631//631 622//622
f 545//545 546//546 632//632 631//631
f 622//622 631//631 632//632 623//623
f 542//542 630//630 635//635 547//547
f 629//629 634//634 635//635 630//630
f 547//547 635//635 636//636 548//548
f 548//548 636//636 637//637 549//549
f 546//546 553//553 639//639 632//632
f 552//552 638//638 639//639 553//553
f 632//632 639//639 640//640 633//633
f 549//549 637//637 642//642 554//554
f 636//636 641//641 642//642 637//637
f 554//554 642//642 643//643 555//555
f 552//552 559//559 644//644 638//638
f 638//638 644//644 645//645 639//639
f 639//639 645//645 646//646 640//640
f 555//555 643//643 648//648 560//560
f 642//642 647//647 648//648 643//643
f 560//560 648//648 649//649 561//561
f 559//559 568//568 650//650 644//644
f 644//644 650//650 651//651 645//645
f 561//561 649//649 653//653 569//569
f 648//648 652//652 653//653 649//649
f 569//569 653//653 654//654 570//570
f 570//570 654//654 655//655 571//571
f 575//575 656//656 657//657 576//576
f 568//568 577//577 658//658 650//650
f 576//576 657//657 658//658 577//577
f 650//650 658//658 659//659 651//651
f 653//653 660//660 661//661 654//654
f 571//571 655//655 662//662 578//578
f 654//654 661//661 662//662 655//655
f 578//578 662//662 663//663 579//579
f 579//579 663//663 664//664 580//580
f 580//580 664//664 665//665 581//581
f 575//575 582//582 666//666 656//656
f 581//581 665//665 666//666 582//582
f 656//656 666//666 667//667 657//657
f 657//657 667//667 668//668 658//658
f 661//661 669//669 670//670 662//662
f 662//662 670//670 671//671 663//663
f 663//663 671//671 672//672 664//664
f 664//664 672//672 673//673 665//665
f 665//665 673//673 674//674 666//666
f 666//666 674//674 675//675 667//667
f 583//583 584//584 677//677 676//676
f 584//584 585//585 678//678 677//677
f 585//585 586//586 679//679 678//678
f 586//586 587//587 680//680 679//679
f 587//587 588//588 681//681 680//680
f 588//588 589//589 682//682 681//681
f 589//589 590//590 683//683 682//682
f 590//590 591//591 684//684 683//683
f 591//591 592//592 685//685 684//684
f 592//592 593//593 686//686 685//685
f 593//593 594//594 687//687 686//686
f 594//594 595//595 688//688 687//687
f 595//595 596//596 689//689 688//688
f 596//596 597//597 690//690 689//689
f 597//597 598//598 691//691 690//690
f 583//583 676//676 692//692 599//599
f 598//598 600//600 693//693 691//691
f 600//600 601//601 694//694 693//693
f 599//599 692//692 695//695 602//602
f 601//601 604//604 696//696 694//694
f 602//602 695//695 697//697 605//605
f 604//604 606//606 698//698 696//696
f 606//606 607//607 699//699 698//698
f 605//605 697//697 700//700 608//608
f 607//607 610//610 701//701 699//699
f 608//608 700//700 703//703 611//611
f 610//610 612//612 704//704 701//701
f 612//612 613//613 705//705 704//704
f 701//701 704//704 705//705 702//702
f 611//611 703//703 707//707 614//614
f 613//613 616//616 708//708 705//705
f 616//616 617//617 709//709 708//708
f 705//705 708//708 709//709 706//706
f 614//614 707//707 710//710 618//618
f 617//617 620//620 711//711 709//709
f 618//618 710//710 713//713 621//621
f 620//620 623//623 714//714 711//711
f 711//711 714//714 715//715 712//712
f 621//621 713//713 716//716 624//624
f 624//624 716//716 717//717 625//625
f 625//625 717//717 718//718 626//626
f 626//626 718//718 719//719 627//627
f 627//627 719//719 720//720 628//628
f 628//628 720//720 721//721 629//629
f 623//623 632//632 722//722 714//714
f 632//632 633//633 723//723 722//722
f 714//714 722//722 723//723 715//715
f 629//629 721//721 725//725 634//634
f 720//720 724//724 725//725 721//721
f 634//634 725//725 726//726 635//635
f 635//635 726//726 727//727 636//636
f 633//633 640//640 728//728 723//723
f 636//636 727//727 730//730 641//641
f 726//726 729//729 730//730 727//727
f 641//641 730//730 731//731 642//642
f 640//640 646//646 733//733 728//728
f 645//645 732//732 733//733 646//646
f 642//642 731//731 735//735 647//647
f 730//730 734//734 735//735 731//731
f 647//647 735//735 736//736 648//648
f 645//645 651//651 737//737 732//732
f 732//732 737//737 738//738 733//733
f 648//648 736//736 740//740 652//652
f 735//735 739//739 740//740 736//736
f 652//652 740//740 741//741 653//653
f 651//651 659//659 743//743 737//737
f 658//658 742//742 743//743 659//659
f 737//737 743//743 744//744 738//738
f 653//653 741//741 746//746 660//660
f 740//740 745//745 746//746 741//741
f 660//660 746//746 747//747 661//661
f 658//658 668//668 749//749 742//742
f 667//667 748//748 749//749 668//668
f 742//742 749//749 750//750 743//743
f 661//661 747//747 752//752 669//669
f 746//746 751//751 752//752 747//747
f 669//669 752//752 753//753 670//670
f 670//670 753//753 754//754 671//671
f 671//671 754//754 755//755 672//672
f 672//672 755//755 756//756 673//673
f 673//673 756//756 757//757 674//674
f 667//667 675//675 758//758 748//748
f 674//674 757//757 758//758 675//675
f 748//748 758//758 759//759 749//749
f 749//749 759//759 760//760 750//750
f 752//752 761//761 762//762 753//753
f 753//753 762//762 763//763 754//754
f 754//754 763//763 764//764 755//755
f 755//755 764//764 765//765 756//756
f 756//756 765//765 766//766 757//757
f 757//757 766//766 767//767 758//758
f 676//676 677//677 772//772 771//771
f 677//677 678//678 773//773 772//772
f 678//678 679//679 774//774 773//773
f 679//679 680//680 775//775 774//774
f 680//680 681//681 776//776 775//775
f 681//681 682//682 777//777 776//776
f 682//682 683//683 778//778 777//777
f 683//683 684//684 779//779 778//778
f 684//684 685//685 780//780 779//779
f 685//685 686//686 781//781 780//780
f 686//686 687//687 782//782 781//781
f 687//687 688//688 783//783 782//782
f 688//688 689//689 784//784 783//783
f 768//768 783//783 784//784 769//769
f 689//689 690//690 785//785 784//784
f 769//769 784//784 785//785 770//770
f 690//690 691//691 786//786 785//785
f 676//676 771//771 788//788 692//692
f 691//691 693//693 789//789 786//786
f 693//693 694//694 790//790 789//789
f 786//786 789//789 790//790 787//787
f 692//692 788//788 791//791 695//695
f 694//694 696//696 792//792 790//790
f 695//695 791//791 794//794 697//697
f 696//696 698//698 795//795 792//792
f 698//698 699//699 796//796 795//795
f 792//792 795//795 796//796 793//793
f 697//697 794//794 798//798 700//700
f 699//699 701//701 799//799 796//796
f 701//701 702//702 800//800 799//799
f 796//796 799//799 800//800 797//797
f 700//700 798//798 802//802 703//703
f 702//702 705//705 803//803 800//800
f 705//705 706//706 804//804 803//803
f 800//800 803//803 804//804 801//801
f 703//703 802//802 805//805 707//707
f 706//706 709//709 806//806 804//804
f 707//707 805//805 808//808 710//710
f 709//709 711//711 809//809 806//806
f 711//711 712//712 810//810 809//809
f 806//806 809//809 810//810 807//807
f 710//710 808//808 812//812 713//713
f 712//712 715//715 813//813 810//810
f 810//810 813//813 814//814 811//811
f 713//713 812//812 815//815 716//716
f 716//716 815//815 816//816 717//717
f 717//717 816//816 817//817 718//718
f 718//718 817//817 818//818 719//719
f 719//719 818//818 819//819 720//720
f 715//715 723//723 820//820 813//813
f 813//813 820//820 821//821 814//814
f 720//720 819//819 822//822 724//724
f 724//724 822//822 823//823 725//725
f 725//725 823//823 824//824 726//726
f 723//723 728//728 825//825 820//820
f 820//820 825//825 826//826 821//821
f 726//726 824//824 827//827 729//729
f 729//729 827//827 828//828 730//730
f 728//728 733//733 829//829 825//825
f 825//825 829//829 830//830 826//826
f 730//730 828//828 831//831 734//734
f 734//734 831//831 832//832 735//735
f 733//733 738//738 833//833 829//829
f 829//829 833//833 834//834 830//830
f 735//735 832//832 836//836 739//739
f 831//831 835//835 836//836 832//832
f 739//739 836//836 837//837 740//740
f 738//738 744//744 839//839 833//833
f 743//743 838//838 839//839 744//744
f 833//833 839//839 840//840 834//834
f 740//740 837//837 842//842 745//745
f 836//836 841//841 842//842 837//837
f 745//745 842//842 843//843 746//746
f 743//743 750//750 844//844 838//838
f 838//838 844//844 845//845 839//839
f 746//746 843//843 847//847 751//751
f 842//842 846//846 847//847 843//843
f 751//751 847//847 848//848 752//752
f 758//758 849//849 850//850 759//759
f 750//750 760//760 851//851 844//844
f 759//759 850//850 851//851 760//760
f 844//844 851//851 852//852 845//845
f 752//752 848//848 854//854 761//761
f 847//847 853//853 854//854 848//848
f 761//761 854//854 855//855 762//762
f 762//762 855//855 856//856 763//763
f 763//763 856//856 857//857 764//764
f 764//764 857//857 858//858 765//765
f 765//765 858//858 859//859 766//766
f 758//758 767//767 860//860 849//849
f 766//766 859//859 860//860 767//767
f 849//849 860//860 861//861 850//850
f 850//850 861//861 862//862 851//851
f 855//855 863//863 864//864 856//856
f 856//856 864//864 865//865 857//857
f 857//857 865//865 866//866 858//858
f 858//858 866//866 867//867 859//859
f 859//859 867//867 868//868 860//860
f 768//768 769//769 871//871 870//870
f 769//769 770//770 872//872 871//871
f 771//771 772//772 874//874 873//873
f 772//772 773//773 875//875 874//874
f 773//773 774//774 876//876 875//875
f 774//774 775//775 877//877 876//876
f 775//775 776//776 878//878 877//877
f 776//776 777//777 879//879 878//878
f 777//777 778//778 880//880 879//879
f 778//778 779//779 881//881 880//880
f 779//779 780//780 882//882 881//881
f 780//780 781//781 883//883 882//882
f 781//781 782//782 884//884 883//883
f 768//768 870//870 885//885 783//783
f 782//782 783//783 885//885 884//884
f 869//869 884//884 885//885 870//870
f 770//770 785//785 886//886 872//872
f 785//785 786//786 887//887 886//886
f 786//786 787//787 888//888 887//887
f 771//771 873//873 889//889 788//788
f 787//787 790//790 890//890 888//888
f 788//788 889//889 891//891 791//791
f 790//790 792//792 892//892 890//890
f 792//792 793//793 893//893 892//892
f 791//791 891//891 894//894 794//794
f 793//793 796//796 895//895 893//893
f 796//796 797//797 896//896 895//895
f 794//794 894//894 897//897 798//798
f 797//797 800//800 898//898 896//896
f 800//800 801//801 899//899 898//898
f 798//798 897//897 900//900 802//802
f 801//801 804//804 901//901 899//899
f 802//802 900//900 903//903 805//805
f 804//804 806//806 904//904 901//901
f 806//806 807//807 905//905 904//904
f 901//901 904//904 905//905 902//902
f 805//805 903//903 907//907 808//808
f 807//807 810//810 908//908 905//905
f 810//810 811//811 909//909 908//908
f 905//905 908//908 909//909 906//906
f 808//808 907//907 910//910 812//812
f 811//811 814//814 911//911 909//909
f 812//812 910//910 912//912 815//815
f 815//815 912//912 913//913 816//816
f 816//816 913//913 914//914 817//817
f 817//817 914//914 915//915 818//818
f 818//818 915//915 916//916 819//819
f 814//814 821//821 917//917 911//911
f 819//819 916//916 918//918 822//822
f 822//822 918//918 919//919 823//823
f 823//823 919//919 920//920 824//824
f 821//821 826//826 921//921 917//917
f 824//824 920//920 924//924 827//827
f 919//919 923//923 924//924 920//920
f 827//827 924//924 925//925 828//828
f 826//826 830//830 926//926 921//921
f 921//921 926//926 927//927 922//922
f 828//828 925//925 929//929 831//831
f 924//924 928//928 929//929 925//925
f 830//830 834//834 930//930 926//926
f 831//831 929//929 931//931 835//835
f 835//835 931//931 932//932 836//836
f 834//834 840//840 934//934 930//930
f 839//839 933//933 934//934 840//840
f 836//836 932//932 935//935 841//841
f 841//841 935//935 936//936 842//842
f 839//839 845//845 937//937 933//933
f 933//933 937//937 938//938 934//934
f 842//842 936//936 940//940 846//846
f 935//935 939//939 940//940 936//936
f 846//846 940//940 941//941 847//847
f 845//845 852//852 943//943 937//937
f 851//851 942//942 943//943 852//852
f 847//847 941//941 945//945 853//853
f 940//940 944//944 945//945 941//941
f 853//853 945//945 946//946 854//854
f 854//854 946//946 947//947 855//855
f 860//860 948//948 949//949 861//861
f 851//851 862//862 950//950 942//942
f 861//861 949//949 950//950 862//862
f 855//855 947//947 952//952 863//863
f 946//946 951//951 952//952 947//947
f 863//863 952//952 953//953 864//864
f 864//864 953//953 954//954 865//865
f 865//865 954//954 955//955 866//866
f 866//866 955//955 956//956 867//867
f 860//860 868//868 957//957 948//948
f 867//867 956//956 957//957 868//868
f 948//948 957//957 958//958 949//949
f 869//869 870//870 961//961 960//960
f 870//870 871//871 962//962 961//961
f 871//871 872//872 963//963 962//962
f 873//873 874//874 966//966 965//965
f 874//874 875//875 967//967 966//966
f 875//875 876//876 968//968 967//967
f 876//876 877//877 969//969 968//968
f 877//877 878//878 970//970 969//969
f 878//878 879//879 971//971 970//970
f 879//879 880//880 972//972 971//971
f 880//880 881//881 973//973 972//972
f 881//881 882//882 974//974 973//973
f 882//882 883//883 975//975 974//974
f 869//869 960//960 976//976 884//884
f 883//883 884//884 976//976 975//975
f 959//959 975//975 976//976 960//960
f 872//872 886//886 977//977 963//963
f 886//886 887//887 978//978 977//977
f 963//963 977//977 978//978 964//964
f 887//887 888//888 979//979 978//978
f 873//873 965//965 980//980 889//889
f 888//888 890//890 981//981 979//979
f 889//889 980//980 983//983 891//891
f 890//890 892//892 984//984 981//981
f 892//892 893//893 985//985 984//984
f 981//981 984//984 985//985 982//982
f 891//891 983//983 987//987 894//894
f 893//893 895//895 988//988 985//985
f 895//895 896//896 989//989 988//988
f 985//985 988//988 989//989 986//986
f 894//894 987//987 991//991 897//897
f 896//896 898//898 992//992 989//989
f 898//898 899//899 993//993 992//992
f 989//989 992//992 993//993 990//990
f 897//897 991//991 994//994 900//900
f 899//899 901//901 995//995 993//993
f 901//901 902//902 996//996 995//995
f 900//900 994//994 997//997 903//903
f 902//902 905//905 998//998 996//996
f 905//905 906//906 999//999 998//998
f 903//903 997//997 1000//1000 907//907
f 906//906 909//909 1001//1001 999//999
f 907//907 1000//1000 1002//1002 910//910
f 909//909 911//911 1003//1003 1001//1001
f 910//910 1002//1002 1005//1005 912//912
f 912//912 1005//1005 1006//1006 913//913
f 913//913 1006//1006 1007//1007 914//914
f 914//914 1007//1007 1008//1008 915//915
f 915//915 1008//1008 1009//1009 916//916
f 911//911 917//917 1010//1010 1003//1003
f 1003//1003 1010//1010 1011//1011 1004//1004
f 916//916 1009//1009 1013//1013 918//918
f 1008//1008 1012//1012 1013//1013 1009//1009
f 918//918 1013//1013 1014//1014 919//919
f 917//917 921//921 1015//1015 1010//1010
f 921//921 922//922 1016//1016 1015//1015
f 1010//1010 1015//1015 1016//1016 1011//1011
f 919//919 1014//1014 1017//1017 923//923
f 923//923 1017//1017 1018//1018 924//924
f 922//922 927//927 1020//1020 1016//1016
f 926//926 1019//1019 1020//1020 927//927
f 924//924 1018//1018 1021//1021 928//928
f 928//928 1021//1021 1022//1022 929//929
f 926//926 930//930 1023//1023 1019//1019
f 1019//1019 1023//1023 1024//1024 1020//1020
f 929//929 1022//1022 1025//1025 931//931
f 931//931 1025//1025 1026//1026 932//932
f 930//930 934//934 1027//1027 1023//1023
f 1023//1023 1027//1027 1028//1028 1024//1024
f 932//932 1026//1026 1030//1030 935//935
f 1025//1025 1029//1029 1030//1030 1026//1026
f 934//934 938//938 1032//1032 1027//1027
f 937//937 1031//1031 1032//1032 938//938
f 935//935 1030//1030 1033//1033 939//939
f 939//939 1033//1033 1034//1034 940//940
f 937//937 943//943 1036//1036 1031//1031
f 942//942 1035//1035 1036//1036 943//943
f 1031//1031 1036//1036 1037//1037 1032//1032
f 940//940 1034//1034 1038//1038 944//944
f 944//944 1038//1038 1039//1039 945//945
f 945//945 1039//1039 1040//1040 946//946
f 942//942 950//950 1042//1042 1035//1035
f 949//949 1041//1041 1042//1042 950//950
f 1035//1035 1042//1042 1043//1043 1036//1036
f 946//946 1040//1040 1045//1045 951//951
f 1039//1039 1044//1044 1045//1045 1040//1040
f 951//951 1045//1045 1046//1046 952//952
f 952//952 1046//1046 1047//1047 953//953
f 953//953 1047//1047 1048//1048 954//954
f 954//954 1048//1048 1049//1049 955//955
f 955//955 1049//1049 1050//1050 956//956
f 956//956 1050//1050 1051//1051 957//957
f 949//949 958//958 1052//1052 1041//1041
f 957//957 1051//1051 1052//1052 958//958
f 1041//1041 1052//1052 1053//1053 1042//1042
f 1046//1046 1054//1054 1055//1055 1047//1047
f 1047//1047 1055//1055 1056//1056 1048//1048
f 1048//1048 1056//1056 1057//1057 1049//1049
f 1049//1049 1057//1057 1058//1058 1050//1050
f 959//959 960//960 1060//1060 1059//1059
f 960//960 961//961 1061//1061 1060//1060
f 961//961 962//962 1062//1062 1061//1061
f 962//962 963//963 1063//1063 1062//1062
f 963//963 964//964 1064//1064 1063//1063
f 965//965 966//966 1066//1066 1065//1065
f 966//966 967//967 1067//1067 1066//1066
f 967//967 968//968 1068//1068 1067//1067
f 968//968 969//969 1069//1069 1068//1068
f 969//969 970//970 1070//1070 1069//1069
f 970//970 971//971 1071//1071 1070//1070
f 971//971 972//972 1072//1072 1071//1071
f 972//972 973//973 1073//1073 1072//1072
f 973//973 974//974 1074//1074 1073//1073
f 959//959 1059//1059 1075//1075 975//975
f 974//974 975//975 1075//1075 1074//1074
f 964//964 978//978 1076//1076 1064//1064
f 978//978 979//979 1077//1077 1076//1076
f 965//965 1065//1065 1078//1078 980//980
f 979//979 981//981 1079//1079 1077//1077
f 981//981 982//982 1080//1080 1079//1079
f 980//980 1078//1078 1081//1081 983//983
f 982//982 985//985 1082//1082 1080//1080
f 985//985 986//986 1083//1083 1082//1082
f 983//983 1081//1081 1084//1084 987//987
f 986//986 989//989 1085//1085 1083//1083
f 989//989 990//990 1086//1086 1085//1085
f 987//987 1084//1084 1087//1087 991//991
f 990//990 993//993 1088//1088 1086//1086
f 991//991 1087//1087 1090//1090 994//994
f 993//993 995//995 1091//1091 1088//1088
f 995//995 996//996 1092//1092 1091//1091
f 1088//1088 1091//1091 1092//1092 1089//1089
f 994//994 1090//1090 1093//1093 997//997
f 996//996 998//998 1094//1094 1092//1092
f 998//998 999//999 1095//1095 1094//1094
f 997//997 1093//1093 1096//1096 1000//1000
f 999//999 1001//1001 1097//1097 1095//1095
f 1000//1000 1096//1096 1098//1098 1002//1002
f 1001//1001 1003//1003 1099//1099 1097//1097
f 1003//1003 1004//1004 1100//1100 1099//1099
f 1002//1002 1098//1098 1101//1101 1005//1005
f 1005//1005 1101//1101 1102//1102 1006//1006
f 1006//1006 1102//1102 1103//1103 1007//1007
f 1007//1007 1103//1103 1104//1104 1008//1008
f 1004//1004 1011//1011 1105//1105 1100//1100
f 1008//1008 1104//1104 1106//1106 1012//1012
f 1012//1012 1106//1106 1107//1107 1013//1013
f 1013//1013 1107//1107 1108//1108 1014//1014
f 1011//1011 1016//1016 1109//1109 1105//1105
f 1014//1014 1108//1108 1110//1110 1017//1017
f 1017//1017 1110//1110 1111//1111 1018//1018
f 1016//1016 1020//1020 1112//1112 1109//1109
f 1018//1018 1111//1111 1113//1113 1021//1021
f 1021//1021 1113//1113 1114//1114 1022//1022
f 1020//1020 1024//1024 1115//1115 1112//1112
f 1022//1022 1114//1114 1117//1117 1025//1025
f 1113//1113 1116//1116 1117//1117 1114//1114
f 1024//1024 1028//1028 1119//1119 1115//1115
f 1027//1027 1118//1118 1119//1119 1028//1028
f 1025//1025 1117//1117 1120//1120 1029//1029
f 1029//1029 1120//1120 1121//1121 1030//1030
f 1027//1027 1032//1032 1122//1122 1118//1118
f 1030//1030 1121//1121 1123//1123 1033//1033
f 1033//1033 1123//1123 1124//1124 1034//1034
f 1032//1032 1037//1037 1126//1126 1122//1122
f 1036//1036 1125//1125 1126//1126 1037//1037
f 1034//1034 1124//1124 1127//1127 1038//1038
f 1038//1038 1127//1127 1128//1128 1039//1039
f 1036//1036 1043//1043 1130//1130 1125//1125
f 1042//1042 1129//1129 1130//1130 1043//1043
f 1039//1039 1128//1128 1131//1131 1044//1044
f 1044//1044 1131//1131 1132//1132 1045//1045
f 1045//1045 1132//1132 1133//1133 1046//1046
f 1050//1050 1134//1134 1135//1135 1051//1051
f 1051//1051 1135//1135 1136//1136 1052//1052
f 1042//1042 1053//1053 1137//1137 1129//1129
f 1052//1052 1136//1136 1137//1137 1053//1053
f 1046//1046 1133//1133 1138//1138 1054//1054
f 1054//1054 1138//1138 1139//1139 1055//1055
f 1055//1055 1139//1139 1140//1140 1056//1056
f 1056//1056 1140//1140 1141//1141 1057//1057
f 1050//1050 1058//1058 1142//1142 1134//1134
f 1057//1057 1141//1141 1142//1142 1058//1058
f 1134//1134 1142//1142 1143//1143 1135//1135
f 1059//1059 1060//1060 1145//1145 1144//1144
f 1060//1060 1061//1061 1146//1146 1145//1145
f 1061//1061 1062//1062 1147//1147 1146//1146
f 1062//1062 1063//1063 1148//1148 1147//1147
f 1063//1063 1064//1064 1149//1149 1148//1148
f 1065//1065 1066//1066 1151//1151 1150//1150
f 1066//1066 1067//1067 1152//1152 1151//1151
f 1067//1067 1068//1068 1153//1153 1152//1152
f 1068//1068 1069//1069 1154//1154 1153//1153
f 1069//1069 1070//1070 1155//1155 1154//1154
f 1070//1070 1071//1071 1156//1156 1155//1155
f 1071//1071 1072//1072 1157//1157 1156//1156
f 1072//1072 1073//1073 1158//1158 1157//1157
f 1073//1073 1074//1074 1159//1159 1158//1158
f 1059//1059 1144//1144 1160//1160 1075//1075
f 1074//1074 1075//1075 1160//1160 1159//1159
f 1064//1064 1076//1076 1161//1161 1149//1149
f 1076//1076 1077//1077 1162//1162 1161//1161
f 1065//1065 1150//1150 1163//1163 1078//1078
f 1077//1077 1079//1079 1164//1164 1162//1162
f 1079//1079 1080//1080 1165//1165 1164//1164
f 1078//1078 1163//1163 1166//1166 1081//1081
f 1080//1080 1082//1082 1167//1167 1165//1165
f 1082//1082 1083//1083 1168//1168 1167//1167
f 1081//1081 1166//1166 1169//1169 1084//1084
f 1083//1083 1085//1085 1170//1170 1168//1168
f 1085//1085 1086//1086 1171//1171 1170//1170
f 1084//1084 1169//1169 1172//1172 1087//1087
f 1086//1086 1088//1088 1173//1173 1171//1171
f 1088//1088 1089//1089 1174//1174 1173//1173
f 1087//1087 1172//1172 1175//1175 1090//1090
f 1089//1089 1092//1092 1176//1176 1174//1174
f 1090//1090 1175//1175 1177//1177 1093//1093
f 1092//1092 1094//1094 1178//1178 1176//1176
f 1094//1094 1095//1095 1179//1179 1178//1178
f 1093//1093 1177//1177 1180//1180 1096//1096
f 1095//1095 1097//1097 1181//1181 1179//1179
f 1096//1096 1180//1180 1183//1183 1098//1098
f 1097//1097 1099//1099 1184//1184 1181//1181
f 1099//1099 1100//1100 1185//1185 1184//1184
f 1181//1181 1184//1184 1185//1185 1182//1182
f 1098//1098 1183//1183 1186//1186 1101//1101
f 1101//1101 1186//1186 1187//1187 1102//1102
f 1102//1102 1187//1187 1188//1188 1103//1103
f 1103//1103 1188//1188 1189//1189 1104//1104
f 1100//1100 1105//1105 1190//1190 1185//1185
f 1104//1104 1189//1189 1191//1191 1106//1106
f 1106//1106 1191//1191 1192//1192 1107//1107
f 1107//1107 1192//1192 1193//1193 1108//1108
f 1105//1105 1109//1109 1194//1194 1190//1190
f 1108//1108 1193//1193 1195//1195 1110//1110
f 1110//1110 1195//1195 1196//1196 1111//1111
f 1109//1109 1112//1112 1197//1197 1194//1194
f 1111//1111 1196//1196 1198//1198 1113//1113
f 1112//1112 1115//1115 1199//1199 1197//1197
f 1113//1113 1198//1198 1200//1200 1116//1116
f 1116//1116 1200//1200 1201//1201 1117//1117
f 1115//1115 1119//1119 1203//1203 1199//1199
f 1118//1118 1202//1202 1203//1203 1119//1119
f 1117//1117 1201//1201 1204//1204 1120//1120
f 1120//1120 1204//1204 1205//1205 1121//1121
f 1118//1118 1122//1122 1206//1206 1202//1202
f 1121//1121 1205//1205 1207//1207 1123//1123
f 1123//1123 1207//1207 1208//1208 1124//1124
f 1122//1122 1126//1126 1210//1210 1206//1206
f 1125//1125 1209//1209 1210//1210 1126//1126
f 1124//1124 1208//1208 1211//1211 1127//1127
f 1127//1127 1211//1211 1212//1212 1128//1128
f 1125//1125 1130//1130 1214//1214 1209//1209
f 1129//1129 1213//1213 1214//1214 1130//1130
f 1128//1128 1212//1212 1215//1215 1131//1131
f 1131//1131 1215//1215 1216//1216 1132//1132
f 1132//1132 1216//1216 1217//1217 1133//1133
f 1135//1135 1218//1218 1219//1219 1136//1136
f 1129//1129 1137//1137 1220//1220 1213//1213
f 1136//1136 1219//1219 1220//1220 1137//1137
f 1133//1133 1217//1217 1221//1221 1138//1138
f 1138//1138 1221//1221 1222//1222 1139//1139
f 1139//1139 1222//1222 1223//1223 1140//1140
f 1140//1140 1223//1223 1224//1224 1141//1141
f 1141//1141 1224//1224 1225//1225 1142//1142
f 1135//1135 1143//1143 1226//1226 1218//1218
f 1142//1142 1225//1225 1226//1226 1143//1143
f 1144//1144 1145//1145 1228//1228 1227//1227
f 1145//1145 1146//1146 1229//1229 1228//1228
f 1146//1146 1147//1147 1230//1230 1229//1229
f 1147//1147 1148//1148 1231//1231 1230//1230
f 1148//1148 1149//1149 1232//1232 1231//1231
f 1150//1150 1151//1151 1234//1234 1233//1233
f 1151//1151 1152//1152 1235//1235 1234//1234
f 1152//1152 1153//1153 1236//1236 1235//1235
f 1153//1153 1154//1154 1237//1237 1236//1236
f 1154//1154 1155//1155 1238//1238 1237//1237
f 1155//1155 1156//1156 1239//1239 1238//1238
f 1156//1156 1157//1157 1240//1240 1239//1239
f 1157//1157 1158//1158 1241//1241 1240//1240
f 1158//1158 1159//1159 1242//1242 1241//1241
f 1144//1144 1227//1227 1243//1243 1160//1160
f 1159//1159 1160//1160 1243//1243 1242//1242
f 1227//1227 1228//1228 1244//1244 1243//1243
f 1228//1228 1229//1229 1245//1245 1244//1244
f 1229//1229 1230//1230 1246//1246 1245//1245
f 1230//1230 1231//1231 1247//1247 1246//1246
f 1149//1149 1161//1161 1248//1248 1232//1232
f 1231//1231 1232//1232 1248//1248 1247//1247
f 1161//1161 1162//1162 1249//1249 1248//1248
f 1150//1150 1233//1233 1250//1250 1163//1163
f 1233//1233 1234//1234 1251//1251 1250//1250
f 1234//1234 1235//1235 1252//1252 1251//1251
f 1235//1235 1236//1236 1253//1253 1252//1252
f 1236//1236 1237//1237 1254//1254 1253//1253
f 1237//1237 1238//1238 1255//1255 1254//1254
f 1238//1238 1239//1239 1256//1256 1255//1255
f 1239//1239 1240//1240 1257//1257 1256//1256
f 1240//1240 1241//1241 1258//1258 1257//1257
f 1162//1162 1164//1164 1260//1260 1249//1249
f 1248//1248 1249//1249 1260//1260 1259//1259
f 1164//1164 1165//1165 1261//1261 1260//1260
f 1163//1163 1250//1250 1262//1262 1166//1166
f 1250//1250 1251//1251 1263//1263 1262//1262
f 1251//1251 1252//1252 1264//1264 1263//1263
f 1252//1252 1253//1253 1265//1265 1264//1264
f 1253//1253 1254//1254 1266//1266 1265//1265
f 1254//1254 1255//1255 1267//1267 1266//1266
f 1255//1255 1256//1256 1268//1268 1267//1267
f 1165//1165 1167//1167 1270//1270 1261//1261
f 1260//1260 1261//1261 1270//1270 1269//1269
f 1167//1167 1168//1168 1271//1271 1270//1270
f 1166//1166 1262//1262 1272//1272 1169//1169
f 1262//1262 1263//1263 1273//1273 1272//1272
f 1263//1263 1264//1264 1274//1274 1273//1273
f 1264//1264 1265//1265 1275//1275 1274//1274
f 1265//1265 1266//1266 1276//1276 1275//1275
f 1266//1266 1267//1267 1277//1277 1276//1276
f 1168//1168 1170//1170 1278//1278 1271//1271
f 1170//1170 1171//1171 1279//1279 1278//1278
f 1169//1169 1272//1272 1280//1280 1172//1172
f 1272//1272 1273//1273 1281//1281 1280//1280
f 1273//1273 1274//1274 1282//1282 1281//1281
f 1274//1274 1275//1275 1283//1283 1282//1282
f 1275//1275 1276//1276 1284//1284 1283//1283
f 1171//1171 1173//1173 1285//1285 1279//1279
f 1173//1173 1174//1174 1286//1286 1285//1285
f 1172//1172 1280//1280 1287//1287 1175//1175
f 1280//1280 1281//1281 1288//1288 1287//1287
f 1281//1281 1282//1282 1289//1289 1288//1288
f 1282//1282 1283//1283 1290//1290 1289//1289
f 1283//1283 1284//1284 1291//1291 1290//1290
f 1174//1174 1176//1176 1292//1292 1286//1286
f 1175//1175 1287//1287 1293//1293 1177//1177
f 1287//1287 1288//1288 1294//1294 1293//1293
f 1288//1288 1289//1289 1295//1295 1294//1294
f 1289//1289 1290//1290 1296//1296 1295//1295
f 1176//1176 1178//1178 1297//1297 1292//1292
f 1178//1178 1179//1179 1298//1298 1297//1297
f 1177//1177 1293//1293 1299//1299 1180//1180
f 1293//1293 1294//1294 1300//1300 1299//1299
f 1294//1294 1295//1295 1301//1301 1300//1300
f 1295//1295 1296//1296 1302//1302 1301//1301
f 1179//1179 1181//1181 1303//1303 1298//1298
f 1181//1181 1182//1182 1304//1304 1303//1303
f 1180//1180 1299//1299 1305//1305 1183//1183
f 1299//1299 1300//1300 1306//1306 1305//1305
f 1300//1300 1301//1301 1307//1307 1306//1306
f 1182//1182 1185//1185 1310//1310 1304//1304
f 1303//1303 1304//1304 1310//1310 1309//1309
f 1183//1183 1305//1305 1311//1311 1186//1186
f 1186//1186 1311//1311 1312//1312 1187//1187
f 1305//1305 1306//1306 1312//1312 1311//1311
f 1187//1187 1312//1312 1313//1313 1188//1188
f 1306//1306 1307//1307 1313//1313 1312//1312
f 1188//1188 1313//1313 1314//1314 1189//1189
f 1307//1307 1308//1308 1314//1314 1313//1313
f 1185//1185 1190//1190 1316//1316 1310//1310
f 1189//1189 1314//1314 1317//1317 1191//1191
f 1191//1191 1317//1317 1318//1318 1192//1192
f 1314//1314 1315//1315 1318//1318 1317//1317
f 1192//1192 1318//1318 1319//1319 1193//1193
f 1190//1190 1194//1194 1320//1320 1316//1316
f 1193//1193 1319//1319 1321//1321 1195//1195
f 1195//1195 1321//1321 1322//1322 1196//1196
f 1194//1194 1197//1197 1323//1323 1320//1320
f 1196//1196 1322//1322 1324//1324 1198//1198
f 1197//1197 1199//1199 1326//1326 1323//1323
f 1198//1198 1324//1324 1327//1327 1200//1200
f 1200//1200 1327//1327 1328//1328 1201//1201
f 1324//1324 1325//1325 1328//1328 1327//1327
f 1199//1199 1203//1203 1330//1330 1326//1326
f 1202//1202 1329//1329 1330//1330 1203//1203
f 1201//1201 1328//1328 1331//1331 1204//1204
f 1204//1204 1331//1331 1332//1332 1205//1205
f 1202//1202 1206//1206 1333//1333 1329//1329
f 1205//1205 1332//1332 1334//1334 1207//1207
f 1207//1207 1334//1334 1335//1335 1208//1208
f 1206//1206 1210//1210 1337//1337 1333//1333
f 1209//1209 1336//1336 1337//1337 1210//1210
f 1208//1208 1335//1335 1338//1338 1211//1211
f 1211//1211 1338//1338 1339//1339 1212//1212
f 1209//1209 1214//1214 1341//1341 1336//1336
f 1213//1213 1340//1340 1341//1341 1214//1214
f 1212//1212 1339//1339 1342//1342 1215//1215
f 1215//1215 1342//1342 1343//1343 1216//1216
f 1216//1216 1343//1343 1344//1344 1217//1217
f 1218//1218 1345//1345 1346//1346 1219//1219
f 1213//1213 1220//1220 1347//1347 1340//1340
f 1219//1219 1346//1346 1347//1347 1220//1220
f 1217//1217 1344//1344 1348//1348 1221//1221
f 1221//1221 1348//1348 1349//1349 1222//1222
f 1222//1222 1349//1349 1350//1350 1223//1223
f 1223//1223 1350//1350 1351//1351 1224//1224
f 1224//1224 1351//1351 1352//1352 1225//1225
f 1218//1218 1226//1226 1353//1353 1345//1345
f 1225//1225 1352//1352 1353//1353 1226//1226
f 1241//1241 1242//1242 1355//1355 1354//1354
f 1242//1242 1243//1243 1356//1356 1355//1355
f 1243//1243 1244//1244 1357//1357 1356//1356
f 1244//1244 1245//1245 1358//1358 1357//1357
f 1245//1245 1246//1246 1359//1359 1358//1358
f 1246//1246 1247//1247 1360//1360 1359//1359
f 1247//1247 1248//1248 1361//1361 1360//1360
f 1256//1256 1257//1257 1363//1363 1362//1362
f 1241//1241 1354//1354 1364//1364 1258//1258
f 1257//1257 1258//1258 1364//1364 1363//1363
f 1354//1354 1355//1355 1365//1365 1364//1364
f 1355//1355 1356//1356 1366//1366 1365//1365
f 1356//1356 1357//1357 1367//1367 1366//1366
f 1357//1357 1358//1358 1368//1368 1367//1367
f 1358//1358 1359//1359 1369//1369 1368//1368
f 1359//1359 1360//1360 1370//1370 1369//1369
f 1248//1248 1259//1259 1371//1371 1361//1361
f 1360//1360 1361//1361 1371//1371 1370//1370
f 1259//1259 1260//1260 1372//1372 1371//1371
f 1256//1256 1362//1362 1374//1374 1268//1268
f 1267//1267 1268//1268 1374//1374 1373//1373
f 1362//1362 1363//1363 1375//1375 1374//1374
f 1363//1363 1364//1364 1376//1376 1375//1375
f 1364//1364 1365//1365 1377//1377 1376//1376
f 1365//1365 1366//1366 1378//1378 1377//1377
f 1260//1260 1269//1269 1379//1379 1372//1372
f 1269//1269 1270//1270 1380//1380 1379//1379
f 1270//1270 1271//1271 1381//1381 1380//1380
f 1267//1267 1373//1373 1383//1383 1277//1277
f 1276//1276 1277//1277 1383//1383 1382//1382
f 1373//1373 1374//1374 1384//1384 1383//1383
f 1374//1374 1375//1375 1385//1385 1384//1384
f 1375//1375 1376//1376 1386//1386 1385//1385
f 1271//1271 1278//1278 1388//1388 1381//1381
f 1380//1380 1381//1381 1388//1388 1387//1387
f 1278//1278 1279//1279 1389//1389 1388//1388
f 1276//1276 1382//1382 1390//1390 1284//1284
f 1382//1382 1383//1383 1391//1391 1390//1390
f 1383//1383 1384//1384 1392//1392 1391//1391
f 1384//1384 1385//1385 1393//1393 1392//1392
f 1279//1279 1285//1285 1395//1395 1389//1389
f 1388//1388 1389//1389 1395//1395 1394//1394
f 1285//1285 1286//1286 1396//1396 1395//1395
f 1284//1284 1390//1390 1398//1398 1291//1291
f 1290//1290 1291//1291 1398//1398 1397//1397
f 1390//1390 1391//1391 1399//1399 1398//1398
f 1391//1391 1392//1392 1400//1400 1399//1399
f 1286//1286 1292//1292 1402//1402 1396//1396
f 1395//1395 1396//1396 1402//1402 1401//1401
f 1290//1290 1397//1397 1403//1403 1296//1296
f 1397//1397 1398//1398 1404//1404 1403//1403
f 1398//1398 1399//1399 1405//1405 1404//1404
f 1399//1399 1400//1400 1406//1406 1405//1405
f 1292//1292 1297//1297 1407//1407 1402//1402
f 1297//1297 1298//1298 1408//1408 1407//1407
f 1296//1296 1403//1403 1410//1410 1302//1302
f 1301//1301 1302//1302 1410//1410 1409//1409
f 1403//1403 1404//1404 1411//1411 1410//1410
f 1404//1404 1405//1405 1412//1412 1411//1411
f 1298//1298 1303//1303 1413//1413 1408//1408
f 1301//1301 1409//1409 1414//1414 1307//1307
f 1307//1307 1414//1414 1415//1415 1308//1308
f 1409//1409 1410//1410 1415//1415 1414//1414
f 1410//1410 1411//1411 1416//1416 1415//1415
f 1411//1411 1412//1412 1417//1417 1416//1416
f 1303//1303 1309//1309 1418//1418 1413//1413
f 1309//1309 1310//1310 1419//1419 1418//1418
f 1308//1308 1415//1415 1420//1420 1314//1314
f 1314//1314 1420//1420 1421//1421 1315//1315
f 1415//1415 1416//1416 1421//1421 1420//1420
f 1416//1416 1417//1417 1422//1422 1421//1421
f 1310//1310 1316//1316 1423//1423 1419//1419
f 1315//1315 1421//1421 1424//1424 1318//1318
f 1318//1318 1424//1424 1425//1425 1319//1319
f 1421//1421 1422//1422 1425//1425 1424//1424
f 1316//1316 1320//1320 1427//1427 1423//1423
f 1319//1319 1425//1425 1428//1428 1321//1321
f 1321//1321 1428//1428 1429//1429 1322//1322
f 1425//1425 1426//1426 1429//1429 1428//1428
f 1320//1320 1323//1323 1430//1430 1427//1427
f 1322//1322 1429//1429 1431//1431 1324//1324
f 1324//1324 1431//1431 1432//1432 1325//1325
f 1323//1323 1326//1326 1434//1434 1430//1430
f 1325//1325 1432//1432 1435//1435 1328//1328
f 1326//1326 1330//1330 1438//1438 1434//1434
f 1329//1329 1437//1437 1438//1438 1330//1330
f 1433//1433 1434//1434 1438//1438 1437//1437
f 1328//1328 1435//1435 1439//1439 1331//1331
f 1331//1331 1439//1439 1440//1440 1332//1332
f 1435//1435 1436//1436 1440//1440 1439//1439
f 1329//1329 1333//1333 1442//1442 1437//1437
f 1332//1332 1440//1440 1443//1443 1334//1334
f 1334//1334 1443//1443 1444//1444 1335//1335
f 1333//1333 1337//1337 1446//1446 1442//1442
f 1336//1336 1445//1445 1446//1446 1337//1337
f 1441//1441 1442//1442 1446//1446 1445//1445
f 1335//1335 1444//1444 1447//1447 1338//1338
f 1338//1338 1447//1447 1448//1448 1339//1339
f 1336//1336 1341//1341 1451//1451 1445//1445
f 1340//1340 1450//1450 1451//1451 1341//1341
f 1339//1339 1448//1448 1452//1452 1342//1342
f 1342//1342 1452//1452 1453//1453 1343//1343
f 1343//1343 1453//1453 1454//1454 1344//1344
f 1345//1345 1457//1457 1458//1458 1346//1346
f 1340//1340 1347//1347 1459//1459 1450//1450
f 1346//1346 1458//1458 1459//1459 1347//1347
f 1449//1449 1450//1450 1459//1459 1458//1458
f 1344//1344 1454//1454 1460//1460 1348//1348
f 1348//1348 1460//1460 1461//1461 1349//1349
f 1454//1454 1455//1455 1461//1461 1460//1460
f 1349//1349 1461//1461 1462//1462 1350//1350
f 1350//1350 1462//1462 1463//1463 1351//1351
f 1351//1351 1463//1463 1464//1464 1352//1352
f 1345//1345 1353//1353 1465//1465 1457//1457
f 1352//1352 1464//1464 1465//1465 1353//1353
f 1456//1456 1457//1457 1465//1465 1464//1464
f 1366//1366 1367//1367 1467//1467 1466//1466
f 1367//1367 1368//1368 1468//1468 1467//1467
f 1368//1368 1369//1369 1469//1469 1468//1468
f 1369//1369 1370//1370 1470//1470 1469//1469
f 1370//1370 1371//1371 1471//1471 1470//1470
f 1371//1371 1372//1372 1472//1472 1471//1471
f 1376//1376 1377//1377 1474//1474 1473//1473
f 1366//1366 1466//1466 1475//1475 1378//1378
f 1377//1377 1378//1378 1475//1475 1474//1474
f 1466//1466 1467//1467 1476//1476 1475//1475
f 1467//1467 1468//1468 1477//1477 1476//1476
f 1468//1468 1469//1469 1478//1478 1477//1477
f 1469//1469 1470//1470 1479//1479 1478//1478
f 1470//1470 1471//1471 1480//1480 1479//1479
f 1372//1372 1379//1379 1481//1481 1472//1472
f 1471//1471 1472//1472 1481//1481 1480//1480
f 1379//1379 1380//1380 1482//1482 1481//1481
f 1376//1376 1473//1473 1484//1484 1386//1386
f 1385//1385 1386//1386 1484//1484 1483//1483
f 1473//1473 1474//1474 1485//1485 1484//1484
f 1474//1474 1475//1475 1486//1486 1485//1485
f 1475//1475 1476//1476 1487//1487 1486//1486
f 1380//1380 1387//1387 1489//1489 1482//1482
f 1481//1481 1482//1482 1489//1489 1488//1488
f 1387//1387 1388//1388 1490//1490 1489//1489
f 1385//1385 1483//1483 1492//1492 1393//1393
f 1392//1392 1393//1393 1492//1492 1491//1491
f 1483//1483 1484//1484 1493//1493 1492//1492
f 1484//1484 1485//1485 1494//1494 1493//1493
f 1388//1388 1394//1394 1496//1496 1490//1490
f 1489//1489 1490//1490 1496//1496 1495//1495
f 1394//1394 1395//1395 1497//1497 1496//1496
f 1392//1392 1491//1491 1498//1498 1400//1400
f 1491//1491 1492//1492 1499//1499 1498//1498
f 1492//1492 1493//1493 1500//1500 1499//1499
f 1395//1395 1401//1401 1501//1501 1497//1497
f 1401//1401 1402//1402 1502//1502 1501//1501
f 1400//1400 1498//1498 1504//1504 1406//1406
f 1405//1405 1406//1406 1504//1504 1503//1503
f 1498//1498 1499//1499 1505//1505 1504//1504
f 1402//1402 1407//1407 1506//1506 1502//1502
f 1407//1407 1408//1408 1507//1507 1506//1506
f 1405//1405 1503//1503 1508//1508 1412//1412
f 1503//1503 1504//1504 1509//1509 1508//1508
f 1504//1504 1505//1505 1510//1510 1509//1509
f 1408//1408 1413//1413 1512//1512 1507//1507
f 1506//1506 1507//1507 1512//1512 1511//1511
f 1412//1412 1508//1508 1513//1513 1417//1417
f 1508//1508 1509//1509 1514//1514 1513//1513
f 1413//1413 1418//1418 1515//1515 1512//1512
f 1418//1418 1419//1419 1516//1516 1515//1515
f 1417//1417 1513//1513 1517//1517 1422//1422
f 1513//1513 1514//1514 1518//1518 1517//1517
f 1419//1419 1423//1423 1520//1520 1516//1516
f 1515//1515 1516//1516 1520//1520 1519//1519
f 1422//1422 1517//1517 1521//1521 1425//1425
f 1425//1425 1521//1521 1522//1522 1426//1426
f 1517//1517 1518//1518 1522//1522 1521//1521
f 1423//1423 1427//1427 1525//1525 1520//1520
f 1519//1519 1520//1520 1525//1525 1524//1524
f 1426//1426 1522//1522 1526//1526 1429//1429
f 1522//1522 1523//1523 1527//1527 1526//1526
f 1427//1427 1430//1430 1529//1529 1525//1525
f 1524//1524 1525//1525 1529//1529 1528//1528
f 1429//1429 1526//1526 1530//1530 1431//1431
f 1431//1431 1530//1530 1531//1531 1432//1432
f 1526//1526 1527//1527 1531//1531 1530//1530
f 1430//1430 1434//1434 1533//1533 1529//1529
f 1433//1433 1532//1532 1533//1533 1434//1434
f 1528//1528 1529//1529 1533//1533 1532//1532
f 1432//1432 1531//1531 1534//1534 1435//1435
f 1435//1435 1534//1534 1535//1535 1436//1436
f 1433//1433 1437//1437 1536//1536 1532//1532
f 1436//1436 1535//1535 1537//1537 1440//1440
f 1437//1437 1442//1442 1540//1540 1536//1536
f 1441//1441 1539//1539 1540//1540 1442//1442
f 1440//1440 1537//1537 1541//1541 1443//1443
f 1443//1443 1541//1541 1542//1542 1444//1444
f 1537//1537 1538//1538 1542//1542 1541//1541
f 1441//1441 1445//1445 1545//1545 1539//1539
f 1444//1444 1542//1542 1546//1546 1447//1447
f 1447//1447 1546//1546 1547//1547 1448//1448
f 1542//1542 1543//1543 1547//1547 1546//1546
f 1449//1449 1549//1549 1550//1550 1450//1450
f 1445//1445 1451//1451 1551//1551 1545//1545
f 1450//1450 1550//1550 1551//1551 1451//1451
f 1544//1544 1545//1545 1551//1551 1550//1550
f 1448//1448 1547//1547 1552//1552 1452//1452
f 1452//1452 1552//1552 1553//1553 1453//1453
f 1547//1547 1548//1548 1553//1553 1552//1552
f 1453//1453 1553//1553 1554//1554 1454//1454
f 1454//1454 1554//1554 1555//1555 1455//1455
f 1456//1456 1558//1558 1559//1559 1457//1457
f 1449//1449 1458//1458 1560//1560 1549//1549
f 1457//1457 1559//1559 1560//1560 1458//1458
f 1455//1455 1555//1555 1561//1561 1461//1461
f 1461//1461 1561//1561 1562//1562 1462//1462
f 1555//1555 1556//1556 1562//1562 1561//1561
f 1462//1462 1562//1562 1563//1563 1463//1463
f 1556//1556 1557//1557 1563//1563 1562//1562
f 1456//1456 1464//1464 1564//1564 1558//1558
f 1463//1463 1563//1563 1564//1564 1464//1464
f 1557//1557 1558//1558 1564//1564 1563//1563
f 1476//1476 1477//1477 1566//1566 1565//1565
f 1477//1477 1478//1478 1567//1567 1566//1566
f 1478//1478 1479//1479 1568//1568 1567//1567
f 1479//1479 1480//1480 1569//1569 1568//1568
f 1480//1480 1481//1481 1570//1570 1569//1569
f 1485//1485 1486//1486 1572//1572 1571//1571
f 1476//1476 1565//1565 1573//1573 1487//1487
f 1486//1486 1487//1487 1573//1573 1572//1572
f 1565//1565 1566//1566 1574//1574 1573//1573
f 1566//1566 1567//1567 1575//1575 1574//1574
f 1567//1567 1568//1568 1576//1576 1575//1575
f 1568//1568 1569//1569 1577//1577 1576//1576
f 1481//1481 1488//1488 1578//1578 1570//1570
f 1569//1569 1570//1570 1578//1578 1577//1577
f 1488//1488 1489//1489 1579//1579 1578//1578
f 1485//1485 1571//1571 1581//1581 1494//1494
f 1493//1493 1494//1494 1581//1581 1580//1580
f 1571//1571 1572//1572 1582//1582 1581//1581
f 1572//1572 1573//1573 1583//1583 1582//1582
f 1573//1573 1574//1574 1584//1584 1583//1583
f 1489//1489 1495//1495 1586//1586 1579//1579
f 1578//1578 1579//1579 1586//1586 1585//1585
f 1495//1495 1496//1496 1587//1587 1586//1586
f 1496//1496 1497//1497 1588//1588 1587//1587
f 1493//1493 1580//1580 1590//1590 1500//1500
f 1499//1499 1500//1500 1590//1590 1589//1589
f 1580//1580 1581//1581 1591//1591 1590//1590
f 1581//1581 1582//1582 1592//1592 1591//1591
f 1497//1497 1501//1501 1594//1594 1588//1588
f 1587//1587 1588//1588 1594//1594 1593//1593
f 1501//1501 1502//1502 1595//1595 1594//1594
f 1499//1499 1589//1589 1596//1596 1505//1505
f 1589//1589 1590//1590 1597//1597 1596//1596
f 1590//1590 1591//1591 1598//1598 1597//1597
f 1502//1502 1506//1506 1600//1600 1595//1595
f 1594//1594 1595//1595 1600//1600 1599//1599
f 1505//1505 1596//1596 1602//1602 1510//1510
f 1509//1509 1510//1510 1602//1602 1601//1601
f 1596//1596 1597//1597 1603//1603 1602//1602
f 1506//1506 1511//1511 1604//1604 1600//1600
f 1511//1511 1512//1512 1605//1605 1604//1604
f 1509//1509 1601//1601 1606//1606 1514//1514
f 1601//1601 1602//1602 1607//1607 1606//1606
f 1602//1602 1603//1603 1608//1608 1607//1607
f 1512//1512 1515//1515 1610//1610 1605//1605
f 1604//1604 1605//1605 1610//1610 1609//1609
f 1514//1514 1606//1606 1611//1611 1518//1518
f 1606//1606 1607//1607 1612//1612 1611//1611
f 1515//1515 1519//1519 1613//1613 1610//1610
f 1518//1518 1611//1611 1614//1614 1522//1522
f 1522//1522 1614//1614 1615//1615 1523//1523
f 1611//1611 1612//1612 1615//1615 1614//1614
f 1519//1519 1524//1524 1616//1616 1613//1613
f 1523//1523 1615//1615 1617//1617 1527//1527
f 1524//1524 1528//1528 1619//1619 1616//1616
f 1527//1527 1617//1617 1620//1620 1531//1531
f 1617//1617 1618//1618 1621//1621 1620//1620
f 1528//1528 1532//1532 1623//1623 1619//1619
f 1531//1531 1620//1620 1624//1624 1534//1534
f 1534//1534 1624//1624 1625//1625 1535//1535
f 1620//1620 1621//1621 1625//1625 1624//1624
f 1532//1532 1536//1536 1628//1628 1623//1623
f 1622//1622 1623//1623 1628//1628 1627//1627
f 1535//1535 1625//1625 1629//1629 1537//1537
f 1537//1537 1629//1629 1630//1630 1538//1538
f 1625//1625 1626//1626 1630//1630 1629//1629
f 1536//1536 1540//1540 1633//1633 1628//1628
f 1539//1539 1632//1632 1633//1633 1540//1540
f 1627//1627 1628//1628 1633//1633 1632//1632
f 1538//1538 1630//1630 1634//1634 1542//1542
f 1542//1542 1634//1634 1635//1635 1543//1543
f 1539//1539 1545//1545 1638//1638 1632//1632
f 1544//1544 1637//1637 1638//1638 1545//1545
f 1631//1631 1632//1632 1638//1638 1637//1637
f 1543//1543 1635//1635 1639//1639 1547//1547
f 1547//1547 1639//1639 1640//1640 1548//1548
f 1544//1544 1550//1550 1645//1645 1637//1637
f 1549//1549 1644//1644 1645//1645 1550//1550
f 1636//1636 1637//1637 1645//1645 1644//1644
f 1548//1548 1640//1640 1646//1646 1553//1553
f 1553//1553 1646//1646 1647//1647 1554//1554
f 1640//1640 1641//1641 1647//1647 1646//1646
f 1554//1554 1647//1647 1648//1648 1555//1555
f 1555//1555 1648//1648 1649//1649 1556//1556
f 1556//1556 1649//1649 1650//1650 1557//1557
f 1557//1557 1650//1650 1651//1651 1558//1558
f 1558//1558 1651//1651 1652//1652 1559//1559
f 1642//1642 1643//1643 1652//1652 1651//1651
f 1549//1549 1560//1560 1653//1653 1644//1644
f 1559//1559 1652//1652 1653//1653 1560//1560
f 1643//1643 1644//1644 1653//1653 1652//1652
f 1574//1574 1575//1575 1655//1655 1654//1654
f 1575//1575 1576//1576 1656//1656 1655//1655
f 1576//1576 1577//1577 1657//1657 1656//1656
f 1577//1577 1578//1578 1658//1658 1657//1657
f 1582//1582 1583//1583 1660//1660 1659//1659
f 1574//1574 1654//1654 1661//1661 1584//1584
f 1583//1583 1584//1584 1661//1661 1660//1660
f 1654//1654 1655//1655 1662//1662 1661//1661
f 1655//1655 1656//1656 1663//1663 1662//1662
f 1656//1656 1657//1657 1664//1664 1663//1663
f 1578//1578 1585//1585 1665//1665 1658//1658
f 1657//1657 1658//1658 1665//1665 1664//1664
f 1585//1585 1586//1586 1666//1666 1665//1665
f 1586//1586 1587//1587 1667//1667 1666//1666
f 1582//1582 1659//1659 1669//1669 1592//1592
f 1591//1591 1592//1592 1669//1669 1668//1668
f 1659//1659 1660//1660 1670//1670 1669//1669
f 1660//1660 1661//1661 1671//1671 1670//1670
f 1665//1665 1666//1666 1673//1673 1672//1672
f 1587//1587 1593//1593 1674//1674 1667//1667
f 1666//1666 1667//1667 1674//1674 1673//1673
f 1593//1593 1594//1594 1675//1675 1674//1674
f 1591//1591 1668//1668 1677//1677 1598//1598
f 1597//1597 1598//1598 1677//1677 1676//1676
f 1668//1668 1669//1669 1678//1678 1677//1677
f 1594//1594 1599//1599 1680//1680 1675//1675
f 1674//1674 1675//1675 1680//1680 1679//1679
f 1599//1599 1600//1600 1681//1681 1680//1680
f 1597//1597 1676//1676 1682//1682 1603//1603
f 1676//1676 1677//1677 1683//1683 1682//1682
f 1600//1600 1604//1604 1685//1685 1681//1681
f 1680//1680 1681//1681 1685//1685 1684//1684
f 1603//1603 1682//1682 1687//1687 1608//1608
f 1607//1607 1608//1608 1687//1687 1686//1686
f 1682//1682 1683//1683 1688//1688 1687//1687
f 1604//1604 1609//1609 1690//1690 1685//1685
f 1684//1684 1685//1685 1690//1690 1689//1689
f 1609//1609 1610//1610 1691//1691 1690//1690
f 1607//1607 1686//1686 1692//1692 1612//1612
f 1686//1686 1687//1687 1693//1693 1692//1692
f 1610//1610 1613//1613 1695//1695 1691//1691
f 1690//1690 1691//1691 1695//1695 1694//1694
f 1612//1612 1692//1692 1696//1696 1615//1615
f 1692//1692 1693//1693 1697//1697 1696//1696
f 1613//1613 1616//1616 1699//1699 1695//1695
f 1694//1694 1695//1695 1699//1699 1698//1698
f 1615//1615 1696//1696 1700//1700 1617//1617
f 1617//1617 1700//1700 1701//1701 1618//1618
f 1696//1696 1697//1697 1701//1701 1700//1700
f 1616//1616 1619//1619 1704//1704 1699//1699
f 1698//1698 1699//1699 1704//1704 1703//1703
f 1618//1618 1701//1701 1705//1705 1621//1621
f 1701//1701 1702//1702 1706//1706 1705//1705
f 1619//1619 1623//1623 1708//1708 1704//1704
f 1622//1622 1707//1707 1708//1708 1623//1623
f 1703//1703 1704//1704 1708//1708 1707//1707
f 1621//1621 1705//1705 1709//1709 1625//1625
f 1625//1625 1709//1709 1710//1710 1626//1626
f 1705//1705 1706//1706 1710//1710 1709//1709
f 1622//1622 1627//1627 1713//1713 1707//1707
f 1626//1626 1710//1710 1714//1714 1630//1630
f 1710//1710 1711//1711 1715//1715 1714//1714
f 1627//1627 1632//1632 1718//1718 1713//1713
f 1631//1631 1717//1717 1718//1718 1632//1632
f 1712//1712 1713//1713 1718//1718 1717//1717
f 1630//1630 1714//1714 1719//1719 1634//1634
f 1634//1634 1719//1719 1720//1720 1635//1635
f 1714//1714 1715//1715 1720//1720 1719//1719
f 1631//1631 1637//1637 1725//1725 1717//1717
f 1636//1636 1724//1724 1725//1725 1637//1637
f 1716//1716 1717//1717 1725//1725 1724//1724
f 1635//1635 1720//1720 1726//1726 1639//1639
f 1639//1639 1726//1726 1727//1727 1640//1640
f 1720//1720 1721//1721 1727//1727 1726//1726
f 1640//1640 1727//1727 1728//1728 1641//1641
f 1721//1721 1722//1722 1728//1728 1727//1727
f 1642//1642 1732//1732 1733//1733 1643//1643
f 1636//1636 1644//1644 1734//1734 1724//1724
f 1643//1643 1733//1733 1734//1734 1644//1644
f 1723//1723 1724//1724 1734//1734 1733//1733
f 1641//1641 1728//1728 1735//1735 1647//1647
f 1647//1647 1735//1735 1736//1736 1648//1648
f 1728//1728 1729//1729 1736//1736 1735//1735
f 1648//1648 1736//1736 1737//1737 1649//1649
f 1729//1729 1730//1730 1737//1737 1736//1736
f 1649//1649 1737//1737 1738//1738 1650//1650
f 1730//1730 1731//1731 1738//1738 1737//1737
f 1642//1642 1651//1651 1739//1739 1732//1732
f 1650//1650 1738//1738 1739//1739 1651//1651
f 1731//1731 1732//1732 1739//1739 1738//1738
f 1661//1661 1662//1662 1741//1741 1740//1740
f 1662//1662 1663//1663 1742//1742 1741//1741
f 1663//1663 1664//1664 1743//1743 1742//1742
f 1664//1664 1665//1665 1744//1744 1743//1743
f 1669//1669 1670//1670 1746//1746 1745//1745
f 1661//1661 1740//1740 1747//1747 1671//1671
f 1670//1670 1671//1671 1747//1747 1746//1746
f 1740//1740 1741//1741 1748//1748 1747//1747
f 1741//1741 1742//1742 1749//1749 1748//1748
f 1742//1742 1743//1743 1750//1750 1749//1749
f 1665//1665 1672//1672 1751//1751 1744//1744
f 1743//1743 1744//1744 1751//1751 1750//1750
f 1672//1672 1673//1673 1752//1752 1751//1751
f 1673//1673 1674//1674 1753//1753 1752//1752
f 1669//1669 1745//1745 1755//1755 1678//1678
f 1677//1677 1678//1678 1755//1755 1754//1754
f 1745//1745 1746//1746 1756//1756 1755//1755
f 1746//1746 1747//1747 1757//1757 1756//1756
f 1747//1747 1748//1748 1758//1758 1757//1757
f 1748//1748 1749//1749 1759//1759 1758//1758
f 1750//1750 1751//1751 1761//1761 1760//1760
f 1751//1751 1752//1752 1762//1762 1761//1761
f 1674//1674 1679//1679 1763//1763 1753//1753
f 1752//1752 1753//1753 1763//1763 1762//1762
f 1679//1679 1680//1680 1764//1764 1763//1763
f 1677//1677 1754//1754 1765//1765 1683//1683
f 1754//1754 1755//1755 1766//1766 1765//1765
f 1755//1755 1756//1756 1767//1767 1766//1766
f 1762//1762 1763//1763 1769//1769 1768//1768
f 1680//1680 1684//1684 1770//1770 1764//1764
f 1763//1763 1764//1764 1770//1770 1769//1769
f 1683//1683 1765//1765 1772//1772 1688//1688
f 1687//1687 1688//1688 1772//1772 1771//1771
f 1765//1765 1766//1766 1773//1773 1772//1772
f 1684//1684 1689//1689 1775//1775 1770//1770
f 1769//1769 1770//1770 1775//1775 1774//1774
f 1689//1689 1690//1690 1776//1776 1775//1775
f 1687//1687 1771//1771 1777//1777 1693//1693
f 1771//1771 1772//1772 1778//1778 1777//1777
f 1772//1772 1773//1773 1779//1779 1778//1778
f 1690//1690 1694//1694 1781//1781 1776//1776
f 1775//1775 1776//1776 1781//1781 1780//1780
f 1693//1693 1777//1777 1782//1782 1697//1697
f 1777//1777 1778//1778 1783//1783 1782//1782
f 1778//1778 1779//1779 1784//1784 1783//1783
f 1694//1694 1698//1698 1786//1786 1781//1781
f 1780//1780 1781//1781 1786//1786 1785//1785
f 1697//1697 1782//1782 1787//1787 1701//1701
f 1701//1701 1787//1787 1788//1788 1702//1702
f 1782//1782 1783//1783 1788//1788 1787//1787
f 1783//1783 1784//1784 1789//1789 1788//1788
f 1698//1698 1703//1703 1791//1791 1786//1786
f 1785//1785 1786//1786 1791//1791 1790//1790
f 1702//1702 1788//1788 1792//1792 1706//1706
f 1788//1788 1789//1789 1793//1793 1792//1792
f 1703//1703 1707//1707 1796//1796 1791//1791
f 1790//1790 1791//1791 1796//1796 1795//1795
f 1706//1706 1792//1792 1797//1797 1710//1710
f 1710//1710 1797//1797 1798//1798 1711//1711
f 1792//1792 1793//1793 1798//1798 1797//1797
f 1794//1794 1795//1795 1801//1801 1800//1800
f 1707//1707 1713//1713 1802//1802 1796//1796
f 1712//1712 1801//1801 1802//1802 1713//1713
f 1795//1795 1796//1796 1802//1802 1801//1801
f 1711//1711 1798//1798 1803//1803 1715//1715
f 1798//1798 1799//1799 1804//1804 1803//1803
f 1712//1712 1717//1717 1809//1809 1801//1801
f 1716//1716 1808//1808 1809//1809 1717//1717
f 1800//1800 1801//1801 1809//1809 1808//1808
f 1715//1715 1803//1803 1810//1810 1720//1720
f 1720//1720 1810//1810 1811//1811 1721//1721
f 1803//1803 1804//1804 1811//1811 1810//1810
f 1721//1721 1811//1811 1812//1812 1722//1722
f 1804//1804 1805//1805 1812//1812 1811//1811
f 1806//1806 1807//1807 1817//1817 1816//1816
f 1716//1716 1724//1724 1818//1818 1808//1808
f 1723//1723 1817//1817 1818//1818 1724//1724
f 1807//1807 1808//1808 1818//1818 1817//1817
f 1722//1722 1812//1812 1819//1819 1728//1728
f 1728//1728 1819//1819 1820//1820 1729//1729
f 1812//1812 1813//1813 1820//1820 1819//1819
f 1729//1729 1820//1820 1821//1821 1730//1730
f 1813//1813 1814//1814 1821//1821 1820//1820
f 1730//1730 1821//1821 1822//1822 1731//1731
f 1814//1814 1815//1815 1822//1822 1821//1821
f 1731//1731 1822//1822 1823//1823 1732//1732
f 1815//1815 1816//1816 1823//1823 1822//1822
f 1723//1723 1733//1733 1824//1824 1817//1817
f 1732//1732 1823//1823 1824//1824 1733//1733
f 1816//1816 1817//1817 1824//1824 1823//1823
f 1749//1749 1750//1750 1826//1826 1825//1825
f 1756//1756 1757//1757 1828//1828 1827//1827
f 1757//1757 1758//1758 1829//1829 1828//1828
f 1749//1749 1825//1825 1830//1830 1759//1759
f 1758//1758 1759//1759 1830//1830 1829//1829
f 1750//1750 1760//1760 1831//1831 1826//1826
f 1825//1825 1826//1826 1831//1831 1830//1830
f 1760//1760 1761//1761 1832//1832 1831//1831
f 1761//1761 1762//1762 1833//1833 1832//1832
f 1756//1756 1827//1827 1835//1835 1767//1767
f 1766//1766 1767//1767 1835//1835 1834//1834
f 1827//1827 1828//1828 1836//1836 1835//1835
f 1828//1828 1829//1829 1837//1837 1836//1836
f 1829//1829 1830//1830 1838//1838 1837//1837
f 1830//1830 1831//1831 1839//1839 1838//1838
f 1831//1831 1832//1832 1840//1840 1839//1839
f 1762//1762 1768//1768 1841//1841 1833//1833
f 1832//1832 1833//1833 1841//1841 1840//1840
f 1768//1768 1769//1769 1842//1842 1841//1841
f 1766//1766 1834//1834 1843//1843 1773//1773
f 1834//1834 1835//1835 1844//1844 1843//1843
f 1835//1835 1836//1836 1845//1845 1844//1844
f 1836//1836 1837//1837 1846//1846 1845//1845
f 1837//1837 1838//1838 1847//1847 1846//1846
f 1839//1839 1840//1840 1849//1849 1848//1848
f 1840//1840 1841//1841 1850//1850 1849//1849
f 1769//1769 1774//1774 1851//1851 1842//1842
f 1841//1841 1842//1842 1851//1851 1850//1850
f 1774//1774 1775//1775 1852//1852 1851//1851
f 1773//1773 1843//1843 1853//1853 1779//1779
f 1843//1843 1844//1844 1854//1854 1853//1853
f 1844//1844 1845//1845 1855//1855 1854//1854
f 1850//1850 1851//1851 1857//1857 1856//1856
f 1775//1775 1780//1780 1858//1858 1852//1852
f 1851//1851 1852//1852 1858//1858 1857//1857
f 1779//1779 1853//1853 1859//1859 1784//1784
f 1853//1853 1854//1854 1860//1860 1859//1859
f 1854//1854 1855//1855 1861//1861 1860//1860
f 1856//1856 1857//1857 1863//1863 1862//1862
f 1780//1780 1785//1785 1864//1864 1858//1858
f 1857//1857 1858//1858 1864//1864 1863//1863
f 1784//1784 1859//1859 1865//1865 1789//1789
f 1859//1859 1860//1860 1866//1866 1865//1865
f 1862//1862 1863//1863 1869//1869 1868//1868
f 1785//1785 1790//1790 1870//1870 1864//1864
f 1863//1863 1864//1864 1870//1870 1869//1869
f 1789//1789 1865//1865 1871//1871 1793//1793
f 1865//1865 1866//1866 1872//1872 1871//1871
f 1866//1866 1867//1867 1873//1873 1872//1872
f 1868//1868 1869//1869 1877//1877 1876//1876
f 1790//1790 1795//1795 1878//1878 1870//1870
f 1794//1794 1877//1877 1878//1878 1795//1795
f 1869//1869 1870//1870 1878//1878 1877//1877
f 1793//1793 1871//1871 1879//1879 1798//1798
f 1798//1798 1879//1879 1880//1880 1799//1799
f 1871//1871 1872//1872 1880//1880 1879//1879
f 1872//1872 1873//1873 1881//1881 1880//1880
f 1873//1873 1874//1874 1882//1882 1881//1881
f 1875//1875 1876//1876 1886//1886 1885//1885
f 1794//1794 1800//1800 1887//1887 1877//1877
f 1876//1876 1877//1877 1887//1887 1886//1886
f 1799//1799 1880//1880 1888//1888 1804//1804
f 1804//1804 1888//1888 1889//1889 1805//1805
f 1880//1880 1881//1881 1889//1889 1888//1888
f 1881//1881 1882//1882 1890//1890 1889//1889
f 1882//1882 1883//1883 1891//1891 1890//1890
f 1883//1883 1884//1884 1892//1892 1891//1891
f 1884//1884 1885//1885 1893//1893 1892//1892
f 1806//1806 1893//1893 1894//1894 1807//1807
f 1885//1885 1886//1886 1894//1894 1893//1893
f 1800//1800 1808//1808 1895//1895 1887//1887
f 1807//1807 1894//1894 1895//1895 1808//1808
f 1886//1886 1887//1887 1895//1895 1894//1894
f 1805//1805 1889//1889 1896//1896 1812//1812
f 1812//1812 1896//1896 1897//1897 1813//1813
f 1889//1889 1890//1890 1897//1897 1896//1896
f 1813//1813 1897//1897 1898//1898 1814//1814
f 1890//1890 1891//1891 1898//1898 1897//1897
f 1814//1814 1898//1898 1899//1899 1815//1815
f 1891//1891 1892//1892 1899//1899 1898//1898
f 1806//1806 1816//1816 1900//1900 1893//1893
f 1815//1815 1899//1899 1900//1900 1816//1816
f 1892//1892 1893//1893 1900//1900 1899//1899
f 1838//1838 1839//1839 1902//1902 1901//1901
f 1845//1845 1846//1846 1904//1904 1903//1903
f 1838//1838 1901//1901 1905//1905 1847//1847
f 1846//1846 1847//1847 1905//1905 1904//1904
f 1839//1839 1848//1848 1906//1906 1902//1902
f 1901//1901 1902//1902 1906//1906 1905//1905
f 1848//1848 1849//1849 1907//1907 1906//1906
f 1849//1849 1850//1850 1908//1908 1907//1907
f 1845//1845 1903//1903 1909//1909 1855//1855
f 1903//1903 1904//1904 1910//1910 1909//1909
f 1904//1904 1905//1905 1911//1911 1910//1910
f 1905//1905 1906//1906 1912//1912 1911//1911
f 1906//1906 1907//1907 1913//1913 1912//1912
f 1850//1850 1856//1856 1914//1914 1908//1908
f 1907//1907 1908//1908 1914//1914 1913//1913
f 1855//1855 1909//1909 1916//1916 1861//1861
f 1860//1860 1861//1861 1916//1916 1915//1915
f 1909//1909 1910//1910 1917//1917 1916//1916
f 1910//1910 1911//1911 1918//1918 1917//1917
f 1911//1911 1912//1912 1919//1919 1918//1918
f 1912//1912 1913//1913 1920//1920 1919//1919
f 1856//1856 1862//1862 1921//1921 1914//1914
f 1913//1913 1914//1914 1921//1921 1920//1920
f 1860//1860 1915//1915 1922//1922 1866//1866
f 1866//1866 1922//1922 1923//1923 1867//1867
f 1915//1915 1916//1916 1923//1923 1922//1922
f 1916//1916 1917//1917 1924//1924 1923//1923
f 1917//1917 1918//1918 1925//1925 1924//1924
f 1918//1918 1919//1919 1926//1926 1925//1925
f 1919//1919 1920//1920 1927//1927 1926//1926
f 1862//1862 1868//1868 1928//1928 1921//1921
f 1920//1920 1921//1921 1928//1928 1927//1927
f 1867//1867 1923//1923 1929//1929 1873//1873
f 1873//1873 1929//1929 1930//1930 1874//1874
f 1923//1923 1924//1924 1930//1930 1929//1929
f 1924//1924 1925//1925 1931//1931 1930//1930
f 1925//1925 1926//1926 1932//1932 1931//1931
f 1926//1926 1927//1927 1933//1933 1932//1932
f 1868//1868 1876//1876 1934//1934 1928//1928
f 1875//1875 1933//1933 1934//1934 1876//1876
f 1927//1927 1928//1928 1934//1934 1933//1933
f 1874//1874 1930//1930 1935//1935 1882//1882
f 1882//1882 1935//1935 1936//1936 1883//1883
f 1930//1930 1931//1931 1936//1936 1935//1935
f 1883//1883 1936//1936 1937//1937 1884//1884
f 1931//1931 1932//1932 1937//1937 1936//1936
f 1875//1875 1885//1885 1938//1938 1933//1933
f 1884//1884 1937//1937 1938//1938 1885//1885
f 1932//1932 1933//1933 1938//1938 1937//1937
